####
#
# OBJ File Generated by Meshlab
#
####
# Object h.obj
#
# Vertices: 1396
# Faces: 2780
#
####
mtllib ./012349GEO_Geom04_Hemisphere-r01.obj.mtl

vn -0.681833 -0.047757 0.729948
v 0.001041 0.467746 0.000000
vn 0.000000 0.000000 1.000000
v -0.000000 0.500000 0.000000
vn 0.000000 0.000000 1.000000
v 0.000000 0.000000 0.000000
vn -0.000000 -0.998294 0.058388
v 0.500000 0.000000 0.000000
vn -0.036814 -0.683801 0.728740
v 0.478489 0.000463 0.000000
vn -0.087833 -0.676530 0.731158
v 0.435626 0.004161 0.000000
vn -0.145666 -0.666475 0.731159
v 0.393240 0.011531 0.000000
vn -0.646980 -0.216390 0.731158
v 0.025819 0.341404 0.000000
vn -0.663186 -0.159972 0.731158
v 0.013941 0.382754 0.000000
vn -0.674483 -0.102369 0.731158
v 0.005661 0.424972 0.000000
vn -0.202420 -0.651486 0.731158
v 0.351644 0.022517 0.000000
vn -0.257675 -0.631673 0.731158
v 0.311146 0.037038 0.000000
vn -0.311023 -0.607184 0.731158
v 0.272047 0.054986 0.000000
vn -0.362068 -0.578199 0.731158
v 0.234635 0.076230 0.000000
vn -0.410432 -0.544933 0.731158
v 0.199188 0.100610 0.000000
vn -0.455758 -0.507633 0.731158
v 0.165968 0.127948 0.000000
vn -0.497710 -0.466575 0.731158
v 0.135221 0.158040 0.000000
vn -0.535976 -0.422062 0.731159
v 0.107175 0.190664 0.000000
vn -0.570275 -0.374425 0.731158
v 0.082037 0.225579 0.000000
vn -0.600351 -0.324015 0.731158
v 0.059994 0.262524 0.000000
vn -0.625982 -0.271207 0.731159
v 0.041208 0.301229 0.000000
vn 0.663187 -0.159972 0.731158
v 0.986059 0.382754 0.000000
vn 0.646979 -0.216390 0.731159
v 0.974181 0.341404 0.000000
vn 0.000000 0.000000 1.000000
v 1.000000 0.000000 0.000000
vn 0.998288 -0.011077 0.057428
v 1.000000 0.500000 0.000000
vn 0.681833 -0.047756 0.729948
v 0.998959 0.467746 0.000000
vn 0.674483 -0.102369 0.731159
v 0.994339 0.424972 0.000000
vn 0.625983 -0.271207 0.731158
v 0.958792 0.301229 0.000000
vn 0.600351 -0.324015 0.731158
v 0.940006 0.262524 0.000000
vn 0.570275 -0.374425 0.731158
v 0.917963 0.225579 0.000000
vn 0.535976 -0.422062 0.731159
v 0.892825 0.190664 0.000000
vn 0.497710 -0.466576 0.731158
v 0.864779 0.158040 0.000000
vn 0.455758 -0.507633 0.731159
v 0.834032 0.127948 0.000000
vn 0.410433 -0.544934 0.731158
v 0.800812 0.100610 0.000000
vn 0.362068 -0.578199 0.731158
v 0.765365 0.076230 0.000000
vn 0.311023 -0.607183 0.731159
v 0.727953 0.054986 0.000000
vn 0.257675 -0.631673 0.731158
v 0.688854 0.037038 0.000000
vn 0.202420 -0.651485 0.731159
v 0.648356 0.022517 0.000000
vn 0.145666 -0.666475 0.731158
v 0.606760 0.011531 0.000000
vn 0.087833 -0.676530 0.731158
v 0.564374 0.004161 0.000000
vn 0.036814 -0.683801 0.728740
v 0.521511 0.000463 0.000000
vn 0.000000 0.997639 0.068675
v 0.500000 1.000000 0.000000
vn 0.058646 0.679682 0.731158
v 0.542982 0.998149 0.000000
vn 0.000000 0.000000 1.000000
v 1.000000 1.000000 0.000000
vn 0.116858 0.672125 0.731158
v 0.585647 0.992610 0.000000
vn 0.174204 0.659591 0.731158
v 0.627677 0.983424 0.000000
vn 0.336857 0.593240 0.731159
v 0.746888 0.934795 0.000000
vn 0.386609 0.562087 0.731158
v 0.783351 0.911961 0.000000
vn 0.433497 0.526771 0.731158
v 0.817716 0.886078 0.000000
vn 0.230261 0.642174 0.731158
v 0.668761 0.970659 0.000000
vn 0.284612 0.620002 0.731159
v 0.708597 0.954409 0.000000
vn 0.477176 0.487556 0.731159
v 0.849729 0.857337 0.000000
vn 0.517322 0.444730 0.731158
v 0.879153 0.825949 0.000000
vn 0.553638 0.398613 0.731159
v 0.905770 0.792149 0.000000
vn 0.637072 0.244024 0.731158
v 0.966919 0.678849 0.000000
vn 0.655690 0.188356 0.731158
v 0.980565 0.638048 0.000000
vn 0.669455 0.131292 0.731158
v 0.990653 0.596226 0.000000
vn 0.678263 0.073256 0.731158
v 0.997109 0.553691 0.000000
vn 0.685586 0.025821 0.727534
v 0.999884 0.510758 0.000000
vn 0.585855 0.349544 0.731158
v 0.929382 0.756186 0.000000
vn 0.613735 0.297887 0.731159
v 0.949815 0.718326 0.000000
vn -0.678263 0.073256 0.731159
v 0.002891 0.553691 0.000000
vn 0.000000 0.000000 1.000000
v -0.000000 1.000000 0.000000
vn -0.685586 0.025821 0.727534
v 0.000116 0.510758 0.000000
vn -0.637071 0.244025 0.731158
v 0.033081 0.678849 0.000000
vn -0.613735 0.297887 0.731158
v 0.050185 0.718326 0.000000
vn -0.230261 0.642174 0.731158
v 0.331239 0.970659 0.000000
vn -0.174204 0.659591 0.731158
v 0.372323 0.983424 0.000000
vn -0.116858 0.672125 0.731158
v 0.414353 0.992610 0.000000
vn -0.058646 0.679682 0.731158
v 0.457018 0.998149 0.000000
vn -0.669455 0.131292 0.731158
v 0.009347 0.596226 0.000000
vn -0.655690 0.188356 0.731158
v 0.019435 0.638048 0.000000
vn -0.585855 0.349544 0.731158
v 0.070618 0.756186 0.000000
vn -0.553638 0.398613 0.731158
v 0.094230 0.792149 0.000000
vn -0.517322 0.444730 0.731158
v 0.120847 0.825949 0.000000
vn -0.477176 0.487556 0.731158
v 0.150271 0.857337 0.000000
vn -0.433497 0.526771 0.731158
v 0.182284 0.886078 0.000000
vn -0.386608 0.562087 0.731158
v 0.216649 0.911961 0.000000
vn -0.336857 0.593240 0.731159
v 0.253112 0.934795 0.000000
vn -0.284613 0.620002 0.731158
v 0.291403 0.954409 0.000000
vn -0.985308 -0.149544 0.082486
v 0.007350 0.425229 0.041290
vn -0.994342 -0.065419 0.083697
v 0.002746 0.467856 0.041290
vn 0.000000 -0.000000 1.000000
v 0.500000 0.500000 0.500000
vn -0.007196 0.083393 0.996491
v 0.496451 0.541137 0.498292
vn -0.014338 0.082466 0.996491
v 0.492927 0.540679 0.498292
vn 0.000000 0.083704 0.996491
v 0.500000 0.541290 0.498292
vn -0.028252 0.078792 0.996491
v 0.486064 0.538867 0.498292
vn -0.034921 0.076071 0.996491
v 0.482774 0.537525 0.498292
vn -0.021374 0.080929 0.996491
v 0.489457 0.539921 0.498292
vn -0.047435 0.068965 0.996491
v 0.476601 0.534020 0.498292
vn -0.053188 0.064632 0.996491
v 0.473763 0.531882 0.498292
vn -0.041330 0.072788 0.996491
v 0.479612 0.535905 0.498292
vn -0.063473 0.054566 0.996491
v 0.468690 0.526917 0.498292
vn -0.067928 0.048908 0.996491
v 0.466492 0.524125 0.498292
vn -0.058547 0.059821 0.996491
v 0.471120 0.529509 0.498292
vn -0.075302 0.036549 0.996491
v 0.462855 0.518029 0.498292
vn -0.078165 0.029940 0.996491
v 0.461442 0.514769 0.498292
vn -0.071881 0.042888 0.996491
v 0.464542 0.521156 0.498292
vn -0.082139 0.016109 0.996491
v 0.459482 0.507946 0.498292
vn -0.083219 0.008988 0.996491
v 0.458949 0.504434 0.498292
vn -0.080450 0.023110 0.996491
v 0.460315 0.511400 0.498292
vn -0.083529 -0.005400 0.996491
v 0.458796 0.497336 0.498292
vn -0.082756 -0.012560 0.996491
v 0.459178 0.493804 0.498292
vn -0.083684 0.001801 0.996491
v 0.458720 0.500888 0.498292
vn 0.010777 -0.083007 0.996491
v 0.505316 0.459054 0.498292
vn 0.017872 -0.081773 0.996491
v 0.508816 0.459663 0.498292
vn 0.031616 -0.077503 0.996491
v 0.515595 0.461769 0.498292
vn 0.038161 -0.074498 0.996491
v 0.518824 0.463251 0.498292
vn 0.024836 -0.079934 0.996491
v 0.512251 0.460570 0.498292
vn 0.050358 -0.066861 0.996491
v 0.524841 0.467019 0.498292
vn 0.055919 -0.062284 0.996491
v 0.527584 0.469276 0.498292
vn 0.044424 -0.070942 0.996491
v 0.521914 0.465005 0.498292
vn 0.065762 -0.051785 0.996491
v 0.532439 0.474455 0.498292
vn 0.069970 -0.045940 0.996491
v 0.534515 0.477338 0.498292
vn 0.061066 -0.057246 0.996491
v 0.530123 0.471761 0.498292
vn 0.076805 -0.033275 0.996491
v 0.537887 0.483586 0.498292
vn 0.079381 -0.026550 0.996491
v 0.539158 0.486903 0.498292
vn 0.073660 -0.039755 0.996491
v 0.536335 0.480389 0.498292
vn 0.082756 -0.012560 0.996491
v 0.540822 0.493804 0.498292
vn 0.083529 -0.005400 0.996491
v 0.541204 0.497336 0.498292
vn 0.081370 -0.019628 0.996491
v 0.540138 0.490318 0.498292
vn 0.083219 0.008988 0.996491
v 0.541051 0.504434 0.498292
vn 0.082139 0.016109 0.996491
v 0.540518 0.507946 0.498292
vn 0.083684 0.001801 0.996491
v 0.541280 0.500888 0.498292
vn 0.078166 0.029940 0.996491
v 0.538558 0.514769 0.498292
vn 0.075302 0.036549 0.996491
v 0.537145 0.518029 0.498292
vn 0.080450 0.023110 0.996491
v 0.539685 0.511400 0.498292
vn 0.067928 0.048908 0.996491
v 0.533508 0.524125 0.498292
vn 0.063473 0.054566 0.996491
v 0.531310 0.526917 0.498292
vn 0.071882 0.042887 0.996491
v 0.535458 0.521156 0.498292
vn 0.053188 0.064632 0.996491
v 0.526237 0.531882 0.498292
vn 0.047435 0.068965 0.996491
v 0.523399 0.534020 0.498292
vn 0.058547 0.059821 0.996491
v 0.528880 0.529509 0.498292
vn 0.034921 0.076071 0.996491
v 0.517226 0.537525 0.498292
vn 0.028252 0.078792 0.996491
v 0.513936 0.538867 0.498292
vn 0.041330 0.072788 0.996491
v 0.520388 0.535905 0.498292
vn 0.014338 0.082466 0.996491
v 0.507073 0.540679 0.498292
vn 0.007196 0.083393 0.996491
v 0.503549 0.541137 0.498292
vn 0.021373 0.080928 0.996491
v 0.510543 0.539921 0.498292
vn 0.035379 -0.161874 0.986177
v 0.517572 0.419601 0.493181
vn 0.049164 -0.158234 0.986177
v 0.524419 0.421409 0.493181
vn 0.062584 -0.153422 0.986177
v 0.531084 0.423799 0.493181
vn 0.075542 -0.147473 0.986177
v 0.537520 0.426753 0.493181
vn 0.087939 -0.140434 0.986177
v 0.543678 0.430250 0.493181
vn 0.099686 -0.132354 0.986177
v 0.549512 0.434263 0.493181
vn 0.110695 -0.123295 0.986177
v 0.554980 0.438762 0.493181
vn 0.120885 -0.113322 0.986177
v 0.560041 0.443715 0.493181
vn 0.130178 -0.102511 0.986177
v 0.564657 0.449085 0.493181
vn 0.138509 -0.090941 0.986177
v 0.568794 0.454832 0.493181
vn 0.145814 -0.078697 0.986177
v 0.572423 0.460913 0.493181
vn 0.152040 -0.065871 0.986177
v 0.575515 0.467283 0.493181
vn 0.157139 -0.052557 0.986177
v 0.578048 0.473896 0.493181
vn 0.161076 -0.038854 0.986177
v 0.580003 0.480702 0.493181
vn 0.163819 -0.024863 0.986177
v 0.581365 0.487651 0.493181
vn 0.165350 -0.010689 0.986177
v 0.582126 0.494691 0.493181
vn 0.165657 0.003565 0.986177
v 0.582278 0.501771 0.493181
vn 0.164737 0.017793 0.986177
v 0.581821 0.508837 0.493181
vn 0.162598 0.031888 0.986177
v 0.580759 0.515838 0.493181
vn 0.159255 0.045748 0.986177
v 0.579098 0.522722 0.493181
vn 0.154732 0.059269 0.986177
v 0.576852 0.529438 0.493181
vn 0.149065 0.072351 0.986177
v 0.574037 0.535935 0.493181
vn 0.142293 0.084898 0.986177
v 0.570674 0.542167 0.493181
vn 0.134469 0.096815 0.986177
v 0.566787 0.548086 0.493181
vn 0.125648 0.108017 0.986177
v 0.562407 0.553650 0.493181
vn 0.115897 0.118418 0.986177
v 0.557564 0.558816 0.493181
vn 0.105289 0.127943 0.986177
v 0.552294 0.563546 0.493181
vn 0.093900 0.136520 0.986177
v 0.546638 0.567807 0.493181
vn 0.081816 0.144087 0.986177
v 0.540636 0.571565 0.493181
vn 0.069127 0.150587 0.986177
v 0.534334 0.574793 0.493181
vn 0.055926 0.155972 0.986177
v 0.527777 0.577468 0.493181
vn 0.042311 0.160202 0.986177
v 0.521015 0.579569 0.493181
vn 0.028382 0.163247 0.986177
v 0.514097 0.581081 0.493181
vn 0.014243 0.165082 0.986177
v 0.507075 0.581993 0.493181
vn -0.000000 0.165695 0.986177
v 0.500000 0.582297 0.493181
vn -0.014243 0.165082 0.986177
v 0.492925 0.581993 0.493181
vn -0.028382 0.163247 0.986177
v 0.485903 0.581081 0.493181
vn -0.042311 0.160202 0.986177
v 0.478985 0.579569 0.493181
vn -0.055926 0.155972 0.986177
v 0.472223 0.577468 0.493181
vn -0.069127 0.150587 0.986177
v 0.465666 0.574793 0.493181
vn -0.081816 0.144087 0.986177
v 0.459364 0.571565 0.493181
vn -0.093900 0.136521 0.986177
v 0.453362 0.567807 0.493181
vn -0.105289 0.127943 0.986177
v 0.447706 0.563546 0.493181
vn -0.115897 0.118418 0.986177
v 0.442436 0.558816 0.493181
vn -0.125648 0.108017 0.986177
v 0.437593 0.553650 0.493181
vn -0.134468 0.096815 0.986177
v 0.433213 0.548086 0.493181
vn -0.142293 0.084897 0.986177
v 0.429326 0.542167 0.493181
vn -0.149065 0.072351 0.986177
v 0.425963 0.535935 0.493181
vn -0.154733 0.059269 0.986177
v 0.423148 0.529438 0.493181
vn -0.159255 0.045748 0.986177
v 0.420902 0.522722 0.493181
vn -0.162598 0.031889 0.986177
v 0.419241 0.515838 0.493181
vn -0.164737 0.017793 0.986177
v 0.418179 0.508837 0.493181
vn -0.165657 0.003565 0.986177
v 0.417722 0.501771 0.493181
vn -0.165350 -0.010689 0.986177
v 0.417874 0.494691 0.493181
vn -0.163819 -0.024863 0.986177
v 0.418635 0.487651 0.493181
vn 0.073154 -0.235446 0.969130
v 0.536419 0.382785 0.484700
vn 0.093123 -0.228286 0.969130
v 0.546361 0.386349 0.484700
vn 0.112403 -0.219435 0.969130
v 0.555959 0.390756 0.484700
vn 0.130851 -0.208960 0.969130
v 0.565143 0.395970 0.484700
vn 0.148330 -0.196938 0.969130
v 0.573845 0.401956 0.484700
vn 0.164711 -0.183458 0.969130
v 0.582000 0.408667 0.484700
vn 0.179872 -0.168619 0.969130
v 0.589548 0.416054 0.484700
vn 0.193701 -0.152533 0.969130
v 0.596433 0.424063 0.484700
vn 0.206097 -0.135317 0.969130
v 0.602604 0.432634 0.484700
vn 0.216966 -0.117099 0.969130
v 0.608015 0.441703 0.484700
vn 0.226230 -0.098013 0.969130
v 0.612627 0.451205 0.484700
vn 0.233818 -0.078203 0.969130
v 0.616404 0.461067 0.484700
vn 0.239675 -0.057814 0.969130
v 0.619320 0.471218 0.484700
vn 0.243757 -0.036996 0.969130
v 0.621353 0.481582 0.484700
vn 0.246036 -0.015905 0.969130
v 0.622487 0.492082 0.484700
vn 0.246492 0.005304 0.969130
v 0.622714 0.502641 0.484700
vn 0.245123 0.026475 0.969130
v 0.622033 0.513180 0.484700
vn 0.241940 0.047449 0.969130
v 0.620448 0.523622 0.484700
vn 0.236966 0.068071 0.969130
v 0.617972 0.533889 0.484700
vn 0.230237 0.088190 0.969130
v 0.614622 0.543905 0.484700
vn 0.221803 0.107656 0.969130
v 0.610423 0.553596 0.484700
vn 0.211727 0.126325 0.969130
v 0.605407 0.562890 0.484700
vn 0.200084 0.144058 0.969130
v 0.599611 0.571718 0.484700
vn 0.186960 0.160725 0.969130
v 0.593077 0.580016 0.484700
vn 0.172451 0.176202 0.969130
v 0.585853 0.587721 0.484700
vn 0.156665 0.190375 0.969130
v 0.577995 0.594777 0.484700
vn 0.139719 0.203138 0.969130
v 0.569559 0.601131 0.484700
vn 0.121740 0.214396 0.969130
v 0.560607 0.606736 0.484700
vn 0.102859 0.224068 0.969130
v 0.551207 0.611551 0.484700
vn 0.083216 0.232081 0.969130
v 0.541429 0.615540 0.484700
vn 0.062958 0.238375 0.969130
v 0.531343 0.618674 0.484700
vn 0.042232 0.242905 0.969130
v 0.521025 0.620929 0.484700
vn 0.021194 0.245636 0.969130
v 0.510552 0.622288 0.484700
vn 0.000000 0.246549 0.969130
v 0.500000 0.622743 0.484700
vn -0.021195 0.245636 0.969130
v 0.489448 0.622288 0.484700
vn -0.042232 0.242905 0.969130
v 0.478975 0.620929 0.484700
vn -0.062958 0.238375 0.969130
v 0.468657 0.618674 0.484700
vn -0.083216 0.232081 0.969130
v 0.458572 0.615540 0.484700
vn -0.102859 0.224068 0.969130
v 0.448793 0.611551 0.484700
vn -0.121740 0.214396 0.969130
v 0.439393 0.606736 0.484700
vn -0.139720 0.203138 0.969130
v 0.430441 0.601131 0.484700
vn -0.156665 0.190375 0.969130
v 0.422005 0.594777 0.484700
vn -0.172451 0.176202 0.969130
v 0.414147 0.587721 0.484700
vn -0.186960 0.160725 0.969130
v 0.406923 0.580016 0.484700
vn -0.200084 0.144058 0.969130
v 0.400389 0.571718 0.484700
vn -0.211727 0.126325 0.969130
v 0.394593 0.562890 0.484700
vn -0.221803 0.107656 0.969130
v 0.389577 0.553596 0.484700
vn -0.230237 0.088190 0.969130
v 0.385378 0.543905 0.484700
vn -0.236966 0.068072 0.969130
v 0.382028 0.533889 0.484700
vn -0.241940 0.047449 0.969130
v 0.379552 0.523622 0.484700
vn -0.245123 0.026475 0.969130
v 0.377967 0.513180 0.484700
vn -0.246492 0.005305 0.969130
v 0.377286 0.502641 0.484700
vn -0.246035 -0.015905 0.969130
v 0.377513 0.492082 0.484700
vn -0.243757 -0.036996 0.969130
v 0.378647 0.481582 0.484700
vn 0.123024 -0.301585 0.945469
v 0.561321 0.349676 0.472909
vn 0.148494 -0.289892 0.945469
v 0.574016 0.355504 0.472909
vn 0.172865 -0.276054 0.945469
v 0.586164 0.362402 0.472909
vn 0.195956 -0.260172 0.945469
v 0.597674 0.370318 0.472909
vn 0.217596 -0.242363 0.945469
v 0.608460 0.379195 0.472909
vn 0.237625 -0.222760 0.945469
v 0.618443 0.388966 0.472909
vn 0.255895 -0.201508 0.945469
v 0.627550 0.399559 0.472909
vn 0.272271 -0.178765 0.945469
v 0.635712 0.410895 0.472909
vn 0.286630 -0.154697 0.945469
v 0.642870 0.422892 0.472909
vn 0.298868 -0.129484 0.945469
v 0.648969 0.435459 0.472909
vn 0.308892 -0.103313 0.945469
v 0.653966 0.448504 0.472909
vn 0.316630 -0.076377 0.945469
v 0.657823 0.461930 0.472909
vn 0.322024 -0.048874 0.945469
v 0.660512 0.475639 0.472909
vn 0.325033 -0.021011 0.945469
v 0.662012 0.489527 0.472909
vn 0.325636 0.007008 0.945469
v 0.662312 0.503493 0.472909
vn 0.323828 0.034975 0.945469
v 0.661411 0.517433 0.472909
vn 0.319623 0.062683 0.945469
v 0.659315 0.531244 0.472909
vn 0.313051 0.089928 0.945469
v 0.656039 0.544824 0.472909
vn 0.304161 0.116507 0.945469
v 0.651608 0.558072 0.472909
vn 0.293020 0.142223 0.945469
v 0.646055 0.570890 0.472909
vn 0.279710 0.166885 0.945469
v 0.639420 0.583183 0.472909
vn 0.264328 0.190312 0.945469
v 0.631753 0.594861 0.472909
vn 0.246989 0.212331 0.945469
v 0.623111 0.605836 0.472909
vn 0.227822 0.232777 0.945469
v 0.613557 0.616027 0.472909
vn 0.206968 0.251501 0.945469
v 0.603162 0.625359 0.472909
vn 0.184581 0.268361 0.945469
v 0.592004 0.633764 0.472909
vn 0.160828 0.283235 0.945469
v 0.580164 0.641178 0.472909
vn 0.135885 0.296012 0.945469
v 0.567731 0.647546 0.472909
vn 0.109935 0.306598 0.945469
v 0.554797 0.652823 0.472909
vn 0.083171 0.314914 0.945469
v 0.541457 0.656967 0.472909
vn 0.055793 0.320898 0.945469
v 0.527809 0.659950 0.472909
vn 0.028000 0.324506 0.945469
v 0.513956 0.661749 0.472909
vn 0.000000 0.325712 0.945469
v 0.500000 0.662350 0.472909
vn -0.028000 0.324506 0.945469
v 0.486044 0.661749 0.472909
vn -0.055793 0.320897 0.945469
v 0.472191 0.659950 0.472909
vn -0.083171 0.314914 0.945469
v 0.458543 0.656967 0.472909
vn -0.109935 0.306598 0.945469
v 0.445203 0.652823 0.472909
vn -0.135885 0.296012 0.945469
v 0.432269 0.647546 0.472909
vn -0.160828 0.283235 0.945469
v 0.419836 0.641178 0.472909
vn -0.184581 0.268361 0.945469
v 0.407996 0.633764 0.472909
vn -0.206968 0.251501 0.945469
v 0.396838 0.625359 0.472909
vn -0.227822 0.232777 0.945469
v 0.386443 0.616027 0.472909
vn -0.246989 0.212331 0.945469
v 0.376889 0.605836 0.472909
vn -0.264328 0.190313 0.945469
v 0.368247 0.594861 0.472909
vn -0.279709 0.166885 0.945469
v 0.360580 0.583183 0.472909
vn -0.293020 0.142222 0.945469
v 0.353945 0.570890 0.472909
vn -0.304162 0.116507 0.945469
v 0.348392 0.558072 0.472909
vn -0.313051 0.089928 0.945469
v 0.343961 0.544824 0.472909
vn -0.319623 0.062684 0.945469
v 0.340685 0.531244 0.472909
vn -0.323828 0.034975 0.945469
v 0.338589 0.517433 0.472909
vn -0.325636 0.007008 0.945469
v 0.337688 0.503493 0.472909
vn -0.325033 -0.021011 0.945469
v 0.337988 0.489527 0.472909
vn -0.322024 -0.048875 0.945469
v 0.339488 0.475639 0.472909
vn 0.183568 -0.358365 0.915357
v 0.591568 0.321240 0.457887
vn 0.213695 -0.341258 0.915357
v 0.606596 0.329773 0.457887
vn 0.242240 -0.321624 0.915357
v 0.620835 0.339567 0.457887
vn 0.268992 -0.299609 0.915357
v 0.634179 0.350548 0.457887
vn 0.293752 -0.275376 0.915357
v 0.646530 0.362636 0.457887
vn 0.316337 -0.249104 0.915357
v 0.657796 0.375741 0.457887
vn 0.336580 -0.220988 0.915357
v 0.667894 0.389766 0.457887
vn 0.354331 -0.191236 0.915357
v 0.676748 0.404607 0.457887
vn 0.369460 -0.160068 0.915357
v 0.684295 0.420154 0.457887
vn 0.381852 -0.127715 0.915357
v 0.690476 0.436293 0.457887
vn 0.391418 -0.094417 0.915357
v 0.695248 0.452903 0.457887
vn 0.398085 -0.060419 0.915357
v 0.698574 0.469862 0.457887
vn 0.401805 -0.025974 0.915357
v 0.700429 0.487044 0.457887
vn 0.402551 0.008663 0.915357
v 0.700801 0.504321 0.457887
vn 0.400316 0.043236 0.915357
v 0.699686 0.521567 0.457887
vn 0.395117 0.077490 0.915357
v 0.697093 0.538653 0.457887
vn 0.386993 0.111169 0.915357
v 0.693041 0.555453 0.457887
vn 0.376004 0.144025 0.915357
v 0.687559 0.571843 0.457887
vn 0.362231 0.175815 0.915357
v 0.680689 0.587700 0.457887
vn 0.345776 0.206303 0.915357
v 0.672481 0.602909 0.457887
vn 0.326762 0.235264 0.915357
v 0.662996 0.617355 0.457887
vn 0.305328 0.262483 0.915357
v 0.652304 0.630932 0.457887
vn 0.281632 0.287759 0.915357
v 0.640485 0.643541 0.457887
vn 0.255853 0.310904 0.915357
v 0.627625 0.655086 0.457887
vn 0.228179 0.331748 0.915357
v 0.613821 0.665483 0.457887
vn 0.198816 0.350135 0.915357
v 0.599174 0.674655 0.457887
vn 0.167980 0.365930 0.915357
v 0.583792 0.682534 0.457887
vn 0.135902 0.379016 0.915357
v 0.567791 0.689061 0.457887
vn 0.102817 0.389295 0.915357
v 0.551287 0.694189 0.457887
vn 0.068970 0.396693 0.915357
v 0.534404 0.697879 0.457887
vn 0.034613 0.401154 0.915357
v 0.517266 0.700104 0.457887
vn -0.000000 0.402644 0.915357
v 0.500000 0.700848 0.457887
vn -0.034613 0.401154 0.915357
v 0.482734 0.700104 0.457887
vn -0.068970 0.396693 0.915357
v 0.465596 0.697879 0.457887
vn -0.102817 0.389295 0.915357
v 0.448713 0.694189 0.457887
vn -0.135902 0.379016 0.915357
v 0.432209 0.689061 0.457887
vn -0.167981 0.365930 0.915357
v 0.416208 0.682534 0.457887
vn -0.198816 0.350135 0.915357
v 0.400826 0.674655 0.457887
vn -0.228179 0.331748 0.915357
v 0.386179 0.665483 0.457887
vn -0.255853 0.310904 0.915357
v 0.372375 0.655086 0.457887
vn -0.281633 0.287759 0.915357
v 0.359515 0.643541 0.457887
vn -0.305327 0.262483 0.915357
v 0.347696 0.630932 0.457887
vn -0.326762 0.235264 0.915357
v 0.337004 0.617355 0.457887
vn -0.345776 0.206304 0.915357
v 0.327519 0.602909 0.457887
vn -0.362231 0.175815 0.915357
v 0.319311 0.587700 0.457887
vn -0.376004 0.144025 0.915357
v 0.312441 0.571843 0.457887
vn -0.386993 0.111169 0.915357
v 0.306959 0.555453 0.457887
vn -0.395117 0.077489 0.915357
v 0.302907 0.538653 0.457887
vn -0.400316 0.043237 0.915357
v 0.300314 0.521567 0.457887
vn -0.402551 0.008663 0.915357
v 0.299199 0.504321 0.457887
vn -0.401805 -0.025974 0.915357
v 0.299571 0.487044 0.457887
vn -0.398085 -0.060419 0.915357
v 0.301426 0.469862 0.457887
vn 0.253064 -0.404126 0.879000
v 0.626300 0.298308 0.439737
vn 0.286868 -0.380876 0.879000
v 0.643171 0.309912 0.439737
vn 0.318548 -0.354805 0.879000
v 0.658982 0.322923 0.439737
vn 0.347869 -0.326108 0.879000
v 0.673616 0.337245 0.439737
vn 0.374615 -0.294996 0.879000
v 0.686964 0.352772 0.439737
vn 0.398587 -0.261701 0.879000
v 0.698928 0.369390 0.439737
vn 0.419609 -0.226467 0.879000
v 0.709420 0.386974 0.439737
vn 0.437524 -0.189557 0.879000
v 0.718361 0.405395 0.439737
vn 0.452200 -0.151244 0.879000
v 0.725685 0.424517 0.439737
vn 0.463527 -0.111811 0.879000
v 0.731339 0.444197 0.439737
vn 0.471423 -0.071550 0.879000
v 0.735279 0.464291 0.439737
vn 0.475829 -0.030759 0.879000
v 0.737478 0.484649 0.439737
vn 0.476712 0.010259 0.879000
v 0.737919 0.505120 0.439737
vn 0.474065 0.051202 0.879000
v 0.736598 0.525554 0.439737
vn 0.467909 0.091765 0.879000
v 0.733525 0.545798 0.439737
vn 0.458288 0.131649 0.879000
v 0.728724 0.565704 0.439737
vn 0.445274 0.170558 0.879000
v 0.722229 0.585123 0.439737
vn 0.428964 0.208205 0.879000
v 0.714088 0.603912 0.439737
vn 0.409477 0.244310 0.879000
v 0.704363 0.621931 0.439737
vn 0.386960 0.278606 0.879000
v 0.693125 0.639048 0.439737
vn 0.361577 0.310840 0.879000
v 0.680457 0.655135 0.439737
vn 0.333517 0.340772 0.879000
v 0.666453 0.670073 0.439737
vn 0.302988 0.368181 0.879000
v 0.651216 0.683753 0.439737
vn 0.270216 0.392865 0.879000
v 0.634860 0.696072 0.439737
vn 0.235443 0.414639 0.879000
v 0.617506 0.706939 0.439737
vn 0.198927 0.433344 0.879000
v 0.599281 0.716275 0.439737
vn 0.160938 0.448841 0.879000
v 0.580322 0.724009 0.439737
vn 0.121759 0.461014 0.879000
v 0.560767 0.730084 0.439737
vn 0.081676 0.469775 0.879000
v 0.540763 0.734456 0.439737
vn 0.040990 0.475057 0.879000
v 0.520457 0.737093 0.439737
vn -0.000000 0.476822 0.879000
v 0.500000 0.737974 0.439737
vn -0.040990 0.475057 0.879000
v 0.479543 0.737093 0.439737
vn -0.081676 0.469775 0.879000
v 0.459237 0.734456 0.439737
vn -0.121758 0.461014 0.879000
v 0.439233 0.730084 0.439737
vn -0.160939 0.448841 0.879000
v 0.419678 0.724009 0.439737
vn -0.198927 0.433344 0.879000
v 0.400719 0.716275 0.439737
vn -0.235443 0.414639 0.879000
v 0.382494 0.706939 0.439737
vn -0.270216 0.392865 0.879000
v 0.365140 0.696072 0.439737
vn -0.302988 0.368181 0.879000
v 0.348784 0.683753 0.439737
vn -0.333517 0.340772 0.879000
v 0.333547 0.670073 0.439737
vn -0.361577 0.310840 0.879000
v 0.319543 0.655135 0.439737
vn -0.386960 0.278606 0.879000
v 0.306875 0.639048 0.439737
vn -0.409478 0.244310 0.879000
v 0.295637 0.621931 0.439737
vn -0.428964 0.208205 0.879000
v 0.285912 0.603912 0.439737
vn -0.445274 0.170559 0.879000
v 0.277771 0.585123 0.439737
vn -0.458288 0.131649 0.879000
v 0.271276 0.565704 0.439737
vn -0.467909 0.091765 0.879000
v 0.266475 0.545798 0.439737
vn -0.474065 0.051202 0.879000
v 0.263402 0.525554 0.439737
vn -0.476712 0.010259 0.879000
v 0.262081 0.505120 0.439737
vn -0.475829 -0.030759 0.879000
v 0.262522 0.484649 0.439737
vn -0.471423 -0.071550 0.879000
v 0.264721 0.464291 0.439737
vn 0.329534 -0.437524 0.836648
v 0.664529 0.281555 0.418583
vn 0.365926 -0.407576 0.836648
v 0.682698 0.296507 0.418583
vn 0.399608 -0.374611 0.836648
v 0.699515 0.312966 0.418583
vn 0.430332 -0.338871 0.836648
v 0.714855 0.330809 0.418583
vn 0.457870 -0.300624 0.836648
v 0.728604 0.349906 0.418583
vn 0.482019 -0.260150 0.836648
v 0.740661 0.370113 0.418583
vn 0.502598 -0.217750 0.836648
v 0.750935 0.391282 0.418583
vn 0.519456 -0.173739 0.836648
v 0.759352 0.413256 0.418583
vn 0.532468 -0.128440 0.836648
v 0.765849 0.435873 0.418583
vn 0.541539 -0.082191 0.836648
v 0.770378 0.458964 0.418583
vn 0.546600 -0.035334 0.836648
v 0.772904 0.482359 0.418583
vn 0.547614 0.011785 0.836648
v 0.773411 0.505884 0.418583
vn 0.544573 0.058818 0.836648
v 0.771893 0.529366 0.418583
vn 0.537501 0.105414 0.836648
v 0.768362 0.552631 0.418583
vn 0.526450 0.151230 0.836648
v 0.762844 0.575505 0.418583
vn 0.511501 0.195926 0.836648
v 0.755380 0.597821 0.418583
vn 0.492765 0.239171 0.836648
v 0.746026 0.619413 0.418583
vn 0.470380 0.280647 0.836648
v 0.734850 0.640120 0.418583
vn 0.444513 0.320044 0.836648
v 0.721935 0.659790 0.418583
vn 0.415354 0.357072 0.836648
v 0.707377 0.678277 0.418583
vn 0.383122 0.391455 0.836648
v 0.691284 0.695445 0.418583
vn 0.348052 0.422941 0.836648
v 0.673774 0.711165 0.418583
vn 0.310405 0.451296 0.836648
v 0.654978 0.725322 0.418583
vn 0.270461 0.476309 0.836648
v 0.635035 0.737810 0.418583
vn 0.228514 0.497796 0.836648
v 0.614092 0.748538 0.418583
vn 0.184875 0.515597 0.836648
v 0.592304 0.757426 0.418583
vn 0.139867 0.529582 0.836648
v 0.569833 0.764408 0.418583
vn 0.093824 0.539645 0.836648
v 0.546844 0.769432 0.418583
vn 0.047086 0.545713 0.836648
v 0.523509 0.772462 0.418583
vn -0.000000 0.547740 0.836648
v 0.500000 0.773474 0.418583
vn -0.047086 0.545713 0.836648
v 0.476491 0.772462 0.418583
vn -0.093824 0.539645 0.836648
v 0.453156 0.769432 0.418583
vn -0.139867 0.529582 0.836648
v 0.430167 0.764408 0.418583
vn -0.184875 0.515598 0.836648
v 0.407696 0.757426 0.418583
vn -0.228514 0.497796 0.836648
v 0.385908 0.748538 0.418583
vn -0.270461 0.476309 0.836648
v 0.364965 0.737810 0.418583
vn -0.310405 0.451296 0.836648
v 0.345022 0.725322 0.418583
vn -0.348052 0.422941 0.836648
v 0.326226 0.711165 0.418583
vn -0.383122 0.391455 0.836648
v 0.308716 0.695445 0.418583
vn -0.415355 0.357071 0.836648
v 0.292623 0.678277 0.418583
vn -0.444513 0.320044 0.836648
v 0.278065 0.659790 0.418583
vn -0.470380 0.280647 0.836648
v 0.265150 0.640120 0.418583
vn -0.492764 0.239171 0.836648
v 0.253974 0.619413 0.418583
vn -0.511500 0.195926 0.836648
v 0.244620 0.597821 0.418583
vn -0.526450 0.151230 0.836648
v 0.237156 0.575505 0.418583
vn -0.537501 0.105414 0.836648
v 0.231638 0.552631 0.418583
vn -0.544573 0.058817 0.836648
v 0.228107 0.529366 0.418583
vn -0.547614 0.011785 0.836648
v 0.226589 0.505884 0.418583
vn -0.546600 -0.035334 0.836648
v 0.227096 0.482359 0.418583
vn -0.541539 -0.082191 0.836648
v 0.229622 0.458964 0.418583
vn 0.410804 -0.457562 0.788592
v 0.705167 0.271481 0.394570
vn 0.448617 -0.420554 0.788592
v 0.724052 0.289964 0.394570
vn 0.483109 -0.380431 0.788592
v 0.741278 0.310002 0.394570
vn 0.514025 -0.337493 0.788592
v 0.756718 0.331447 0.394570
vn 0.541134 -0.292055 0.788592
v 0.770257 0.354140 0.394570
vn 0.564237 -0.244455 0.788592
v 0.781796 0.377912 0.394570
vn 0.583163 -0.195047 0.788592
v 0.791248 0.402589 0.394570
vn 0.597772 -0.144193 0.788592
v 0.798544 0.427986 0.394570
vn 0.607954 -0.092271 0.788592
v 0.803629 0.453917 0.394570
vn 0.613636 -0.039667 0.788592
v 0.806467 0.480189 0.394570
vn 0.614775 0.013230 0.788592
v 0.807035 0.506608 0.394570
vn 0.611361 0.066031 0.788592
v 0.805331 0.532978 0.394570
vn 0.603422 0.118342 0.788592
v 0.801365 0.559103 0.394570
vn 0.591015 0.169777 0.788592
v 0.795169 0.584791 0.394570
vn 0.574232 0.219955 0.788592
v 0.786787 0.609851 0.394570
vn 0.553198 0.268504 0.788592
v 0.776282 0.634098 0.394570
vn 0.528068 0.315066 0.788592
v 0.763732 0.657353 0.394570
vn 0.499029 0.359295 0.788592
v 0.749229 0.679442 0.394570
vn 0.466295 0.400863 0.788592
v 0.732881 0.700202 0.394570
vn 0.430109 0.439464 0.788592
v 0.714808 0.719481 0.394570
vn 0.390738 0.474812 0.788592
v 0.695145 0.737134 0.394570
vn 0.348474 0.506644 0.788592
v 0.674038 0.753032 0.394570
vn 0.303631 0.534725 0.788592
v 0.651642 0.767056 0.394570
vn 0.256540 0.558847 0.788592
v 0.628123 0.779104 0.394570
vn 0.207549 0.578832 0.788592
v 0.603655 0.789085 0.394570
vn 0.157021 0.594531 0.788592
v 0.578421 0.796925 0.394570
vn 0.105331 0.605829 0.788592
v 0.552605 0.802567 0.394570
vn 0.052861 0.612640 0.788592
v 0.526400 0.805969 0.394570
vn 0.000000 0.614917 0.788592
v 0.500000 0.807106 0.394570
vn -0.052861 0.612640 0.788592
v 0.473600 0.805969 0.394570
vn -0.105331 0.605829 0.788592
v 0.447395 0.802567 0.394570
vn -0.157021 0.594531 0.788592
v 0.421579 0.796925 0.394570
vn -0.207548 0.578832 0.788592
v 0.396345 0.789085 0.394570
vn -0.256540 0.558847 0.788592
v 0.371877 0.779104 0.394570
vn -0.303631 0.534725 0.788592
v 0.348358 0.767056 0.394570
vn -0.348474 0.506644 0.788592
v 0.325962 0.753032 0.394570
vn -0.390738 0.474812 0.788592
v 0.304855 0.737134 0.394570
vn -0.430109 0.439465 0.788592
v 0.285192 0.719481 0.394570
vn -0.466295 0.400864 0.788592
v 0.267119 0.700202 0.394570
vn -0.499029 0.359294 0.788592
v 0.250771 0.679442 0.394570
vn -0.528068 0.315066 0.788592
v 0.236268 0.657353 0.394570
vn -0.553198 0.268504 0.788592
v 0.223718 0.634098 0.394570
vn -0.574232 0.219955 0.788592
v 0.213213 0.609851 0.394570
vn -0.591015 0.169777 0.788592
v 0.204831 0.584791 0.394570
vn -0.603422 0.118342 0.788592
v 0.198635 0.559103 0.394570
vn -0.611361 0.066031 0.788592
v 0.194669 0.532978 0.394570
vn -0.614774 0.013231 0.788592
v 0.192965 0.506608 0.394570
vn -0.613636 -0.039667 0.788592
v 0.193533 0.480189 0.394570
vn -0.607954 -0.092272 0.788592
v 0.196371 0.453917 0.394570
vn 0.494562 -0.463625 0.735160
v 0.747058 0.268397 0.367862
vn 0.532587 -0.419393 0.735160
v 0.766053 0.290493 0.367862
vn 0.566668 -0.372057 0.735160
v 0.783078 0.314139 0.367862
vn 0.596555 -0.321966 0.735160
v 0.798008 0.339162 0.367862
vn 0.622024 -0.269492 0.735160
v 0.810731 0.365376 0.367862
vn 0.642888 -0.215022 0.735160
v 0.821154 0.392586 0.367862
vn 0.658993 -0.158960 0.735160
v 0.829199 0.420592 0.367862
vn 0.670218 -0.101721 0.735160
v 0.834807 0.449185 0.367862
vn 0.676481 -0.043730 0.735160
v 0.837935 0.478155 0.367862
vn 0.677737 0.014586 0.735160
v 0.838562 0.507286 0.367862
vn 0.673974 0.072793 0.735160
v 0.836683 0.536364 0.367862
vn 0.665221 0.130462 0.735160
v 0.832310 0.565172 0.367862
vn 0.651544 0.187164 0.735160
v 0.825478 0.593498 0.367862
vn 0.633042 0.242481 0.735160
v 0.816235 0.621131 0.367862
vn 0.609854 0.296003 0.735160
v 0.804652 0.647868 0.367862
vn 0.582151 0.347333 0.735160
v 0.790812 0.673510 0.367862
vn 0.550137 0.396092 0.735160
v 0.774820 0.697867 0.367862
vn 0.514050 0.441918 0.735160
v 0.756793 0.720760 0.367862
vn 0.474159 0.484472 0.735160
v 0.736865 0.742018 0.367862
vn 0.430756 0.523440 0.735160
v 0.715183 0.761484 0.367862
vn 0.384163 0.558532 0.735160
v 0.691908 0.779014 0.367862
vn 0.334728 0.589489 0.735160
v 0.667213 0.794478 0.367862
vn 0.282813 0.616082 0.735160
v 0.641279 0.807763 0.367862
vn 0.228804 0.638113 0.735160
v 0.614299 0.818768 0.367862
vn 0.173102 0.655420 0.735160
v 0.586473 0.827414 0.367862
vn 0.116119 0.667874 0.735160
v 0.558007 0.833636 0.367862
vn 0.058275 0.675384 0.735160
v 0.529111 0.837387 0.367862
vn 0.000000 0.677894 0.735160
v 0.500000 0.838641 0.367862
vn -0.058276 0.675384 0.735160
v 0.470889 0.837387 0.367862
vn -0.116119 0.667874 0.735160
v 0.441993 0.833636 0.367862
vn -0.173102 0.655420 0.735160
v 0.413527 0.827414 0.367862
vn -0.228804 0.638113 0.735160
v 0.385701 0.818768 0.367862
vn -0.282813 0.616082 0.735160
v 0.358721 0.807763 0.367862
vn -0.334727 0.589489 0.735160
v 0.332787 0.794478 0.367862
vn -0.384163 0.558532 0.735160
v 0.308092 0.779014 0.367862
vn -0.430756 0.523440 0.735160
v 0.284817 0.761484 0.367862
vn -0.474158 0.484472 0.735160
v 0.263135 0.742018 0.367862
vn -0.514050 0.441918 0.735160
v 0.243207 0.720760 0.367862
vn -0.550137 0.396092 0.735160
v 0.225180 0.697867 0.367862
vn -0.582151 0.347333 0.735160
v 0.209187 0.673510 0.367862
vn -0.609854 0.296003 0.735160
v 0.195348 0.647868 0.367862
vn -0.633042 0.242481 0.735160
v 0.183765 0.621131 0.367862
vn -0.651544 0.187164 0.735160
v 0.174522 0.593498 0.367862
vn -0.665221 0.130462 0.735160
v 0.167690 0.565172 0.367862
vn -0.673974 0.072793 0.735160
v 0.163317 0.536364 0.367862
vn -0.677737 0.014586 0.735160
v 0.161438 0.507286 0.367862
vn -0.676482 -0.043730 0.735160
v 0.162065 0.478155 0.367862
vn -0.670218 -0.101722 0.735160
v 0.165193 0.449185 0.367862
vn 0.578429 -0.455492 0.676718
v 0.789011 0.272414 0.338641
vn 0.615444 -0.404081 0.676718
v 0.807505 0.298102 0.338641
vn 0.647902 -0.349679 0.676718
v 0.823723 0.325284 0.338641
vn 0.675564 -0.292688 0.676718
v 0.837544 0.353759 0.338641
vn 0.698224 -0.233530 0.676718
v 0.848866 0.383317 0.338641
vn 0.715715 -0.172642 0.676718
v 0.857605 0.413740 0.338641
vn 0.727907 -0.110477 0.676718
v 0.863697 0.444800 0.338641
vn 0.734709 -0.047494 0.676718
v 0.867096 0.476270 0.338641
vn 0.736072 0.015841 0.676718
v 0.867777 0.507915 0.338641
vn 0.731985 0.079059 0.676718
v 0.865735 0.539501 0.338641
vn 0.722479 0.141691 0.676718
v 0.860985 0.570796 0.338641
vn 0.707624 0.203274 0.676718
v 0.853563 0.601566 0.338641
vn 0.687530 0.263353 0.676718
v 0.843523 0.631584 0.338641
vn 0.662346 0.321481 0.676718
v 0.830940 0.660627 0.338641
vn 0.632259 0.377229 0.676718
v 0.815907 0.688482 0.338641
vn 0.597490 0.430185 0.676718
v 0.798534 0.714941 0.338641
vn 0.558297 0.479955 0.676718
v 0.778952 0.739809 0.338641
vn 0.514970 0.526173 0.676718
v 0.757304 0.762901 0.338641
vn 0.467832 0.568494 0.676718
v 0.733751 0.784047 0.338641
vn 0.417230 0.606607 0.676718
v 0.708468 0.803090 0.338641
vn 0.363538 0.640229 0.676718
v 0.681641 0.819889 0.338641
vn 0.307156 0.669110 0.676718
v 0.653470 0.834319 0.338641
vn 0.248499 0.693038 0.676718
v 0.624162 0.846275 0.338641
vn 0.188002 0.711834 0.676718
v 0.593935 0.855667 0.338641
vn 0.126113 0.725361 0.676718
v 0.563012 0.862425 0.338641
vn 0.063291 0.733517 0.676718
v 0.531623 0.866500 0.338641
vn 0.000000 0.736243 0.676718
v 0.500000 0.867862 0.338641
vn -0.063291 0.733517 0.676718
v 0.468377 0.866500 0.338641
vn -0.126113 0.725361 0.676718
v 0.436988 0.862425 0.338641
vn -0.188002 0.711834 0.676718
v 0.406065 0.855667 0.338641
vn -0.248499 0.693038 0.676718
v 0.375838 0.846275 0.338641
vn -0.307156 0.669110 0.676718
v 0.346530 0.834319 0.338641
vn -0.363538 0.640229 0.676718
v 0.318359 0.819889 0.338641
vn -0.417230 0.606607 0.676718
v 0.291532 0.803090 0.338641
vn -0.467832 0.568494 0.676718
v 0.266249 0.784047 0.338641
vn -0.514971 0.526173 0.676718
v 0.242696 0.762901 0.338641
vn -0.558297 0.479956 0.676718
v 0.221048 0.739809 0.338641
vn -0.597490 0.430185 0.676718
v 0.201466 0.714941 0.338641
vn -0.632259 0.377229 0.676718
v 0.184093 0.688482 0.338641
vn -0.662346 0.321481 0.676718
v 0.169060 0.660627 0.338641
vn -0.687531 0.263353 0.676718
v 0.156477 0.631584 0.338641
vn -0.707625 0.203274 0.676718
v 0.146437 0.601566 0.338641
vn -0.722479 0.141691 0.676718
v 0.139015 0.570796 0.338641
vn -0.731985 0.079059 0.676718
v 0.134265 0.539501 0.338641
vn -0.736072 0.015841 0.676718
v 0.132223 0.507915 0.338641
vn -0.734709 -0.047494 0.676718
v 0.132904 0.476270 0.338641
vn -0.727906 -0.110477 0.676718
v 0.136303 0.444800 0.338641
vn 0.660019 -0.433348 0.613665
v 0.829831 0.283443 0.307106
vn 0.694829 -0.375006 0.613665
v 0.847227 0.312598 0.307106
vn 0.724494 -0.313887 0.613665
v 0.862051 0.343141 0.307106
vn 0.748795 -0.250444 0.613664
v 0.874195 0.374846 0.307106
vn 0.767552 -0.185146 0.613665
v 0.883569 0.407477 0.307106
vn 0.780627 -0.118478 0.613665
v 0.890103 0.440793 0.307106
vn 0.787922 -0.050934 0.613664
v 0.893748 0.474547 0.307106
vn 0.789384 0.016988 0.613665
v 0.894479 0.508490 0.307106
vn 0.785001 0.084785 0.613665
v 0.892289 0.542369 0.307106
vn 0.774807 0.151953 0.613664
v 0.887194 0.575936 0.307106
vn 0.758876 0.217997 0.613665
v 0.879233 0.608940 0.307106
vn 0.737327 0.282427 0.613665
v 0.868464 0.641137 0.307106
vn 0.710318 0.344766 0.613665
v 0.854968 0.672290 0.307106
vn 0.678051 0.404552 0.613665
v 0.838843 0.702166 0.307106
vn 0.640765 0.461342 0.613665
v 0.820209 0.730547 0.307106
vn 0.598734 0.514718 0.613664
v 0.799205 0.757220 0.307106
vn 0.552269 0.564283 0.613665
v 0.775985 0.781989 0.307106
vn 0.501716 0.609669 0.613665
v 0.750723 0.804670 0.307106
vn 0.447449 0.650542 0.613665
v 0.723604 0.825096 0.307106
vn 0.389868 0.686599 0.613665
v 0.694829 0.843114 0.307106
vn 0.329402 0.717572 0.613665
v 0.664612 0.858592 0.307106
vn 0.266497 0.743233 0.613665
v 0.633177 0.871416 0.307106
vn 0.201619 0.763391 0.613665
v 0.600755 0.881489 0.307106
vn 0.135247 0.777897 0.613665
v 0.567587 0.888739 0.307106
vn 0.067874 0.786644 0.613665
v 0.533919 0.893110 0.307106
vn 0.000000 0.789567 0.613665
v 0.500000 0.894570 0.307106
vn -0.067875 0.786644 0.613665
v 0.466081 0.893110 0.307106
vn -0.135247 0.777897 0.613665
v 0.432413 0.888739 0.307106
vn -0.201619 0.763391 0.613665
v 0.399245 0.881489 0.307106
vn -0.266497 0.743233 0.613665
v 0.366823 0.871416 0.307106
vn -0.329402 0.717572 0.613665
v 0.335388 0.858592 0.307106
vn -0.389869 0.686599 0.613665
v 0.305171 0.843114 0.307106
vn -0.447449 0.650543 0.613664
v 0.276396 0.825096 0.307106
vn -0.501716 0.609669 0.613665
v 0.249277 0.804670 0.307106
vn -0.552269 0.564282 0.613665
v 0.224015 0.781989 0.307106
vn -0.598733 0.514718 0.613665
v 0.200795 0.757220 0.307106
vn -0.640764 0.461342 0.613665
v 0.179791 0.730547 0.307106
vn -0.678051 0.404552 0.613665
v 0.161157 0.702166 0.307106
vn -0.710319 0.344765 0.613665
v 0.145032 0.672290 0.307106
vn -0.737327 0.282427 0.613665
v 0.131536 0.641137 0.307106
vn -0.758876 0.217997 0.613665
v 0.120767 0.608940 0.307106
vn -0.774807 0.151953 0.613665
v 0.112806 0.575936 0.307106
vn -0.785002 0.084785 0.613665
v 0.107711 0.542369 0.307106
vn -0.789384 0.016988 0.613665
v 0.105521 0.508490 0.307106
vn -0.787922 -0.050934 0.613665
v 0.106252 0.474547 0.307106
vn -0.780627 -0.118479 0.613665
v 0.109897 0.440793 0.307106
vn 0.737014 -0.397773 0.546431
v 0.868358 0.301193 0.273474
vn 0.768480 -0.332944 0.546431
v 0.884085 0.333595 0.273474
vn 0.794257 -0.265649 0.546431
v 0.896968 0.367229 0.273474
vn 0.814153 -0.196388 0.546430
v 0.906912 0.401846 0.273474
vn 0.828022 -0.125672 0.546431
v 0.913844 0.437189 0.273474
vn 0.835760 -0.054026 0.546431
v 0.917711 0.472998 0.273474
vn 0.837311 0.018019 0.546431
v 0.918486 0.509006 0.273474
vn 0.832662 0.089933 0.546431
v 0.916163 0.544948 0.273474
vn 0.821848 0.161179 0.546431
v 0.910758 0.580557 0.273474
vn 0.804951 0.231232 0.546430
v 0.902313 0.615570 0.273474
vn 0.782093 0.299574 0.546430
v 0.890889 0.649727 0.273474
vn 0.753445 0.365697 0.546430
v 0.876570 0.682775 0.273474
vn 0.719219 0.429113 0.546431
v 0.859464 0.714470 0.273474
vn 0.679667 0.489352 0.546431
v 0.839697 0.744577 0.273474
vn 0.635085 0.545968 0.546430
v 0.817414 0.772874 0.273474
vn 0.585800 0.598542 0.546430
v 0.792782 0.799150 0.273474
vn 0.532178 0.646685 0.546430
v 0.765981 0.823212 0.273474
vn 0.474616 0.690039 0.546430
v 0.737212 0.844880 0.273474
vn 0.413539 0.728285 0.546430
v 0.706686 0.863996 0.273474
vn 0.349401 0.761139 0.546431
v 0.674630 0.880416 0.273474
vn 0.282677 0.788357 0.546431
v 0.641281 0.894020 0.273474
vn 0.213860 0.809739 0.546430
v 0.606887 0.904706 0.273474
vn 0.143459 0.825126 0.546430
v 0.571700 0.912397 0.273474
vn 0.071996 0.834404 0.546431
v 0.535983 0.917034 0.273474
vn -0.000000 0.837504 0.546431
v 0.500000 0.918583 0.273474
vn -0.071996 0.834404 0.546431
v 0.464017 0.917034 0.273474
vn -0.143459 0.825126 0.546430
v 0.428300 0.912397 0.273474
vn -0.213859 0.809740 0.546430
v 0.393113 0.904706 0.273474
vn -0.282677 0.788357 0.546431
v 0.358719 0.894020 0.273474
vn -0.349402 0.761139 0.546431
v 0.325370 0.880416 0.273474
vn -0.413539 0.728285 0.546431
v 0.293314 0.863996 0.273474
vn -0.474615 0.690039 0.546431
v 0.262788 0.844880 0.273474
vn -0.532177 0.646685 0.546430
v 0.234019 0.823212 0.273474
vn -0.585800 0.598542 0.546430
v 0.207218 0.799150 0.273474
vn -0.635085 0.545968 0.546430
v 0.182586 0.772874 0.273474
vn -0.679668 0.489352 0.546431
v 0.160303 0.744577 0.273474
vn -0.719219 0.429114 0.546431
v 0.140536 0.714470 0.273474
vn -0.753445 0.365697 0.546430
v 0.123430 0.682775 0.273474
vn -0.782093 0.299574 0.546430
v 0.109111 0.649727 0.273474
vn -0.804950 0.231232 0.546431
v 0.097687 0.615570 0.273474
vn -0.821849 0.161179 0.546430
v 0.089242 0.580557 0.273474
vn -0.832662 0.089932 0.546430
v 0.083837 0.544948 0.273474
vn -0.837311 0.018020 0.546430
v 0.081514 0.509006 0.273474
vn -0.835760 -0.054026 0.546431
v 0.082289 0.472998 0.273474
vn -0.828022 -0.125672 0.546431
v 0.086156 0.437189 0.273474
vn 0.807225 -0.349730 0.475474
v 0.903495 0.325186 0.237974
vn 0.834302 -0.279043 0.475475
v 0.917030 0.360519 0.237974
vn 0.855201 -0.206289 0.475474
v 0.927476 0.396885 0.237974
vn 0.869769 -0.132008 0.475474
v 0.934758 0.434015 0.237974
vn 0.877897 -0.056750 0.475474
v 0.938821 0.471633 0.237974
vn 0.879526 0.018928 0.475474
v 0.939635 0.509461 0.237974
vn 0.874643 0.094467 0.475474
v 0.937194 0.547220 0.237974
vn 0.863284 0.169306 0.475475
v 0.931517 0.584628 0.237974
vn 0.845534 0.242891 0.475474
v 0.922644 0.621410 0.237974
vn 0.821524 0.314678 0.475474
v 0.910643 0.657293 0.237974
vn 0.791432 0.384135 0.475474
v 0.895601 0.692012 0.237974
vn 0.755480 0.450748 0.475474
v 0.877630 0.725309 0.237974
vn 0.713935 0.514025 0.475474
v 0.856864 0.756937 0.237974
vn 0.667104 0.573495 0.475474
v 0.833455 0.786664 0.237974
vn 0.615334 0.628719 0.475474
v 0.807578 0.814268 0.237974
vn 0.559009 0.679289 0.475474
v 0.779423 0.839546 0.237974
vn 0.498544 0.724829 0.475474
v 0.749200 0.862309 0.237974
vn 0.434389 0.765004 0.475474
v 0.717131 0.882390 0.237974
vn 0.367018 0.799514 0.475474
v 0.683455 0.899641 0.237974
vn 0.296929 0.828105 0.475474
v 0.648421 0.913932 0.237974
vn 0.224642 0.850565 0.475474
v 0.612288 0.925159 0.237974
vn 0.150692 0.866727 0.475474
v 0.575324 0.933238 0.237974
vn 0.075626 0.876473 0.475474
v 0.537802 0.938109 0.237974
vn 0.000000 0.879730 0.475474
v 0.500000 0.939737 0.237974
vn -0.075626 0.876473 0.475474
v 0.462198 0.938109 0.237974
vn -0.150692 0.866727 0.475474
v 0.424676 0.933238 0.237974
vn -0.224642 0.850565 0.475474
v 0.387712 0.925159 0.237974
vn -0.296929 0.828105 0.475474
v 0.351579 0.913932 0.237974
vn -0.367018 0.799514 0.475474
v 0.316545 0.899641 0.237974
vn -0.434389 0.765004 0.475474
v 0.282869 0.882390 0.237974
vn -0.498544 0.724829 0.475474
v 0.250800 0.862309 0.237974
vn -0.559009 0.679289 0.475474
v 0.220577 0.839546 0.237974
vn -0.615334 0.628719 0.475474
v 0.192422 0.814268 0.237974
vn -0.667104 0.573495 0.475474
v 0.166545 0.786664 0.237974
vn -0.713935 0.514024 0.475474
v 0.143136 0.756937 0.237974
vn -0.755480 0.450748 0.475474
v 0.122370 0.725309 0.237974
vn -0.791432 0.384135 0.475474
v 0.104399 0.692012 0.237974
vn -0.821524 0.314678 0.475474
v 0.089357 0.657293 0.237974
vn -0.845534 0.242891 0.475474
v 0.077356 0.621410 0.237974
vn -0.863284 0.169305 0.475474
v 0.068483 0.584628 0.237974
vn -0.874643 0.094467 0.475474
v 0.062806 0.547220 0.237974
vn -0.879526 0.018928 0.475474
v 0.060365 0.509461 0.237974
vn -0.877897 -0.056750 0.475474
v 0.061179 0.471633 0.237974
vn -0.869769 -0.132008 0.475474
v 0.065242 0.434015 0.237974
vn 0.868657 -0.290533 0.401280
v 0.934242 0.354762 0.200848
vn 0.890417 -0.214784 0.401279
v 0.945120 0.392630 0.200848
vn 0.905585 -0.137444 0.401280
v 0.952702 0.431292 0.200848
vn 0.914048 -0.059087 0.401280
v 0.956933 0.470462 0.200848
vn 0.915744 0.019708 0.401279
v 0.957781 0.509852 0.200848
vn 0.910660 0.098356 0.401279
v 0.955239 0.549168 0.200848
vn 0.898833 0.176277 0.401280
v 0.949327 0.588121 0.200848
vn 0.880352 0.252893 0.401280
v 0.940089 0.626421 0.200848
vn 0.855353 0.327636 0.401280
v 0.927592 0.663785 0.200848
vn 0.824022 0.399953 0.401280
v 0.911929 0.699937 0.200848
vn 0.786590 0.469309 0.401280
v 0.893217 0.734608 0.200848
vn 0.743334 0.535191 0.401280
v 0.871593 0.767542 0.200848
vn 0.694574 0.597111 0.401280
v 0.847218 0.798496 0.200848
vn 0.640673 0.654609 0.401280
v 0.820273 0.827239 0.200848
vn 0.582028 0.707261 0.401280
v 0.790956 0.853560 0.200848
vn 0.519074 0.754677 0.401280
v 0.759485 0.877263 0.200848
vn 0.452276 0.796505 0.401280
v 0.726093 0.898173 0.200848
vn 0.382131 0.832437 0.401280
v 0.691027 0.916135 0.200848
vn 0.309156 0.862205 0.401279
v 0.654547 0.931017 0.200848
vn 0.233892 0.885590 0.401280
v 0.616923 0.942707 0.200848
vn 0.156897 0.902418 0.401280
v 0.578433 0.951119 0.200848
vn 0.078740 0.912565 0.401280
v 0.539362 0.956192 0.200848
vn 0.000000 0.915956 0.401279
v 0.500000 0.957887 0.200848
vn -0.078740 0.912565 0.401279
v 0.460638 0.956192 0.200848
vn -0.156897 0.902418 0.401280
v 0.421567 0.951119 0.200848
vn -0.233892 0.885590 0.401280
v 0.383077 0.942707 0.200848
vn -0.309156 0.862205 0.401279
v 0.345453 0.931017 0.200848
vn -0.382131 0.832437 0.401280
v 0.308973 0.916135 0.200848
vn -0.452277 0.796505 0.401280
v 0.273907 0.898173 0.200848
vn -0.519074 0.754677 0.401280
v 0.240515 0.877263 0.200848
vn -0.582028 0.707261 0.401280
v 0.209044 0.853560 0.200848
vn -0.640673 0.654609 0.401280
v 0.179727 0.827239 0.200848
vn -0.694574 0.597111 0.401280
v 0.152782 0.798496 0.200848
vn -0.743334 0.535192 0.401280
v 0.128407 0.767542 0.200848
vn -0.786590 0.469309 0.401280
v 0.106783 0.734608 0.200848
vn -0.824022 0.399953 0.401280
v 0.088071 0.699937 0.200848
vn -0.855353 0.327636 0.401280
v 0.072408 0.663785 0.200848
vn -0.880352 0.252892 0.401280
v 0.059911 0.626421 0.200848
vn -0.898833 0.176277 0.401280
v 0.050673 0.588121 0.200848
vn -0.910659 0.098357 0.401280
v 0.044761 0.549168 0.200848
vn -0.915744 0.019708 0.401280
v 0.042219 0.509852 0.200848
vn -0.914048 -0.059087 0.401280
v 0.043067 0.470462 0.200848
vn -0.905585 -0.137444 0.401280
v 0.047298 0.431292 0.200848
vn 0.919562 -0.221814 0.324352
v 0.959723 0.389107 0.162350
vn 0.935226 -0.141943 0.324352
v 0.967554 0.429038 0.162350
vn 0.943966 -0.061021 0.324352
v 0.971924 0.469493 0.162350
vn 0.945717 0.020353 0.324352
v 0.972799 0.510175 0.162350
vn 0.940467 0.101576 0.324352
v 0.970174 0.550782 0.162350
vn 0.928253 0.182047 0.324352
v 0.964068 0.591012 0.162350
vn 0.909168 0.261170 0.324352
v 0.954527 0.630569 0.162350
vn 0.883351 0.338360 0.324352
v 0.941620 0.669159 0.162350
vn 0.850994 0.413044 0.324352
v 0.925443 0.706496 0.162350
vn 0.812336 0.484671 0.324353
v 0.906117 0.742305 0.162350
vn 0.767664 0.552709 0.324352
v 0.883784 0.776320 0.162350
vn 0.717309 0.616655 0.324353
v 0.858609 0.808289 0.162350
vn 0.661643 0.676035 0.324353
v 0.830780 0.837975 0.162350
vn 0.601079 0.730411 0.324353
v 0.800501 0.865160 0.162350
vn 0.536064 0.779379 0.324352
v 0.767998 0.889640 0.162350
vn 0.467080 0.822576 0.324352
v 0.733511 0.911236 0.162350
vn 0.394638 0.859684 0.324352
v 0.697294 0.929788 0.162350
vn 0.319275 0.890426 0.324353
v 0.659617 0.945157 0.162350
vn 0.241548 0.914576 0.324353
v 0.620759 0.957231 0.162350
vn 0.162032 0.931955 0.324353
v 0.581006 0.965919 0.162350
vn 0.081317 0.942435 0.324352
v 0.540653 0.971158 0.162350
vn -0.000000 0.945936 0.324353
v 0.500000 0.972909 0.162350
vn -0.081317 0.942435 0.324352
v 0.459347 0.971158 0.162350
vn -0.162032 0.931956 0.324352
v 0.418994 0.965919 0.162350
vn -0.241548 0.914576 0.324353
v 0.379241 0.957231 0.162350
vn -0.319275 0.890426 0.324353
v 0.340383 0.945157 0.162350
vn -0.394638 0.859684 0.324352
v 0.302706 0.929788 0.162350
vn -0.467080 0.822576 0.324352
v 0.266489 0.911236 0.162350
vn -0.536064 0.779379 0.324352
v 0.232002 0.889640 0.162350
vn -0.601078 0.730411 0.324352
v 0.199499 0.865160 0.162350
vn -0.661643 0.676035 0.324353
v 0.169220 0.837975 0.162350
vn -0.717309 0.616655 0.324353
v 0.141391 0.808289 0.162350
vn -0.767664 0.552709 0.324352
v 0.116216 0.776320 0.162350
vn -0.812336 0.484671 0.324352
v 0.093883 0.742305 0.162350
vn -0.850994 0.413044 0.324352
v 0.074557 0.706496 0.162350
vn -0.883351 0.338360 0.324352
v 0.058380 0.669159 0.162350
vn -0.909168 0.261170 0.324352
v 0.045473 0.630569 0.162350
vn -0.928253 0.182047 0.324352
v 0.035932 0.591012 0.162350
vn -0.940467 0.101576 0.324352
v 0.029826 0.550782 0.162350
vn -0.945717 0.020353 0.324352
v 0.027201 0.510175 0.162350
vn -0.943966 -0.061021 0.324352
v 0.028076 0.469493 0.162350
vn -0.935226 -0.141943 0.324352
v 0.032446 0.429038 0.162350
vn 0.958492 -0.145474 0.245216
v 0.979212 0.427268 0.122743
vn 0.967449 -0.062539 0.245216
v 0.983691 0.468733 0.122743
vn 0.969244 0.020859 0.245217
v 0.984588 0.510429 0.122743
vn 0.963863 0.104102 0.245217
v 0.981898 0.552048 0.122743
vn 0.951346 0.186576 0.245216
v 0.975639 0.593281 0.122743
vn 0.931785 0.267667 0.245216
v 0.965860 0.633824 0.122743
vn 0.905326 0.346777 0.245216
v 0.952631 0.673376 0.122743
vn 0.872164 0.423320 0.245217
v 0.936051 0.711645 0.122743
vn 0.832545 0.496728 0.245216
v 0.916243 0.748347 0.122743
vn 0.786761 0.566459 0.245217
v 0.893353 0.783209 0.122743
vn 0.735153 0.631995 0.245217
v 0.867551 0.815976 0.122743
vn 0.678103 0.692853 0.245217
v 0.839028 0.846402 0.122743
vn 0.616032 0.748581 0.245217
v 0.807994 0.874264 0.122743
vn 0.549399 0.798767 0.245217
v 0.774680 0.899356 0.122743
vn 0.478700 0.843039 0.245216
v 0.739333 0.921490 0.122743
vn 0.404456 0.881070 0.245216
v 0.702214 0.940504 0.122743
vn 0.327218 0.912577 0.245217
v 0.663597 0.956257 0.122743
vn 0.247557 0.937328 0.245217
v 0.623770 0.968631 0.122743
vn 0.166063 0.955140 0.245217
v 0.583026 0.977536 0.122743
vn 0.083340 0.965879 0.245217
v 0.541667 0.982906 0.122743
vn 0.000000 0.969468 0.245217
v 0.500000 0.984700 0.122743
vn -0.083340 0.965879 0.245217
v 0.458333 0.982906 0.122743
vn -0.166063 0.955140 0.245217
v 0.416974 0.977536 0.122743
vn -0.247557 0.937328 0.245217
v 0.376230 0.968631 0.122743
vn -0.327218 0.912577 0.245217
v 0.336403 0.956257 0.122743
vn -0.404456 0.881070 0.245217
v 0.297786 0.940504 0.122743
vn -0.478700 0.843039 0.245216
v 0.260667 0.921490 0.122743
vn -0.549399 0.798768 0.245216
v 0.225320 0.899356 0.122743
vn -0.616032 0.748581 0.245217
v 0.192006 0.874264 0.122743
vn -0.678103 0.692853 0.245217
v 0.160972 0.846402 0.122743
vn -0.735153 0.631995 0.245217
v 0.132449 0.815976 0.122743
vn -0.786761 0.566459 0.245217
v 0.106647 0.783209 0.122743
vn -0.832544 0.496728 0.245217
v 0.083757 0.748347 0.122743
vn -0.872164 0.423319 0.245217
v 0.063949 0.711645 0.122743
vn -0.905326 0.346777 0.245217
v 0.047369 0.673376 0.122743
vn -0.931785 0.267667 0.245217
v 0.034140 0.633824 0.122743
vn -0.951346 0.186576 0.245217
v 0.024361 0.593281 0.122743
vn -0.963863 0.104103 0.245217
v 0.018102 0.552048 0.122743
vn -0.969244 0.020859 0.245217
v 0.015412 0.510429 0.122743
vn -0.967449 -0.062539 0.245217
v 0.016309 0.468733 0.122743
vn -0.958492 -0.145474 0.245217
v 0.020788 0.427268 0.122743
vn 0.984337 -0.063631 0.164411
v 0.992153 0.468186 0.082297
vn 0.986164 0.021223 0.164411
v 0.993066 0.510611 0.082297
vn 0.980688 0.105920 0.164412
v 0.990329 0.552958 0.082297
vn 0.967953 0.189833 0.164411
v 0.983961 0.594913 0.082297
vn 0.948051 0.272340 0.164411
v 0.974011 0.636166 0.082297
vn 0.921130 0.352830 0.164411
v 0.960550 0.676410 0.082297
vn 0.887389 0.430709 0.164411
v 0.943681 0.715348 0.082297
vn 0.847078 0.505399 0.164411
v 0.923526 0.752692 0.082297
vn 0.800496 0.576347 0.164411
v 0.900235 0.788165 0.082297
vn 0.747987 0.643028 0.164411
v 0.873982 0.821504 0.082297
vn 0.689940 0.704948 0.164411
v 0.844959 0.852463 0.082297
vn 0.626785 0.761649 0.164411
v 0.813383 0.880813 0.082297
vn 0.558990 0.812711 0.164411
v 0.779486 0.906343 0.082297
vn 0.487056 0.857756 0.164411
v 0.743521 0.928865 0.082297
vn 0.411516 0.896450 0.164411
v 0.705752 0.948211 0.082297
vn 0.332930 0.928508 0.164411
v 0.666460 0.964239 0.082297
vn 0.251879 0.953691 0.164411
v 0.625935 0.976831 0.082297
vn 0.168962 0.971813 0.164411
v 0.584478 0.985892 0.082297
vn 0.084795 0.982740 0.164411
v 0.542396 0.991355 0.082297
vn 0.000000 0.986392 0.164411
v 0.500000 0.993181 0.082297
vn -0.084795 0.982740 0.164411
v 0.457604 0.991355 0.082297
vn -0.168962 0.971813 0.164411
v 0.415522 0.985892 0.082297
vn -0.251879 0.953691 0.164411
v 0.374065 0.976831 0.082297
vn -0.332930 0.928508 0.164411
v 0.333540 0.964239 0.082297
vn -0.411516 0.896450 0.164411
v 0.294248 0.948211 0.082297
vn -0.487056 0.857756 0.164412
v 0.256479 0.928865 0.082297
vn -0.558990 0.812711 0.164411
v 0.220514 0.906343 0.082297
vn -0.626785 0.761649 0.164411
v 0.186617 0.880813 0.082297
vn -0.689940 0.704948 0.164411
v 0.155041 0.852463 0.082297
vn -0.747987 0.643028 0.164411
v 0.126018 0.821504 0.082297
vn -0.800496 0.576347 0.164411
v 0.099765 0.788165 0.082297
vn -0.847078 0.505399 0.164411
v 0.076474 0.752692 0.082297
vn -0.887389 0.430709 0.164411
v 0.056319 0.715348 0.082297
vn -0.921130 0.352831 0.164411
v 0.039450 0.676410 0.082297
vn -0.948051 0.272340 0.164411
v 0.025989 0.636166 0.082297
vn -0.967953 0.189833 0.164411
v 0.016039 0.594913 0.082297
vn -0.980689 0.105920 0.164411
v 0.009671 0.552958 0.082297
vn -0.986164 0.021223 0.164411
v 0.006934 0.510611 0.082297
vn -0.984337 -0.063631 0.164411
v 0.007847 0.468186 0.082297
vn -0.975224 -0.148013 0.164411
v 0.012403 0.425996 0.082297
vn 0.975224 -0.148013 0.164411
v 0.987597 0.425996 0.082297
vn 0.985308 -0.149544 0.082487
v 0.992650 0.425229 0.041290
vn 0.994342 -0.065419 0.083697
v 0.997254 0.467856 0.041290
vn 0.968805 -0.233692 0.082486
v 0.984399 0.383155 0.041290
vn 0.958890 -0.231300 0.164411
v 0.979430 0.384353 0.082297
vn 0.942438 -0.227332 0.245217
v 0.971186 0.386342 0.122743
vn 0.945130 -0.316110 0.082486
v 0.972561 0.341946 0.041290
vn 0.935456 -0.312875 0.164411
v 0.967714 0.343567 0.082297
vn 0.919407 -0.307507 0.245217
v 0.959671 0.346257 0.122743
vn 0.897090 -0.300043 0.324352
v 0.948488 0.349997 0.162350
vn 0.914457 -0.396188 0.082486
v 0.957225 0.301908 0.041290
vn 0.905097 -0.392133 0.164411
v 0.952534 0.303940 0.082297
vn 0.889568 -0.385405 0.245217
v 0.944753 0.307311 0.122743
vn 0.867976 -0.376050 0.324352
v 0.933933 0.311999 0.162350
vn 0.840466 -0.364131 0.401280
v 0.920149 0.317970 0.200848
vn 0.877013 -0.473332 0.082486
v 0.938503 0.263336 0.041290
vn 0.868037 -0.468488 0.164411
v 0.934005 0.265763 0.082297
vn 0.853144 -0.460450 0.245217
v 0.926542 0.269791 0.122743
vn 0.832436 -0.449274 0.324352
v 0.916165 0.275392 0.162350
vn 0.806052 -0.435034 0.401280
v 0.902946 0.282526 0.200848
vn 0.774173 -0.417829 0.475474
v 0.886974 0.291146 0.237974
vn 0.833077 -0.546973 0.082486
v 0.916535 0.226516 0.041290
vn 0.824550 -0.541374 0.164411
v 0.912262 0.229321 0.082297
vn 0.810403 -0.532086 0.245217
v 0.905173 0.233976 0.122743
vn 0.790732 -0.519170 0.324352
v 0.895316 0.240447 0.162350
vn 0.765671 -0.502716 0.401280
v 0.882759 0.248692 0.200848
vn 0.735388 -0.482834 0.475474
v 0.867587 0.258654 0.237974
vn 0.700091 -0.459658 0.546431
v 0.849904 0.270264 0.273474
vn 0.782973 -0.616563 0.082486
v 0.891483 0.191721 0.041290
vn 0.774959 -0.610252 0.164411
v 0.887467 0.194883 0.082297
vn 0.761663 -0.599782 0.245217
v 0.880805 0.200130 0.122743
vn 0.743175 -0.585224 0.324352
v 0.871541 0.207425 0.162350
vn 0.719620 -0.566676 0.401280
v 0.859739 0.216719 0.200848
vn 0.691159 -0.544264 0.475474
v 0.845479 0.227947 0.237974
vn 0.657985 -0.518140 0.546430
v 0.828860 0.241035 0.273474
vn 0.620323 -0.488482 0.613665
v 0.809994 0.255891 0.307106
vn 0.727071 -0.681589 0.082486
v 0.863533 0.159208 0.041290
vn 0.719630 -0.674613 0.164411
v 0.859804 0.162704 0.082297
vn 0.707283 -0.663038 0.245217
v 0.853617 0.168504 0.122743
vn 0.690115 -0.646944 0.324353
v 0.845014 0.176569 0.162350
vn 0.668242 -0.626440 0.401280
v 0.834055 0.186842 0.200848
vn 0.641814 -0.601664 0.475474
v 0.820813 0.199255 0.237974
vn 0.611008 -0.572786 0.546430
v 0.805381 0.213723 0.273474
vn 0.576035 -0.540000 0.613665
v 0.787862 0.230146 0.307106
vn 0.537131 -0.503531 0.676718
v 0.768376 0.248412 0.338641
vn 0.665787 -0.741568 0.082486
v 0.832891 0.129219 0.041290
vn 0.658973 -0.733978 0.164411
v 0.829476 0.133022 0.082297
vn 0.647667 -0.721385 0.245216
v 0.823811 0.139333 0.122743
vn 0.631946 -0.703875 0.324352
v 0.815933 0.148107 0.162350
vn 0.611917 -0.681566 0.401280
v 0.805898 0.159285 0.200848
vn 0.587716 -0.654610 0.475474
v 0.793772 0.172790 0.237974
vn 0.559506 -0.623191 0.546431
v 0.779640 0.188531 0.273474
vn 0.527481 -0.587520 0.613665
v 0.763598 0.206399 0.307106
vn 0.491857 -0.547841 0.676718
v 0.745755 0.226272 0.338641
vn 0.452876 -0.504423 0.735160
v 0.726234 0.248016 0.367862
vn 0.599574 -0.796057 0.082486
v 0.799785 0.101974 0.041290
vn 0.593437 -0.787909 0.164411
v 0.796709 0.106057 0.082297
vn 0.583256 -0.774391 0.245217
v 0.791607 0.112832 0.122743
vn 0.569098 -0.755594 0.324352
v 0.784513 0.122250 0.162350
vn 0.551061 -0.731646 0.401280
v 0.775476 0.134250 0.200848
vn 0.529266 -0.702710 0.475474
v 0.764556 0.148747 0.237974
vn 0.503863 -0.668981 0.546431
v 0.751830 0.165644 0.273474
vn 0.475022 -0.630690 0.613665
v 0.737383 0.184825 0.307106
vn 0.442941 -0.588095 0.676718
v 0.721315 0.206159 0.338641
vn 0.407837 -0.541487 0.735160
v 0.703734 0.229501 0.367862
vn 0.369949 -0.491183 0.788592
v 0.684763 0.254690 0.394570
vn 0.528921 -0.844653 0.082486
v 0.764459 0.077677 0.041290
vn 0.523508 -0.836008 0.164411
v 0.761746 0.082009 0.082297
vn 0.514526 -0.821664 0.245217
v 0.757245 0.089197 0.122743
vn 0.502037 -0.801720 0.324352
v 0.750987 0.099191 0.162350
vn 0.486125 -0.776310 0.401280
v 0.743014 0.111922 0.200848
vn 0.466899 -0.745607 0.475474
v 0.733382 0.127305 0.237974
vn 0.444489 -0.709819 0.546430
v 0.722155 0.145234 0.273474
vn 0.419047 -0.669190 0.613665
v 0.709410 0.165586 0.307106
vn 0.390746 -0.623996 0.676718
v 0.695235 0.188222 0.338641
vn 0.359778 -0.574543 0.735160
v 0.679727 0.212988 0.367862
vn 0.326355 -0.521167 0.788592
v 0.662991 0.239715 0.394570
vn 0.290702 -0.464233 0.836648
v 0.645141 0.268220 0.418583
vn 0.454353 -0.886994 0.082487
v 0.727175 0.056506 0.041290
vn 0.449703 -0.877916 0.164411
v 0.724844 0.061056 0.082297
vn 0.441987 -0.862854 0.245216
v 0.720978 0.068604 0.122743
vn 0.431259 -0.841909 0.324352
v 0.715602 0.079098 0.162350
vn 0.417590 -0.815226 0.401280
v 0.708754 0.092468 0.200848
vn 0.401075 -0.782984 0.475474
v 0.700479 0.108622 0.237974
vn 0.381824 -0.745402 0.546430
v 0.690835 0.127449 0.273474
vn 0.359969 -0.702736 0.613665
v 0.679887 0.148822 0.307106
vn 0.335658 -0.655276 0.676718
v 0.667711 0.172593 0.338641
vn 0.309056 -0.603344 0.735160
v 0.654389 0.198600 0.367862
vn 0.280345 -0.547293 0.788592
v 0.640012 0.226667 0.394570
vn 0.249719 -0.487504 0.836648
v 0.624679 0.256601 0.418583
vn 0.217386 -0.424385 0.879000
v 0.608494 0.288197 0.439737
vn 0.376421 -0.922769 0.082486
v 0.688209 0.038619 0.041290
vn 0.372568 -0.913325 0.164411
v 0.686278 0.043352 0.082297
vn 0.366176 -0.897655 0.245217
v 0.683075 0.051204 0.122743
vn 0.357288 -0.875866 0.324352
v 0.678621 0.062122 0.162350
vn 0.345964 -0.848106 0.401280
v 0.672947 0.076031 0.200848
vn 0.332281 -0.814563 0.475474
v 0.666092 0.092837 0.237974
vn 0.316332 -0.775466 0.546430
v 0.658102 0.112423 0.273474
vn 0.298226 -0.731080 0.613665
v 0.649032 0.134658 0.307106
vn 0.278085 -0.681705 0.676718
v 0.638944 0.159387 0.338641
vn 0.256046 -0.627678 0.735160
v 0.627907 0.186444 0.367862
vn 0.232259 -0.569367 0.788592
v 0.615997 0.215643 0.394570
vn 0.206886 -0.507167 0.836648
v 0.603293 0.246784 0.418583
vn 0.180100 -0.441501 0.879000
v 0.589885 0.279654 0.439737
vn 0.152082 -0.372818 0.915357
v 0.575862 0.314030 0.457887
vn 0.295702 -0.951712 0.082486
v 0.647850 0.024147 0.041290
vn 0.292675 -0.941972 0.164411
v 0.646333 0.029029 0.082297
vn 0.287654 -0.925810 0.245217
v 0.643817 0.037127 0.122743
vn 0.280671 -0.903338 0.324352
v 0.640318 0.048388 0.162350
vn 0.271776 -0.874707 0.401280
v 0.635861 0.062733 0.200848
vn 0.261027 -0.840113 0.475474
v 0.630476 0.080066 0.237974
vn 0.248498 -0.799789 0.546430
v 0.624199 0.100267 0.273474
vn 0.234275 -0.754010 0.613665
v 0.617074 0.123199 0.307106
vn 0.218452 -0.703087 0.676718
v 0.609149 0.148704 0.338641
vn 0.201140 -0.647366 0.735160
v 0.600479 0.176609 0.367862
vn 0.182454 -0.587225 0.788592
v 0.591122 0.206724 0.394570
vn 0.162522 -0.523074 0.836648
v 0.581143 0.238841 0.418583
vn 0.141479 -0.455349 0.879000
v 0.570610 0.272743 0.439737
vn 0.119470 -0.384511 0.915357
v 0.559594 0.308197 0.457887
vn 0.096643 -0.311044 0.945469
v 0.548171 0.344961 0.472909
vn 0.212793 -0.973609 0.082486
v 0.606396 0.013199 0.041290
vn 0.210615 -0.963644 0.164411
v 0.605304 0.018193 0.082297
vn 0.207002 -0.947111 0.245217
v 0.603494 0.026478 0.122743
vn 0.201977 -0.924122 0.324352
v 0.600976 0.037997 0.162350
vn 0.195576 -0.894832 0.401280
v 0.597768 0.052673 0.200848
vn 0.187841 -0.859442 0.475474
v 0.593893 0.070404 0.237974
vn 0.178825 -0.818190 0.546430
v 0.589376 0.091070 0.273474
vn 0.168589 -0.771358 0.613665
v 0.584249 0.114529 0.307106
vn 0.157203 -0.719263 0.676718
v 0.578546 0.140621 0.338641
vn 0.144744 -0.662260 0.735160
v 0.572307 0.169169 0.367862
vn 0.131298 -0.600736 0.788592
v 0.565574 0.199976 0.394570
vn 0.116954 -0.535109 0.836648
v 0.558392 0.232833 0.418583
vn 0.101811 -0.465826 0.879000
v 0.550812 0.267514 0.439737
vn 0.085973 -0.393358 0.915357
v 0.542885 0.303784 0.457887
vn 0.069546 -0.318200 0.945469
v 0.534665 0.341394 0.472909
vn 0.052644 -0.240863 0.969130
v 0.526208 0.380088 0.484700
vn 0.128309 -0.988298 0.082486
v 0.564154 0.005855 0.041290
vn 0.126996 -0.978182 0.164411
v 0.563496 0.010924 0.082297
vn 0.124817 -0.961400 0.245217
v 0.562404 0.019334 0.122743
vn 0.121788 -0.938064 0.324352
v 0.560886 0.031027 0.162350
vn 0.117928 -0.908332 0.401280
v 0.558952 0.045924 0.200848
vn 0.113264 -0.872408 0.475474
v 0.556615 0.063923 0.237974
vn 0.107827 -0.830534 0.546431
v 0.553892 0.084900 0.273474
vn 0.101655 -0.782996 0.613665
v 0.550800 0.108714 0.307106
vn 0.094790 -0.730115 0.676718
v 0.547362 0.135200 0.338641
vn 0.087278 -0.672252 0.735160
v 0.543599 0.164178 0.367862
vn 0.079169 -0.609799 0.788592
v 0.539539 0.195450 0.394570
vn 0.070520 -0.543182 0.836648
v 0.535209 0.228802 0.418583
vn 0.061390 -0.472854 0.879000
v 0.530639 0.264007 0.439737
vn 0.051840 -0.399293 0.915357
v 0.525859 0.300824 0.457887
vn 0.041935 -0.323001 0.945469
v 0.520902 0.339001 0.472909
vn 0.031743 -0.244497 0.969130
v 0.515803 0.378279 0.484700
vn 0.021333 -0.164316 0.986177
v 0.510596 0.418388 0.493181
vn 0.044517 -0.995435 0.084426
v 0.521438 0.002169 0.041290
vn 0.042437 -0.985479 0.164411
v 0.521218 0.007276 0.082297
vn 0.041709 -0.968571 0.245217
v 0.520853 0.015749 0.122743
vn 0.040696 -0.945060 0.324352
v 0.520346 0.027529 0.162350
vn 0.039406 -0.915108 0.401280
v 0.519699 0.042537 0.200848
vn 0.037848 -0.878915 0.475474
v 0.518918 0.060670 0.237974
vn 0.036031 -0.836729 0.546431
v 0.518008 0.081804 0.273474
vn 0.033969 -0.788836 0.613665
v 0.516975 0.105795 0.307106
vn 0.031675 -0.735561 0.676718
v 0.515826 0.132479 0.338641
vn 0.029165 -0.677266 0.735160
v 0.514569 0.161673 0.367862
vn 0.026455 -0.614347 0.788592
v 0.513212 0.193178 0.394570
vn 0.023565 -0.547233 0.836648
v 0.511765 0.226779 0.418583
vn 0.020514 -0.476381 0.879000
v 0.510238 0.262247 0.439737
vn 0.017323 -0.402271 0.915357
v 0.508641 0.299338 0.457887
vn 0.014013 -0.325410 0.945469
v 0.506985 0.337801 0.472909
vn 0.010607 -0.246321 0.969130
v 0.505281 0.377371 0.484700
vn 0.007129 -0.165542 0.986177
v 0.503541 0.417779 0.493181
vn 0.003601 -0.083626 0.996491
v 0.501776 0.458749 0.498292
vn 0.996186 0.022752 0.084242
v 0.998177 0.510721 0.041290
vn 0.990830 0.107015 0.082486
v 0.995411 0.553507 0.041290
vn 0.977962 0.191796 0.082486
v 0.988977 0.595897 0.041290
vn 0.957854 0.275156 0.082487
v 0.978923 0.637577 0.041290
vn 0.930655 0.356479 0.082486
v 0.965324 0.678238 0.041290
vn 0.896565 0.435164 0.082487
v 0.948279 0.717580 0.041290
vn 0.855837 0.510625 0.082486
v 0.927915 0.755311 0.041290
vn 0.808774 0.582307 0.082486
v 0.904384 0.791151 0.041290
vn 0.755722 0.649677 0.082486
v 0.877858 0.824836 0.041290
vn 0.697075 0.712238 0.082486
v 0.848535 0.856116 0.041290
vn 0.633267 0.769525 0.082486
v 0.816631 0.884760 0.041290
vn 0.564771 0.821115 0.082486
v 0.782383 0.910554 0.041290
vn 0.492093 0.866626 0.082487
v 0.746045 0.933310 0.041290
vn 0.415772 0.905721 0.082487
v 0.707884 0.952857 0.041290
vn 0.336373 0.938109 0.082486
v 0.668185 0.969051 0.041290
vn 0.254483 0.963553 0.082486
v 0.627241 0.981773 0.041290
vn 0.170710 0.981863 0.082486
v 0.585354 0.990928 0.041290
vn 0.085672 0.992903 0.082486
v 0.542836 0.996448 0.041290
vn -0.000000 0.996592 0.082486
v 0.500000 0.998292 0.041290
vn -0.085672 0.992903 0.082486
v 0.457164 0.996448 0.041290
vn -0.170710 0.981863 0.082486
v 0.414646 0.990928 0.041290
vn -0.254483 0.963553 0.082486
v 0.372759 0.981773 0.041290
vn -0.336373 0.938109 0.082486
v 0.331815 0.969051 0.041290
vn -0.415772 0.905721 0.082487
v 0.292116 0.952857 0.041290
vn -0.492093 0.866626 0.082487
v 0.253955 0.933310 0.041290
vn -0.564771 0.821115 0.082486
v 0.217617 0.910554 0.041290
vn -0.633267 0.769525 0.082486
v 0.183369 0.884760 0.041290
vn -0.697075 0.712238 0.082487
v 0.151465 0.856116 0.041290
vn -0.755722 0.649677 0.082486
v 0.122142 0.824836 0.041290
vn -0.808773 0.582307 0.082486
v 0.095616 0.791151 0.041290
vn -0.855837 0.510625 0.082486
v 0.072085 0.755311 0.041290
vn -0.896565 0.435163 0.082486
v 0.051721 0.717580 0.041290
vn -0.930655 0.356479 0.082486
v 0.034676 0.678238 0.041290
vn -0.957854 0.275156 0.082486
v 0.021076 0.637577 0.041290
vn -0.977962 0.191796 0.082486
v 0.011023 0.595897 0.041290
vn -0.990830 0.107015 0.082486
v 0.004589 0.553507 0.041290
vn -0.996186 0.022752 0.084242
v 0.001823 0.510721 0.041290
vn -0.044517 -0.995435 0.084426
v 0.478562 0.002169 0.041290
vn -0.042437 -0.985479 0.164411
v 0.478782 0.007276 0.082297
vn -0.041709 -0.968571 0.245217
v 0.479147 0.015749 0.122743
vn -0.040696 -0.945060 0.324352
v 0.479654 0.027529 0.162350
vn -0.039406 -0.915108 0.401280
v 0.480301 0.042537 0.200848
vn -0.037848 -0.878915 0.475474
v 0.481082 0.060670 0.237974
vn -0.036031 -0.836729 0.546431
v 0.481992 0.081804 0.273474
vn -0.033969 -0.788836 0.613665
v 0.483025 0.105795 0.307106
vn -0.031675 -0.735561 0.676718
v 0.484174 0.132479 0.338641
vn -0.029164 -0.677266 0.735160
v 0.485431 0.161673 0.367862
vn -0.026455 -0.614347 0.788592
v 0.486788 0.193178 0.394570
vn -0.023565 -0.547233 0.836648
v 0.488235 0.226779 0.418583
vn -0.020514 -0.476381 0.879000
v 0.489762 0.262247 0.439737
vn -0.017322 -0.402271 0.915357
v 0.491359 0.299338 0.457887
vn -0.014013 -0.325410 0.945469
v 0.493015 0.337801 0.472909
vn -0.010607 -0.246321 0.969130
v 0.494719 0.377371 0.484700
vn -0.007129 -0.165542 0.986177
v 0.496459 0.417779 0.493181
vn -0.003601 -0.083626 0.996491
v 0.498224 0.458749 0.498292
vn -0.128309 -0.988298 0.082486
v 0.435846 0.005855 0.041290
vn -0.126996 -0.978182 0.164411
v 0.436504 0.010924 0.082297
vn -0.124817 -0.961400 0.245217
v 0.437596 0.019334 0.122743
vn -0.121788 -0.938064 0.324352
v 0.439114 0.031027 0.162350
vn -0.117928 -0.908332 0.401280
v 0.441048 0.045924 0.200848
vn -0.113264 -0.872408 0.475474
v 0.443385 0.063923 0.237974
vn -0.107827 -0.830534 0.546431
v 0.446108 0.084900 0.273474
vn -0.101655 -0.782996 0.613665
v 0.449200 0.108714 0.307106
vn -0.094790 -0.730115 0.676718
v 0.452638 0.135200 0.338641
vn -0.087278 -0.672252 0.735160
v 0.456401 0.164178 0.367862
vn -0.079170 -0.609799 0.788592
v 0.460461 0.195450 0.394570
vn -0.070521 -0.543182 0.836648
v 0.464791 0.228802 0.418583
vn -0.061390 -0.472854 0.879000
v 0.469361 0.264007 0.439737
vn -0.051840 -0.399293 0.915357
v 0.474141 0.300824 0.457887
vn -0.041935 -0.323001 0.945469
v 0.479098 0.339001 0.472909
vn -0.031743 -0.244497 0.969130
v 0.484197 0.378279 0.484700
vn -0.021333 -0.164316 0.986177
v 0.489404 0.418388 0.493181
vn -0.010777 -0.083007 0.996491
v 0.494684 0.459054 0.498292
vn -0.212793 -0.973609 0.082486
v 0.393604 0.013199 0.041290
vn -0.210615 -0.963644 0.164411
v 0.394696 0.018193 0.082297
vn -0.207002 -0.947111 0.245217
v 0.396506 0.026478 0.122743
vn -0.201977 -0.924122 0.324352
v 0.399024 0.037997 0.162350
vn -0.195576 -0.894832 0.401280
v 0.402232 0.052673 0.200848
vn -0.187841 -0.859442 0.475474
v 0.406107 0.070404 0.237974
vn -0.178825 -0.818190 0.546431
v 0.410624 0.091070 0.273474
vn -0.168589 -0.771358 0.613665
v 0.415751 0.114529 0.307106
vn -0.157203 -0.719264 0.676718
v 0.421454 0.140621 0.338641
vn -0.144745 -0.662260 0.735160
v 0.427693 0.169169 0.367862
vn -0.131298 -0.600736 0.788592
v 0.434426 0.199976 0.394570
vn -0.116954 -0.535109 0.836648
v 0.441608 0.232833 0.418583
vn -0.101811 -0.465826 0.879000
v 0.449188 0.267514 0.439737
vn -0.085973 -0.393358 0.915357
v 0.457115 0.303784 0.457887
vn -0.069546 -0.318200 0.945469
v 0.465335 0.341394 0.472909
vn -0.052643 -0.240863 0.969130
v 0.473792 0.380088 0.484700
vn -0.035379 -0.161874 0.986177
v 0.482428 0.419601 0.493181
vn -0.017873 -0.081773 0.996491
v 0.491184 0.459663 0.498292
vn -0.295702 -0.951712 0.082486
v 0.352150 0.024147 0.041290
vn -0.292675 -0.941972 0.164411
v 0.353667 0.029029 0.082297
vn -0.287654 -0.925810 0.245217
v 0.356183 0.037127 0.122743
vn -0.280671 -0.903338 0.324352
v 0.359682 0.048388 0.162350
vn -0.271776 -0.874707 0.401280
v 0.364139 0.062733 0.200848
vn -0.261027 -0.840113 0.475474
v 0.369524 0.080066 0.237974
vn -0.248498 -0.799789 0.546431
v 0.375801 0.100267 0.273474
vn -0.234275 -0.754010 0.613665
v 0.382926 0.123199 0.307106
vn -0.218453 -0.703087 0.676718
v 0.390851 0.148704 0.338641
vn -0.201140 -0.647366 0.735160
v 0.399521 0.176609 0.367862
vn -0.182454 -0.587225 0.788592
v 0.408878 0.206724 0.394570
vn -0.162522 -0.523074 0.836648
v 0.418857 0.238841 0.418583
vn -0.141479 -0.455349 0.879000
v 0.429390 0.272743 0.439737
vn -0.119470 -0.384512 0.915357
v 0.440406 0.308197 0.457887
vn -0.096643 -0.311044 0.945469
v 0.451829 0.344961 0.472909
vn -0.073154 -0.235446 0.969130
v 0.463581 0.382785 0.484700
vn -0.049164 -0.158234 0.986177
v 0.475581 0.421409 0.493181
vn -0.024836 -0.079934 0.996491
v 0.487749 0.460570 0.498292
vn -0.376421 -0.922769 0.082486
v 0.311791 0.038619 0.041290
vn -0.372568 -0.913325 0.164411
v 0.313722 0.043352 0.082297
vn -0.366176 -0.897655 0.245217
v 0.316925 0.051204 0.122743
vn -0.357288 -0.875866 0.324352
v 0.321379 0.062122 0.162350
vn -0.345964 -0.848106 0.401280
v 0.327053 0.076031 0.200848
vn -0.332281 -0.814563 0.475474
v 0.333908 0.092837 0.237974
vn -0.316332 -0.775466 0.546431
v 0.341898 0.112423 0.273474
vn -0.298226 -0.731080 0.613665
v 0.350968 0.134658 0.307106
vn -0.278085 -0.681705 0.676718
v 0.361056 0.159387 0.338641
vn -0.256046 -0.627678 0.735160
v 0.372093 0.186444 0.367862
vn -0.232259 -0.569367 0.788592
v 0.384003 0.215643 0.394570
vn -0.206886 -0.507167 0.836648
v 0.396707 0.246784 0.418583
vn -0.180100 -0.441501 0.879000
v 0.410115 0.279654 0.439737
vn -0.152082 -0.372818 0.915357
v 0.424138 0.314030 0.457887
vn -0.123024 -0.301584 0.945469
v 0.438679 0.349676 0.472909
vn -0.093124 -0.228286 0.969130
v 0.453639 0.386349 0.484700
vn -0.062584 -0.153422 0.986177
v 0.468916 0.423799 0.493181
vn -0.031615 -0.077503 0.996491
v 0.484405 0.461769 0.498292
vn -0.454353 -0.886995 0.082486
v 0.272825 0.056506 0.041290
vn -0.449703 -0.877916 0.164411
v 0.275156 0.061056 0.082297
vn -0.441987 -0.862854 0.245217
v 0.279022 0.068604 0.122743
vn -0.431259 -0.841909 0.324352
v 0.284398 0.079098 0.162350
vn -0.417590 -0.815226 0.401280
v 0.291246 0.092468 0.200848
vn -0.401075 -0.782984 0.475474
v 0.299521 0.108622 0.237974
vn -0.381824 -0.745402 0.546431
v 0.309165 0.127449 0.273474
vn -0.359969 -0.702736 0.613665
v 0.320113 0.148822 0.307106
vn -0.335658 -0.655276 0.676718
v 0.332289 0.172593 0.338641
vn -0.309056 -0.603344 0.735160
v 0.345611 0.198600 0.367862
vn -0.280345 -0.547293 0.788592
v 0.359988 0.226667 0.394570
vn -0.249719 -0.487504 0.836648
v 0.375321 0.256601 0.418583
vn -0.217386 -0.424385 0.879000
v 0.391506 0.288197 0.439737
vn -0.183568 -0.358364 0.915357
v 0.408432 0.321240 0.457887
vn -0.148494 -0.289892 0.945469
v 0.425984 0.355504 0.472909
vn -0.112403 -0.219435 0.969130
v 0.444041 0.390756 0.484700
vn -0.075542 -0.147474 0.986177
v 0.462480 0.426753 0.493181
vn -0.038161 -0.074498 0.996491
v 0.481176 0.463251 0.498292
vn -0.528921 -0.844653 0.082486
v 0.235541 0.077677 0.041290
vn -0.523508 -0.836008 0.164411
v 0.238254 0.082009 0.082297
vn -0.514526 -0.821664 0.245217
v 0.242755 0.089197 0.122743
vn -0.502037 -0.801720 0.324352
v 0.249013 0.099191 0.162350
vn -0.486125 -0.776310 0.401280
v 0.256986 0.111922 0.200848
vn -0.466899 -0.745607 0.475474
v 0.266618 0.127305 0.237974
vn -0.444489 -0.709819 0.546431
v 0.277845 0.145234 0.273474
vn -0.419047 -0.669190 0.613665
v 0.290590 0.165586 0.307106
vn -0.390746 -0.623996 0.676718
v 0.304765 0.188222 0.338641
vn -0.359778 -0.574542 0.735160
v 0.320273 0.212988 0.367862
vn -0.326355 -0.521167 0.788592
v 0.337009 0.239715 0.394570
vn -0.290702 -0.464232 0.836648
v 0.354859 0.268220 0.418583
vn -0.253064 -0.404126 0.879000
v 0.373700 0.298308 0.439737
vn -0.213695 -0.341257 0.915357
v 0.393404 0.329773 0.457887
vn -0.172865 -0.276054 0.945469
v 0.413836 0.362402 0.472909
vn -0.130851 -0.208960 0.969130
v 0.434857 0.395970 0.484700
vn -0.087940 -0.140434 0.986177
v 0.456322 0.430250 0.493181
vn -0.044424 -0.070942 0.996491
v 0.478086 0.465005 0.498292
vn -0.599574 -0.796057 0.082486
v 0.200215 0.101974 0.041290
vn -0.593437 -0.787910 0.164411
v 0.203291 0.106057 0.082297
vn -0.583256 -0.774391 0.245217
v 0.208393 0.112832 0.122743
vn -0.569098 -0.755594 0.324352
v 0.215487 0.122250 0.162350
vn -0.551061 -0.731646 0.401280
v 0.224524 0.134250 0.200848
vn -0.529267 -0.702710 0.475474
v 0.235444 0.148747 0.237974
vn -0.503863 -0.668981 0.546431
v 0.248170 0.165644 0.273474
vn -0.475022 -0.630690 0.613665
v 0.262617 0.184825 0.307106
vn -0.442941 -0.588095 0.676718
v 0.278685 0.206159 0.338641
vn -0.407837 -0.541487 0.735160
v 0.296266 0.229501 0.367862
vn -0.369949 -0.491183 0.788592
v 0.315237 0.254690 0.394570
vn -0.329534 -0.437524 0.836648
v 0.335471 0.281555 0.418583
vn -0.286868 -0.380876 0.879000
v 0.356829 0.309912 0.439737
vn -0.242240 -0.321624 0.915357
v 0.379165 0.339567 0.457887
vn -0.195956 -0.260172 0.945469
v 0.402326 0.370318 0.472909
vn -0.148330 -0.196938 0.969130
v 0.426155 0.401956 0.484700
vn -0.099686 -0.132354 0.986177
v 0.450488 0.434263 0.493181
vn -0.050358 -0.066861 0.996491
v 0.475159 0.467019 0.498292
vn -0.665787 -0.741568 0.082486
v 0.167109 0.129219 0.041290
vn -0.658973 -0.733978 0.164411
v 0.170524 0.133022 0.082297
vn -0.647667 -0.721385 0.245217
v 0.176189 0.139333 0.122743
vn -0.631946 -0.703875 0.324352
v 0.184067 0.148107 0.162350
vn -0.611917 -0.681566 0.401280
v 0.194102 0.159285 0.200848
vn -0.587716 -0.654610 0.475474
v 0.206228 0.172790 0.237974
vn -0.559506 -0.623190 0.546431
v 0.220360 0.188531 0.273474
vn -0.527481 -0.587520 0.613665
v 0.236402 0.206399 0.307106
vn -0.491857 -0.547841 0.676718
v 0.254245 0.226272 0.338641
vn -0.452876 -0.504423 0.735160
v 0.273766 0.248016 0.367862
vn -0.410804 -0.457562 0.788592
v 0.294833 0.271481 0.394570
vn -0.365926 -0.407576 0.836648
v 0.317302 0.296507 0.418583
vn -0.318548 -0.354805 0.879000
v 0.341018 0.322923 0.439737
vn -0.268992 -0.299609 0.915357
v 0.365821 0.350548 0.457887
vn -0.217596 -0.242363 0.945469
v 0.391540 0.379195 0.472909
vn -0.164711 -0.183458 0.969130
v 0.418000 0.408667 0.484700
vn -0.110695 -0.123295 0.986177
v 0.445020 0.438762 0.493181
vn -0.055919 -0.062284 0.996491
v 0.472416 0.469276 0.498292
vn -0.727071 -0.681589 0.082486
v 0.136467 0.159208 0.041290
vn -0.719630 -0.674613 0.164411
v 0.140196 0.162704 0.082297
vn -0.707283 -0.663038 0.245217
v 0.146383 0.168504 0.122743
vn -0.690115 -0.646944 0.324352
v 0.154986 0.176569 0.162350
vn -0.668242 -0.626440 0.401280
v 0.165945 0.186842 0.200848
vn -0.641813 -0.601664 0.475474
v 0.179187 0.199255 0.237974
vn -0.611008 -0.572786 0.546431
v 0.194619 0.213723 0.273474
vn -0.576034 -0.540000 0.613665
v 0.212138 0.230146 0.307106
vn -0.537131 -0.503530 0.676718
v 0.231624 0.248412 0.338641
vn -0.494562 -0.463625 0.735160
v 0.252942 0.268397 0.367862
vn -0.448617 -0.420553 0.788592
v 0.275948 0.289964 0.394570
vn -0.399608 -0.374610 0.836648
v 0.300485 0.312966 0.418583
vn -0.347869 -0.326108 0.879000
v 0.326384 0.337245 0.439737
vn -0.293752 -0.275376 0.915357
v 0.353470 0.362636 0.457887
vn -0.237625 -0.222760 0.945469
v 0.381557 0.388966 0.472909
vn -0.179872 -0.168620 0.969130
v 0.410452 0.416054 0.484700
vn -0.120885 -0.113322 0.986177
v 0.439959 0.443715 0.493181
vn -0.061067 -0.057246 0.996491
v 0.469877 0.471761 0.498292
vn -0.782973 -0.616563 0.082486
v 0.108517 0.191721 0.041290
vn -0.774959 -0.610252 0.164411
v 0.112533 0.194883 0.082297
vn -0.761663 -0.599782 0.245217
v 0.119195 0.200130 0.122743
vn -0.743175 -0.585224 0.324352
v 0.128459 0.207425 0.162350
vn -0.719620 -0.566676 0.401280
v 0.140261 0.216719 0.200848
vn -0.691160 -0.544263 0.475474
v 0.154521 0.227947 0.237974
vn -0.657985 -0.518140 0.546430
v 0.171140 0.241035 0.273474
vn -0.620323 -0.488482 0.613665
v 0.190006 0.255891 0.307106
vn -0.578429 -0.455492 0.676718
v 0.210989 0.272414 0.338641
vn -0.532587 -0.419393 0.735160
v 0.233947 0.290493 0.367862
vn -0.483109 -0.380431 0.788592
v 0.258722 0.310002 0.394570
vn -0.430332 -0.338872 0.836648
v 0.285145 0.330809 0.418583
vn -0.374615 -0.294996 0.879000
v 0.313036 0.352772 0.439737
vn -0.316337 -0.249104 0.915357
v 0.342204 0.375741 0.457887
vn -0.255895 -0.201508 0.945469
v 0.372450 0.399559 0.472909
vn -0.193701 -0.152533 0.969130
v 0.403567 0.424063 0.484700
vn -0.130179 -0.102511 0.986177
v 0.435343 0.449085 0.493181
vn -0.065762 -0.051785 0.996491
v 0.467561 0.474455 0.498292
vn -0.833077 -0.546973 0.082486
v 0.083465 0.226516 0.041290
vn -0.824550 -0.541374 0.164411
v 0.087738 0.229321 0.082297
vn -0.810403 -0.532086 0.245217
v 0.094827 0.233976 0.122743
vn -0.790732 -0.519171 0.324352
v 0.104684 0.240447 0.162350
vn -0.765671 -0.502716 0.401280
v 0.117241 0.248692 0.200848
vn -0.735388 -0.482834 0.475474
v 0.132413 0.258654 0.237974
vn -0.700091 -0.459658 0.546430
v 0.150096 0.270264 0.273474
vn -0.660019 -0.433348 0.613665
v 0.170169 0.283443 0.307106
vn -0.615444 -0.404081 0.676718
v 0.192495 0.298102 0.338641
vn -0.566668 -0.372057 0.735160
v 0.216922 0.314139 0.367862
vn -0.514025 -0.337493 0.788592
v 0.243282 0.331447 0.394570
vn -0.457870 -0.300624 0.836648
v 0.271396 0.349906 0.418583
vn -0.398588 -0.261700 0.879000
v 0.301072 0.369390 0.439737
vn -0.336580 -0.220988 0.915357
v 0.332106 0.389766 0.457887
vn -0.272271 -0.178765 0.945469
v 0.364288 0.410895 0.472909
vn -0.206097 -0.135317 0.969130
v 0.397396 0.432634 0.484700
vn -0.138509 -0.090941 0.986177
v 0.431206 0.454832 0.493181
vn -0.069970 -0.045940 0.996491
v 0.465485 0.477338 0.498292
vn -0.877013 -0.473333 0.082486
v 0.061497 0.263336 0.041290
vn -0.868037 -0.468488 0.164411
v 0.065995 0.265763 0.082297
vn -0.853144 -0.460450 0.245217
v 0.073458 0.269791 0.122743
vn -0.832436 -0.449273 0.324352
v 0.083835 0.275392 0.162350
vn -0.806052 -0.435034 0.401280
v 0.097054 0.282526 0.200848
vn -0.774173 -0.417829 0.475474
v 0.113026 0.291146 0.237974
vn -0.737014 -0.397774 0.546431
v 0.131642 0.301193 0.273474
vn -0.694829 -0.375006 0.613665
v 0.152773 0.312598 0.307106
vn -0.647902 -0.349679 0.676718
v 0.176277 0.325284 0.338641
vn -0.596554 -0.321966 0.735160
v 0.201992 0.339162 0.367862
vn -0.541134 -0.292055 0.788592
v 0.229743 0.354140 0.394570
vn -0.482019 -0.260150 0.836648
v 0.259339 0.370113 0.418583
vn -0.419609 -0.226467 0.879000
v 0.290580 0.386974 0.439737
vn -0.354331 -0.191236 0.915357
v 0.323252 0.404607 0.457887
vn -0.286630 -0.154697 0.945469
v 0.357130 0.422892 0.472909
vn -0.216966 -0.117099 0.969130
v 0.391985 0.441703 0.484700
vn -0.145814 -0.078697 0.986177
v 0.427577 0.460913 0.493181
vn -0.073660 -0.039755 0.996491
v 0.463665 0.480389 0.498292
vn -0.914457 -0.396188 0.082486
v 0.042775 0.301908 0.041290
vn -0.905097 -0.392133 0.164411
v 0.047466 0.303940 0.082297
vn -0.889568 -0.385405 0.245217
v 0.055247 0.307311 0.122743
vn -0.867976 -0.376050 0.324352
v 0.066067 0.311999 0.162350
vn -0.840466 -0.364132 0.401280
v 0.079851 0.317970 0.200848
vn -0.807226 -0.349730 0.475474
v 0.096505 0.325186 0.237974
vn -0.768480 -0.332944 0.546430
v 0.115915 0.333595 0.273474
vn -0.724494 -0.313887 0.613665
v 0.137949 0.343141 0.307106
vn -0.675564 -0.292688 0.676718
v 0.162456 0.353759 0.338641
vn -0.622024 -0.269492 0.735160
v 0.189269 0.365376 0.367862
vn -0.564237 -0.244456 0.788592
v 0.218204 0.377912 0.394570
vn -0.502598 -0.217750 0.836648
v 0.249065 0.391282 0.418583
vn -0.437524 -0.189557 0.879000
v 0.281639 0.405395 0.439737
vn -0.369459 -0.160068 0.915357
v 0.315705 0.420154 0.457887
vn -0.298868 -0.129484 0.945469
v 0.351031 0.435459 0.472909
vn -0.226229 -0.098014 0.969130
v 0.387373 0.451205 0.484700
vn -0.152039 -0.065871 0.986177
v 0.424485 0.467283 0.493181
vn -0.076805 -0.033276 0.996491
v 0.462113 0.483586 0.498292
vn -0.945130 -0.316110 0.082486
v 0.027439 0.341946 0.041290
vn -0.935456 -0.312875 0.164411
v 0.032286 0.343567 0.082297
vn -0.919407 -0.307507 0.245217
v 0.040329 0.346257 0.122743
vn -0.897090 -0.300043 0.324352
v 0.051512 0.349997 0.162350
vn -0.868657 -0.290533 0.401280
v 0.065758 0.354762 0.200848
vn -0.834302 -0.279043 0.475474
v 0.082970 0.360519 0.237974
vn -0.794257 -0.265649 0.546431
v 0.103032 0.367229 0.273474
vn -0.748795 -0.250444 0.613665
v 0.125805 0.374846 0.307106
vn -0.698224 -0.233530 0.676718
v 0.151134 0.383317 0.338641
vn -0.642888 -0.215022 0.735160
v 0.178846 0.392586 0.367862
vn -0.583163 -0.195046 0.788592
v 0.208752 0.402589 0.394570
vn -0.519456 -0.173739 0.836648
v 0.240648 0.413256 0.418583
vn -0.452200 -0.151244 0.879000
v 0.274315 0.424517 0.439737
vn -0.381852 -0.127715 0.915357
v 0.309524 0.436293 0.457887
vn -0.308892 -0.103313 0.945469
v 0.346034 0.448504 0.472909
vn -0.233818 -0.078203 0.969130
v 0.383595 0.461067 0.484700
vn -0.157139 -0.052557 0.986177
v 0.421952 0.473896 0.493181
vn -0.079381 -0.026550 0.996491
v 0.460842 0.486903 0.498292
vn -0.968805 -0.233692 0.082486
v 0.015601 0.383155 0.041290
vn -0.958890 -0.231300 0.164411
v 0.020570 0.384353 0.082297
vn -0.942438 -0.227332 0.245217
v 0.028814 0.386342 0.122743
vn -0.919562 -0.221814 0.324352
v 0.040277 0.389107 0.162350
vn -0.890417 -0.214784 0.401280
v 0.054880 0.392630 0.200848
vn -0.855201 -0.206289 0.475474
v 0.072524 0.396885 0.237974
vn -0.814153 -0.196388 0.546431
v 0.093088 0.401846 0.273474
vn -0.767552 -0.185147 0.613665
v 0.116431 0.407477 0.307106
vn -0.715715 -0.172643 0.676718
v 0.142395 0.413740 0.338641
vn -0.658993 -0.158960 0.735160
v 0.170801 0.420592 0.367862
vn -0.597772 -0.144193 0.788592
v 0.201456 0.427986 0.394570
vn -0.532469 -0.128440 0.836648
v 0.234151 0.435873 0.418583
vn -0.463527 -0.111811 0.879000
v 0.268661 0.444197 0.439737
vn -0.391418 -0.094416 0.915357
v 0.304752 0.452903 0.457887
vn -0.316630 -0.076377 0.945469
v 0.342177 0.461930 0.472909
vn -0.239675 -0.057814 0.969130
v 0.380680 0.471218 0.484700
vn -0.161076 -0.038854 0.986177
v 0.419997 0.480702 0.493181
vn -0.081370 -0.019628 0.996491
v 0.459862 0.490318 0.498292
vn -0.998981 -0.011085 0.043756
v 0.000000 0.500000 0.000000
# 1396 vertices, 0 vertices normals


usemtl material_0
vt 0.000000 1.000000
vt 0.000000 0.973684
vt 0.026316 1.000000
f 1/1/1 2/2/2 3/3/3
vt 0.026316 0.973684
f 4/2/4 5/4/5 3/3/3
vt 0.052632 1.000000
f 3/4/3 5/5/5 6/3/6
vt 0.052632 0.973684
f 3/5/3 6/4/6 7/6/7
vt 0.078947 1.000000
f 8/5/8 9/6/9 3/7/3
vt 0.078947 0.973684
f 3/6/3 9/8/9 10/7/10
vt 0.105263 1.000000
f 3/9/3 10/7/10 1/8/1
vt 0.105263 0.973684
f 7/8/7 11/10/11 3/9/3
vt 0.131579 1.000000
f 3/10/3 11/11/11 12/9/12
vt 0.131579 0.973684
f 3/11/3 12/10/12 13/12/13
vt 0.157895 1.000000
f 13/13/13 14/11/14 3/12/3
vt 0.157895 0.973684
f 3/13/3 14/12/14 15/14/15
vt 0.184211 1.000000
f 3/14/3 15/15/15 16/13/16
vt 0.184211 0.973684
f 16/14/16 17/16/17 3/15/3
vt 0.210526 1.000000
f 3/17/3 17/15/17 18/16/18
vt 0.210526 0.973684
f 3/16/3 18/18/18 19/17/19
vt 0.236842 1.000000
f 19/17/19 20/18/20 3/19/3
vt 0.236842 0.973684
f 3/18/3 20/20/20 21/19/21
vt 0.263158 1.000000
f 3/21/3 21/19/21 8/20/8
vt 0.263158 0.973684
f 22/20/22 23/22/23 24/21/24
vt 0.289474 1.000000
f 25/23/25 26/21/26 24/22/24
vt 0.289474 0.973684
f 24/23/24 26/22/26 27/24/27
vt 0.315789 1.000000
f 24/24/24 27/25/27 22/23/22
vt 0.315789 0.973684
f 23/24/23 28/26/28 24/25/24
vt 0.342105 1.000000
f 24/26/24 28/27/28 29/25/29
vt 0.342105 0.973684
f 24/27/24 29/26/29 30/28/30
vt 0.368421 1.000000
f 30/29/30 31/27/31 24/28/24
vt 0.368421 0.973684
f 24/29/24 31/28/31 32/30/32
vt 0.394737 1.000000
f 24/31/24 32/29/32 33/30/33
vt 0.394737 0.973684
f 33/32/33 34/31/34 24/30/24
vt 0.421053 1.000000
f 24/33/24 34/31/34 35/32/35
vt 0.421053 0.973684
f 24/32/24 35/34/35 36/33/36
vt 0.447368 1.000000
f 36/33/36 37/34/37 24/35/24
vt 0.447368 0.973684
f 24/34/24 37/36/37 38/35/38
vt 0.473684 1.000000
f 24/37/24 38/35/38 39/36/39
vt 0.473684 0.973684
f 39/38/39 40/37/40 24/36/24
vt 0.500000 1.000000
f 24/39/24 40/37/40 41/38/41
vt 0.500000 0.973684
f 24/38/24 41/40/41 4/39/4
vt 0.526316 1.000000
f 42/41/42 43/39/43 44/40/44
vt 0.526316 0.973684
f 44/41/44 43/40/43 45/42/45
vt 0.552632 1.000000
f 44/42/44 45/43/45 46/41/46
vt 0.552632 0.973684
f 47/42/47 48/44/48 44/43/44
vt 0.578947 1.000000
f 44/44/44 48/45/48 49/43/49
vt 0.578947 0.973684
f 46/44/46 50/46/50 44/45/44
vt 0.605263 1.000000
f 44/46/44 50/47/50 51/45/51
vt 0.605263 0.973684
f 44/47/44 51/46/51 47/48/47
vt 0.631579 1.000000
f 49/49/49 52/47/52 44/48/44
vt 0.631579 0.973684
f 44/48/44 52/50/52 53/49/53
vt 0.657895 1.000000
f 44/51/44 53/49/53 54/50/54
vt 0.657895 0.973684
f 55/52/55 56/51/56 44/50/44
vt 0.684211 1.000000
f 44/53/44 56/51/56 57/52/57
vt 0.684211 0.973684
f 57/54/57 58/53/58 44/52/44
vt 0.710526 1.000000
f 44/55/44 58/53/58 59/54/59
vt 0.710526 0.973684
f 44/54/44 59/56/59 25/55/25
vt 0.736842 1.000000
f 54/55/54 60/56/60 44/57/44
vt 0.736842 0.973684
f 44/56/44 60/58/60 61/57/61
vt 0.763158 1.000000
f 44/59/44 61/57/61 55/58/55
vt 0.763158 0.973684
f 62/60/62 63/59/63 64/58/64
vt 0.789474 1.000000
f 64/59/64 63/60/63 2/61/2
vt 0.789474 0.973684
f 63/61/63 65/60/65 66/62/66
vt 0.815789 1.000000
f 63/63/63 67/61/67 68/62/68
vt 0.815789 0.973684
f 68/64/68 69/63/69 63/62/63
vt 0.842105 1.000000
f 63/65/63 69/63/69 70/64/70
vt 0.842105 0.973684
f 63/64/63 70/66/70 42/65/42
vt 0.868421 1.000000
f 62/67/62 71/65/71 63/66/63
vt 0.868421 0.973684
f 63/67/63 71/66/71 72/68/72
vt 0.894737 1.000000
f 63/68/63 72/69/72 65/67/65
vt 0.894737 0.973684
f 66/68/66 73/70/73 63/69/63
vt 0.921053 1.000000
f 63/70/63 73/71/73 74/69/74
vt 0.921053 0.973684
f 63/71/63 74/70/74 75/72/75
vt 0.947368 1.000000
f 75/73/75 76/71/76 63/72/63
vt 0.947368 0.973684
f 63/72/63 76/74/76 77/73/77
vt 0.973684 1.000000
f 63/75/63 77/73/77 78/74/78
vt 0.973684 0.973684
f 78/76/78 79/75/79 63/74/63
vt 1.000000 1.000000
f 63/77/63 79/75/79 80/76/80
vt 1.000000 0.973684
f 63/76/63 80/78/80 67/77/67
vt 0.000000 0.947368
f 10/4/10 81/2/81 82/79/82
vt 0.026316 0.947368
f 83/79/83 84/80/84 85/4/85
f 86/6/86 84/4/84 83/80/83
vt 0.052632 0.947368
f 83/6/83 87/80/87 88/81/88
f 89/6/89 87/81/87 83/8/83
vt 0.078947 0.947368
f 85/82/85 89/8/89 83/81/83
f 83/10/83 90/8/90 91/82/91
vt 0.105263 0.947368
f 92/83/92 90/10/90 83/82/83
f 88/10/88 92/83/92 83/12/83
vt 0.131579 0.947368
f 83/12/83 93/83/93 94/84/94
f 95/14/95 93/12/93 83/84/83
vt 0.157895 0.947368
f 91/85/91 95/14/95 83/84/83
f 83/85/83 96/16/96 97/14/97
vt 0.184211 0.947368
f 98/86/98 96/16/96 83/85/83
f 94/16/94 98/86/98 83/18/83
vt 0.210526 0.947368
f 83/18/83 99/86/99 100/87/100
f 101/18/101 99/87/99 83/20/83
vt 0.236842 0.947368
f 97/88/97 101/20/101 83/87/83
f 83/88/83 102/22/102 103/20/103
vt 0.263158 0.947368
f 104/88/104 102/89/102 83/22/83
f 100/24/100 104/22/104 83/89/83
vt 0.289474 0.947368
f 83/24/83 105/89/105 106/90/106
f 83/90/83 107/26/107 108/24/108
vt 0.315789 0.947368
f 109/90/109 107/91/107 83/26/83
f 106/26/106 109/91/109 83/28/83
vt 0.342105 0.947368
f 83/91/83 110/92/110 111/28/111
f 112/30/112 110/28/110 83/92/83
vt 0.368421 0.947368
f 108/93/108 112/30/112 83/92/83
f 83/93/83 113/32/113 114/30/114
vt 0.394737 0.947368
f 115/94/115 113/32/113 83/93/83
f 111/34/111 115/32/115 83/94/83
vt 0.421053 0.947368
f 83/34/83 116/94/116 117/95/117
f 118/34/118 116/95/116 83/36/83
vt 0.447368 0.947368
f 114/96/114 118/36/118 83/95/83
f 83/38/83 119/36/119 120/96/120
vt 0.473684 0.947368
f 121/96/121 119/97/119 83/38/83
f 117/38/117 121/97/121 83/40/83
vt 0.500000 0.947368
f 83/97/83 122/98/122 123/40/123
f 124/40/124 122/98/122 83/42/83
vt 0.526316 0.947368
f 120/98/120 124/99/124 83/42/83
f 83/99/83 125/44/125 126/42/126
vt 0.552632 0.947368
f 127/100/127 125/44/125 83/99/83
f 123/46/123 127/44/127 83/100/83
vt 0.578947 0.947368
f 83/100/83 128/101/128 129/46/129
f 130/48/130 128/46/128 83/101/83
vt 0.605263 0.947368
f 126/102/126 130/48/130 83/101/83
f 83/50/83 131/48/131 132/102/132
vt 0.631579 0.947368
f 133/102/133 131/103/131 83/50/83
f 129/50/129 133/103/133 83/52/83
vt 0.657895 0.947368
f 83/103/83 134/104/134 135/52/135
f 136/54/136 134/52/134 83/104/83
vt 0.684211 0.947368
f 132/104/132 136/105/136 83/54/83
f 83/105/83 137/56/137 138/54/138
vt 0.710526 0.947368
f 139/105/139 137/106/137 83/56/83
f 135/58/135 139/56/139 83/106/83
vt 0.736842 0.947368
f 138/107/138 86/58/86 83/106/83
f 105/107/105 140/60/140 106/58/106
vt 0.763158 0.947368
f 106/107/106 140/108/140 141/60/141
f 106/108/106 141/62/141 109/60/109
vt 0.789474 0.947368
f 109/108/109 141/109/141 142/62/142
f 109/109/109 142/64/142 107/62/107
vt 0.815789 0.947368
f 107/109/107 142/110/142 143/64/143
f 107/110/107 143/66/143 108/64/108
vt 0.842105 0.947368
f 108/110/108 143/111/143 144/66/144
f 108/111/108 144/68/144 112/66/112
vt 0.868421 0.947368
f 112/111/112 144/112/144 145/68/145
f 112/112/112 145/70/145 110/68/110
vt 0.894737 0.947368
f 110/112/110 145/113/145 146/70/146
f 110/113/110 146/72/146 111/70/111
vt 0.921053 0.947368
f 111/113/111 146/114/146 147/72/147
f 111/114/111 147/74/147 115/72/115
vt 0.947368 0.947368
f 115/114/115 147/115/147 148/74/148
f 115/115/115 148/76/148 113/74/113
vt 0.973684 0.947368
f 113/115/113 148/116/148 149/76/149
f 113/116/113 149/78/149 114/76/114
vt 1.000000 0.947368
f 114/116/114 149/117/149 150/78/150
vt 0.000000 0.921053
f 114/118/114 150/80/150 118/79/118
vt 0.026316 0.921053
f 118/118/118 150/119/150 151/80/151
f 118/119/118 151/81/151 116/80/116
vt 0.052632 0.921053
f 116/119/116 151/120/151 152/81/152
f 116/120/116 152/82/152 117/81/117
vt 0.078947 0.921053
f 117/120/117 152/121/152 153/82/153
f 117/121/117 153/83/153 121/82/121
vt 0.105263 0.921053
f 121/121/121 153/122/153 154/83/154
f 121/122/121 154/84/154 119/83/119
vt 0.131579 0.921053
f 119/122/119 154/123/154 155/84/155
f 119/123/119 155/85/155 120/84/120
vt 0.157895 0.921053
f 120/123/120 155/124/155 156/85/156
f 120/124/120 156/86/156 124/85/124
vt 0.184211 0.921053
f 124/124/124 156/125/156 157/86/157
f 124/125/124 157/87/157 122/86/122
vt 0.210526 0.921053
f 122/125/122 157/126/157 158/87/158
f 122/126/122 158/88/158 123/87/123
vt 0.236842 0.921053
f 123/126/123 158/127/158 159/88/159
f 123/127/123 159/89/159 127/88/127
vt 0.263158 0.921053
f 127/127/127 159/128/159 160/89/160
f 127/128/127 160/90/160 125/89/125
vt 0.289474 0.921053
f 125/128/125 160/129/160 161/90/161
f 125/129/125 161/91/161 126/90/126
vt 0.315789 0.921053
f 126/129/126 161/130/161 162/91/162
f 126/130/126 162/92/162 130/91/130
vt 0.342105 0.921053
f 130/130/130 162/131/162 163/92/163
f 130/131/130 163/93/163 128/92/128
vt 0.368421 0.921053
f 128/131/128 163/132/163 164/93/164
f 128/132/128 164/94/164 129/93/129
vt 0.394737 0.921053
f 129/132/129 164/133/164 165/94/165
f 129/133/129 165/95/165 133/94/133
vt 0.421053 0.921053
f 133/133/133 165/134/165 166/95/166
f 133/134/133 166/96/166 131/95/131
vt 0.447368 0.921053
f 131/134/131 166/135/166 167/96/167
f 131/135/131 167/97/167 132/96/132
vt 0.473684 0.921053
f 132/135/132 167/136/167 168/97/168
f 132/136/132 168/98/168 136/97/136
vt 0.500000 0.921053
f 136/136/136 168/137/168 169/98/169
f 136/137/136 169/99/169 134/98/134
vt 0.526316 0.921053
f 134/137/134 169/138/169 170/99/170
f 134/138/134 170/100/170 135/99/135
vt 0.552632 0.921053
f 135/138/135 170/139/170 171/100/171
f 135/139/135 171/101/171 139/100/139
vt 0.578947 0.921053
f 139/139/139 171/140/171 172/101/172
f 139/140/139 172/102/172 137/101/137
vt 0.605263 0.921053
f 137/140/137 172/141/172 173/102/173
f 137/141/137 173/103/173 138/102/138
vt 0.631579 0.921053
f 138/141/138 173/142/173 174/103/174
f 138/142/138 174/104/174 86/103/86
vt 0.657895 0.921053
f 86/142/86 174/143/174 175/104/175
f 86/143/86 175/105/175 84/104/84
vt 0.684211 0.921053
f 84/143/84 175/144/175 176/105/176
f 84/144/84 176/106/176 85/105/85
vt 0.710526 0.921053
f 85/144/85 176/145/176 177/106/177
f 85/145/85 177/107/177 89/106/89
vt 0.736842 0.921053
f 89/145/89 177/146/177 178/107/178
f 89/146/89 178/108/178 87/107/87
vt 0.763158 0.921053
f 87/146/87 178/147/178 179/108/179
f 87/147/87 179/109/179 88/108/88
vt 0.789474 0.921053
f 88/147/88 179/148/179 180/109/180
f 88/148/88 180/110/180 92/109/92
vt 0.815789 0.921053
f 92/148/92 180/149/180 181/110/181
f 92/149/92 181/111/181 90/110/90
vt 0.842105 0.921053
f 90/149/90 181/150/181 182/111/182
f 90/150/90 182/112/182 91/111/91
vt 0.868421 0.921053
f 91/150/91 182/151/182 183/112/183
f 91/151/91 183/113/183 95/112/95
vt 0.894737 0.921053
f 95/151/95 183/152/183 184/113/184
f 95/152/95 184/114/184 93/113/93
vt 0.921053 0.921053
f 93/152/93 184/153/184 185/114/185
f 93/153/93 185/115/185 94/114/94
vt 0.947368 0.921053
f 94/153/94 185/154/185 186/115/186
f 94/154/94 186/116/186 98/115/98
vt 0.973684 0.921053
f 98/154/98 186/155/186 187/116/187
f 98/155/98 187/117/187 96/116/96
vt 1.000000 0.921053
f 96/155/96 187/156/187 188/117/188
vt 0.000000 0.894737
f 96/157/96 188/119/188 97/118/97
vt 0.026316 0.894737
f 97/157/97 188/158/188 189/119/189
f 97/158/97 189/120/189 101/119/101
vt 0.052632 0.894737
f 101/158/101 189/159/189 190/120/190
f 101/159/101 190/121/190 99/120/99
vt 0.078947 0.894737
f 99/159/99 190/160/190 191/121/191
f 99/160/99 191/122/191 100/121/100
vt 0.105263 0.894737
f 100/160/100 191/161/191 192/122/192
f 100/161/100 192/123/192 104/122/104
vt 0.131579 0.894737
f 104/161/104 192/162/192 193/123/193
f 104/162/104 193/124/193 102/123/102
vt 0.157895 0.894737
f 102/162/102 193/163/193 194/124/194
f 102/163/102 194/125/194 103/124/103
vt 0.184211 0.894737
f 140/125/140 195/163/195 141/164/141
f 141/126/141 195/125/195 196/164/196
vt 0.210526 0.894737
f 141/126/141 196/164/196 142/165/142
f 142/127/142 196/126/196 197/165/197
vt 0.236842 0.894737
f 142/127/142 197/165/197 143/166/143
f 143/128/143 197/127/197 198/166/198
vt 0.263158 0.894737
f 143/128/143 198/166/198 144/167/144
f 144/129/144 198/128/198 199/167/199
vt 0.289474 0.894737
f 144/129/144 199/167/199 145/168/145
f 145/130/145 199/129/199 200/168/200
vt 0.315789 0.894737
f 145/130/145 200/168/200 146/169/146
f 146/131/146 200/130/200 201/169/201
vt 0.342105 0.894737
f 146/131/146 201/169/201 147/170/147
f 147/132/147 201/131/201 202/170/202
vt 0.368421 0.894737
f 147/132/147 202/170/202 148/171/148
f 148/133/148 202/132/202 203/171/203
vt 0.394737 0.894737
f 148/133/148 203/171/203 149/172/149
f 149/134/149 203/133/203 204/172/204
vt 0.421053 0.894737
f 149/134/149 204/172/204 150/173/150
f 150/135/150 204/134/204 205/173/205
vt 0.447368 0.894737
f 150/135/150 205/173/205 151/174/151
f 151/136/151 205/135/205 206/174/206
vt 0.473684 0.894737
f 151/136/151 206/174/206 152/175/152
f 152/137/152 206/136/206 207/175/207
vt 0.500000 0.894737
f 152/137/152 207/175/207 153/176/153
f 153/138/153 207/137/207 208/176/208
vt 0.526316 0.894737
f 153/138/153 208/176/208 154/177/154
f 154/139/154 208/138/208 209/177/209
vt 0.552632 0.894737
f 154/139/154 209/177/209 155/178/155
f 155/140/155 209/139/209 210/178/210
vt 0.578947 0.894737
f 155/140/155 210/178/210 156/179/156
f 156/141/156 210/140/210 211/179/211
vt 0.605263 0.894737
f 156/141/156 211/179/211 157/180/157
f 157/142/157 211/141/211 212/180/212
vt 0.631579 0.894737
f 157/142/157 212/180/212 158/181/158
f 158/143/158 212/142/212 213/181/213
vt 0.657895 0.894737
f 158/143/158 213/181/213 159/182/159
f 159/144/159 213/143/213 214/182/214
vt 0.684211 0.894737
f 159/144/159 214/182/214 160/183/160
f 160/145/160 214/144/214 215/183/215
vt 0.710526 0.894737
f 160/145/160 215/183/215 161/184/161
f 161/146/161 215/145/215 216/184/216
vt 0.736842 0.894737
f 161/146/161 216/184/216 162/185/162
f 162/147/162 216/146/216 217/185/217
vt 0.763158 0.894737
f 162/147/162 217/185/217 163/186/163
f 163/148/163 217/147/217 218/186/218
vt 0.789474 0.894737
f 163/148/163 218/186/218 164/187/164
f 164/149/164 218/148/218 219/187/219
vt 0.815789 0.894737
f 164/149/164 219/187/219 165/188/165
f 165/150/165 219/149/219 220/188/220
vt 0.842105 0.894737
f 165/150/165 220/188/220 166/189/166
f 166/151/166 220/150/220 221/189/221
vt 0.868421 0.894737
f 166/151/166 221/189/221 167/190/167
f 167/152/167 221/151/221 222/190/222
vt 0.894737 0.894737
f 167/152/167 222/190/222 168/191/168
f 168/153/168 222/152/222 223/191/223
vt 0.921053 0.894737
f 168/153/168 223/191/223 169/192/169
f 169/154/169 223/153/223 224/192/224
vt 0.947368 0.894737
f 169/154/169 224/192/224 170/193/170
f 170/155/170 224/154/224 225/193/225
vt 0.973684 0.894737
f 170/155/170 225/193/225 171/194/171
f 171/156/171 225/155/225 226/194/226
vt 1.000000 0.894737
f 171/156/171 226/194/226 172/195/172
vt 0.000000 0.868421
f 172/158/172 226/157/226 227/196/227
vt 0.026316 0.868421
f 172/158/172 227/196/227 173/197/173
f 173/159/173 227/158/227 228/197/228
vt 0.052632 0.868421
f 173/159/173 228/197/228 174/198/174
f 174/160/174 228/159/228 229/198/229
vt 0.078947 0.868421
f 174/160/174 229/198/229 175/199/175
f 175/161/175 229/160/229 230/199/230
vt 0.105263 0.868421
f 175/161/175 230/199/230 176/200/176
f 176/162/176 230/161/230 231/200/231
vt 0.131579 0.868421
f 176/162/176 231/200/231 177/201/177
f 177/163/177 231/162/231 232/201/232
vt 0.157895 0.868421
f 177/163/177 232/201/232 178/202/178
f 178/164/178 232/163/232 233/202/233
vt 0.184211 0.868421
f 178/164/178 233/202/233 179/203/179
f 179/165/179 233/164/233 234/203/234
vt 0.210526 0.868421
f 179/165/179 234/203/234 180/204/180
f 180/166/180 234/165/234 235/204/235
vt 0.236842 0.868421
f 180/166/180 235/204/235 181/205/181
f 181/167/181 235/166/235 236/205/236
vt 0.263158 0.868421
f 181/167/181 236/205/236 182/206/182
f 182/168/182 236/167/236 237/206/237
vt 0.289474 0.868421
f 182/168/182 237/206/237 183/207/183
f 183/169/183 237/168/237 238/207/238
vt 0.315789 0.868421
f 183/169/183 238/207/238 184/208/184
f 184/170/184 238/169/238 239/208/239
vt 0.342105 0.868421
f 184/170/184 239/208/239 185/209/185
f 185/171/185 239/170/239 240/209/240
vt 0.368421 0.868421
f 185/171/185 240/209/240 186/210/186
f 186/172/186 240/171/240 241/210/241
vt 0.394737 0.868421
f 186/172/186 241/210/241 187/211/187
f 187/173/187 241/172/241 242/211/242
vt 0.421053 0.868421
f 187/173/187 242/211/242 188/212/188
f 188/174/188 242/173/242 243/212/243
vt 0.447368 0.868421
f 188/174/188 243/212/243 189/213/189
f 189/175/189 243/174/243 244/213/244
vt 0.473684 0.868421
f 189/175/189 244/213/244 190/214/190
f 190/176/190 244/175/244 245/214/245
vt 0.500000 0.868421
f 190/176/190 245/214/245 191/215/191
f 191/177/191 245/176/245 246/215/246
vt 0.526316 0.868421
f 191/177/191 246/215/246 192/216/192
f 192/178/192 246/177/246 247/216/247
vt 0.552632 0.868421
f 192/178/192 247/216/247 193/217/193
f 193/179/193 247/178/247 248/217/248
vt 0.578947 0.868421
f 193/179/193 248/217/248 194/218/194
f 195/218/195 249/180/249 196/179/196
vt 0.605263 0.868421
f 196/218/196 249/219/249 250/180/250
f 196/219/196 250/181/250 197/180/197
vt 0.631579 0.868421
f 197/219/197 250/220/250 251/181/251
f 197/220/197 251/182/251 198/181/198
vt 0.657895 0.868421
f 198/220/198 251/221/251 252/182/252
f 198/221/198 252/183/252 199/182/199
vt 0.684211 0.868421
f 199/221/199 252/222/252 253/183/253
f 199/222/199 253/184/253 200/183/200
vt 0.710526 0.868421
f 200/222/200 253/223/253 254/184/254
f 200/223/200 254/185/254 201/184/201
vt 0.736842 0.868421
f 201/223/201 254/224/254 255/185/255
f 201/224/201 255/186/255 202/185/202
vt 0.763158 0.868421
f 202/224/202 255/225/255 256/186/256
f 202/225/202 256/187/256 203/186/203
vt 0.789474 0.868421
f 203/225/203 256/226/256 257/187/257
f 203/226/203 257/188/257 204/187/204
vt 0.815789 0.868421
f 204/226/204 257/227/257 258/188/258
f 204/227/204 258/189/258 205/188/205
vt 0.842105 0.868421
f 205/227/205 258/228/258 259/189/259
f 205/228/205 259/190/259 206/189/206
vt 0.868421 0.868421
f 206/228/206 259/229/259 260/190/260
f 206/229/206 260/191/260 207/190/207
vt 0.894737 0.868421
f 207/229/207 260/230/260 261/191/261
f 207/230/207 261/192/261 208/191/208
vt 0.921053 0.868421
f 208/230/208 261/231/261 262/192/262
f 208/231/208 262/193/262 209/192/209
vt 0.947368 0.868421
f 209/231/209 262/232/262 263/193/263
f 209/232/209 263/194/263 210/193/210
vt 0.973684 0.868421
f 210/232/210 263/233/263 264/194/264
f 210/233/210 264/195/264 211/194/211
vt 1.000000 0.868421
f 211/233/211 264/234/264 265/195/265
vt 0.000000 0.842105
f 211/235/211 265/197/265 212/196/212
vt 0.026316 0.842105
f 212/235/212 265/236/265 266/197/266
f 212/236/212 266/198/266 213/197/213
vt 0.052632 0.842105
f 213/236/213 266/237/266 267/198/267
f 213/237/213 267/199/267 214/198/214
vt 0.078947 0.842105
f 214/237/214 267/238/267 268/199/268
f 214/238/214 268/200/268 215/199/215
vt 0.105263 0.842105
f 215/238/215 268/239/268 269/200/269
f 215/239/215 269/201/269 216/200/216
vt 0.131579 0.842105
f 216/239/216 269/240/269 270/201/270
f 216/240/216 270/202/270 217/201/217
vt 0.157895 0.842105
f 217/240/217 270/241/270 271/202/271
f 217/241/217 271/203/271 218/202/218
vt 0.184211 0.842105
f 218/241/218 271/242/271 272/203/272
f 218/242/218 272/204/272 219/203/219
vt 0.210526 0.842105
f 219/242/219 272/243/272 273/204/273
f 219/243/219 273/205/273 220/204/220
vt 0.236842 0.842105
f 220/243/220 273/244/273 274/205/274
f 220/244/220 274/206/274 221/205/221
vt 0.263158 0.842105
f 221/244/221 274/245/274 275/206/275
f 221/245/221 275/207/275 222/206/222
vt 0.289474 0.842105
f 222/245/222 275/246/275 276/207/276
f 222/246/222 276/208/276 223/207/223
vt 0.315789 0.842105
f 223/246/223 276/247/276 277/208/277
f 223/247/223 277/209/277 224/208/224
vt 0.342105 0.842105
f 224/247/224 277/248/277 278/209/278
f 224/248/224 278/210/278 225/209/225
vt 0.368421 0.842105
f 225/248/225 278/249/278 279/210/279
f 225/249/225 279/211/279 226/210/226
vt 0.394737 0.842105
f 226/249/226 279/250/279 280/211/280
f 226/250/226 280/212/280 227/211/227
vt 0.421053 0.842105
f 227/250/227 280/251/280 281/212/281
f 227/251/227 281/213/281 228/212/228
vt 0.447368 0.842105
f 228/251/228 281/252/281 282/213/282
f 228/252/228 282/214/282 229/213/229
vt 0.473684 0.842105
f 229/252/229 282/253/282 283/214/283
f 229/253/229 283/215/283 230/214/230
vt 0.500000 0.842105
f 230/253/230 283/254/283 284/215/284
f 230/254/230 284/216/284 231/215/231
vt 0.526316 0.842105
f 231/254/231 284/255/284 285/216/285
f 231/255/231 285/217/285 232/216/232
vt 0.552632 0.842105
f 232/255/232 285/256/285 286/217/286
f 232/256/232 286/218/286 233/217/233
vt 0.578947 0.842105
f 233/256/233 286/257/286 287/218/287
f 233/257/233 287/219/287 234/218/234
vt 0.605263 0.842105
f 234/257/234 287/258/287 288/219/288
f 234/258/234 288/220/288 235/219/235
vt 0.631579 0.842105
f 235/258/235 288/259/288 289/220/289
f 235/259/235 289/221/289 236/220/236
vt 0.657895 0.842105
f 236/259/236 289/260/289 290/221/290
f 236/260/236 290/222/290 237/221/237
vt 0.684211 0.842105
f 237/260/237 290/261/290 291/222/291
f 237/261/237 291/223/291 238/222/238
vt 0.710526 0.842105
f 238/261/238 291/262/291 292/223/292
f 238/262/238 292/224/292 239/223/239
vt 0.736842 0.842105
f 239/262/239 292/263/292 293/224/293
f 239/263/239 293/225/293 240/224/240
vt 0.763158 0.842105
f 240/263/240 293/264/293 294/225/294
f 240/264/240 294/226/294 241/225/241
vt 0.789474 0.842105
f 241/264/241 294/265/294 295/226/295
f 241/265/241 295/227/295 242/226/242
vt 0.815789 0.842105
f 242/265/242 295/266/295 296/227/296
f 242/266/242 296/228/296 243/227/243
vt 0.842105 0.842105
f 243/266/243 296/267/296 297/228/297
f 243/267/243 297/229/297 244/228/244
vt 0.868421 0.842105
f 244/267/244 297/268/297 298/229/298
f 244/268/244 298/230/298 245/229/245
vt 0.894737 0.842105
f 245/268/245 298/269/298 299/230/299
f 245/269/245 299/231/299 246/230/246
vt 0.921053 0.842105
f 246/269/246 299/270/299 300/231/300
f 246/270/246 300/232/300 247/231/247
vt 0.947368 0.842105
f 247/270/247 300/271/300 301/232/301
f 247/271/247 301/233/301 248/232/248
vt 0.973684 0.842105
f 249/233/249 302/271/302 250/272/250
f 250/234/250 302/233/302 303/272/303
vt 1.000000 0.842105
f 250/234/250 303/272/303 251/273/251
vt 0.000000 0.815789
f 251/236/251 303/235/303 304/274/304
vt 0.026316 0.815789
f 251/236/251 304/274/304 252/275/252
f 252/237/252 304/236/304 305/275/305
vt 0.052632 0.815789
f 252/237/252 305/275/305 253/276/253
f 253/238/253 305/237/305 306/276/306
vt 0.078947 0.815789
f 253/238/253 306/276/306 254/277/254
f 254/239/254 306/238/306 307/277/307
vt 0.105263 0.815789
f 254/239/254 307/277/307 255/278/255
f 255/240/255 307/239/307 308/278/308
vt 0.131579 0.815789
f 255/240/255 308/278/308 256/279/256
f 256/241/256 308/240/308 309/279/309
vt 0.157895 0.815789
f 256/241/256 309/279/309 257/280/257
f 257/242/257 309/241/309 310/280/310
vt 0.184211 0.815789
f 257/242/257 310/280/310 258/281/258
f 258/243/258 310/242/310 311/281/311
vt 0.210526 0.815789
f 258/243/258 311/281/311 259/282/259
f 259/244/259 311/243/311 312/282/312
vt 0.236842 0.815789
f 259/244/259 312/282/312 260/283/260
f 260/245/260 312/244/312 313/283/313
vt 0.263158 0.815789
f 260/245/260 313/283/313 261/284/261
f 261/246/261 313/245/313 314/284/314
vt 0.289474 0.815789
f 261/246/261 314/284/314 262/285/262
f 262/247/262 314/246/314 315/285/315
vt 0.315789 0.815789
f 262/247/262 315/285/315 263/286/263
f 263/248/263 315/247/315 316/286/316
vt 0.342105 0.815789
f 263/248/263 316/286/316 264/287/264
f 264/249/264 316/248/316 317/287/317
vt 0.368421 0.815789
f 264/249/264 317/287/317 265/288/265
f 265/250/265 317/249/317 318/288/318
vt 0.394737 0.815789
f 265/250/265 318/288/318 266/289/266
f 266/251/266 318/250/318 319/289/319
vt 0.421053 0.815789
f 266/251/266 319/289/319 267/290/267
f 267/252/267 319/251/319 320/290/320
vt 0.447368 0.815789
f 267/252/267 320/290/320 268/291/268
f 268/253/268 320/252/320 321/291/321
vt 0.473684 0.815789
f 268/253/268 321/291/321 269/292/269
f 269/254/269 321/253/321 322/292/322
vt 0.500000 0.815789
f 269/254/269 322/292/322 270/293/270
f 270/255/270 322/254/322 323/293/323
vt 0.526316 0.815789
f 270/255/270 323/293/323 271/294/271
f 271/256/271 323/255/323 324/294/324
vt 0.552632 0.815789
f 271/256/271 324/294/324 272/295/272
f 272/257/272 324/256/324 325/295/325
vt 0.578947 0.815789
f 272/257/272 325/295/325 273/296/273
f 273/258/273 325/257/325 326/296/326
vt 0.605263 0.815789
f 273/258/273 326/296/326 274/297/274
f 274/259/274 326/258/326 327/297/327
vt 0.631579 0.815789
f 274/259/274 327/297/327 275/298/275
f 275/260/275 327/259/327 328/298/328
vt 0.657895 0.815789
f 275/260/275 328/298/328 276/299/276
f 276/261/276 328/260/328 329/299/329
vt 0.684211 0.815789
f 276/261/276 329/299/329 277/300/277
f 277/262/277 329/261/329 330/300/330
vt 0.710526 0.815789
f 277/262/277 330/300/330 278/301/278
f 278/263/278 330/262/330 331/301/331
vt 0.736842 0.815789
f 278/263/278 331/301/331 279/302/279
f 279/264/279 331/263/331 332/302/332
vt 0.763158 0.815789
f 279/264/279 332/302/332 280/303/280
f 280/265/280 332/264/332 333/303/333
vt 0.789474 0.815789
f 280/265/280 333/303/333 281/304/281
f 281/266/281 333/265/333 334/304/334
vt 0.815789 0.815789
f 281/266/281 334/304/334 282/305/282
f 282/267/282 334/266/334 335/305/335
vt 0.842105 0.815789
f 282/267/282 335/305/335 283/306/283
f 283/268/283 335/267/335 336/306/336
vt 0.868421 0.815789
f 283/268/283 336/306/336 284/307/284
f 284/269/284 336/268/336 337/307/337
vt 0.894737 0.815789
f 284/269/284 337/307/337 285/308/285
f 285/270/285 337/269/337 338/308/338
vt 0.921053 0.815789
f 285/270/285 338/308/338 286/309/286
f 286/271/286 338/270/338 339/309/339
vt 0.947368 0.815789
f 286/271/286 339/309/339 287/310/287
f 287/272/287 339/271/339 340/310/340
vt 0.973684 0.815789
f 287/272/287 340/310/340 288/311/288
f 288/273/288 340/272/340 341/311/341
vt 1.000000 0.815789
f 288/273/288 341/311/341 289/312/289
vt 0.000000 0.789474
f 289/275/289 341/274/341 342/313/342
vt 0.026316 0.789474
f 289/275/289 342/313/342 290/314/290
f 290/276/290 342/275/342 343/314/343
vt 0.052632 0.789474
f 290/276/290 343/314/343 291/315/291
f 291/277/291 343/276/343 344/315/344
vt 0.078947 0.789474
f 291/277/291 344/315/344 292/316/292
f 292/278/292 344/277/344 345/316/345
vt 0.105263 0.789474
f 292/278/292 345/316/345 293/317/293
f 293/279/293 345/278/345 346/317/346
vt 0.131579 0.789474
f 293/279/293 346/317/346 294/318/294
f 294/280/294 346/279/346 347/318/347
vt 0.157895 0.789474
f 294/280/294 347/318/347 295/319/295
f 295/281/295 347/280/347 348/319/348
vt 0.184211 0.789474
f 295/281/295 348/319/348 296/320/296
f 296/282/296 348/281/348 349/320/349
vt 0.210526 0.789474
f 296/282/296 349/320/349 297/321/297
f 297/283/297 349/282/349 350/321/350
vt 0.236842 0.789474
f 297/283/297 350/321/350 298/322/298
f 298/284/298 350/283/350 351/322/351
vt 0.263158 0.789474
f 298/284/298 351/322/351 299/323/299
f 299/285/299 351/284/351 352/323/352
vt 0.289474 0.789474
f 299/285/299 352/323/352 300/324/300
f 300/286/300 352/285/352 353/324/353
vt 0.315789 0.789474
f 300/286/300 353/324/353 301/325/301
f 302/325/302 354/287/354 303/286/303
vt 0.342105 0.789474
f 303/325/303 354/326/354 355/287/355
f 303/326/303 355/288/355 304/287/304
vt 0.368421 0.789474
f 304/326/304 355/327/355 356/288/356
f 304/327/304 356/289/356 305/288/305
vt 0.394737 0.789474
f 305/327/305 356/328/356 357/289/357
f 305/328/305 357/290/357 306/289/306
vt 0.421053 0.789474
f 306/328/306 357/329/357 358/290/358
f 306/329/306 358/291/358 307/290/307
vt 0.447368 0.789474
f 307/329/307 358/330/358 359/291/359
f 307/330/307 359/292/359 308/291/308
vt 0.473684 0.789474
f 308/330/308 359/331/359 360/292/360
f 308/331/308 360/293/360 309/292/309
vt 0.500000 0.789474
f 309/331/309 360/332/360 361/293/361
f 309/332/309 361/294/361 310/293/310
vt 0.526316 0.789474
f 310/332/310 361/333/361 362/294/362
f 310/333/310 362/295/362 311/294/311
vt 0.552632 0.789474
f 311/333/311 362/334/362 363/295/363
f 311/334/311 363/296/363 312/295/312
vt 0.578947 0.789474
f 312/334/312 363/335/363 364/296/364
f 312/335/312 364/297/364 313/296/313
vt 0.605263 0.789474
f 313/335/313 364/336/364 365/297/365
f 313/336/313 365/298/365 314/297/314
vt 0.631579 0.789474
f 314/336/314 365/337/365 366/298/366
f 314/337/314 366/299/366 315/298/315
vt 0.657895 0.789474
f 315/337/315 366/338/366 367/299/367
f 315/338/315 367/300/367 316/299/316
vt 0.684211 0.789474
f 316/338/316 367/339/367 368/300/368
f 316/339/316 368/301/368 317/300/317
vt 0.710526 0.789474
f 317/339/317 368/340/368 369/301/369
f 317/340/317 369/302/369 318/301/318
vt 0.736842 0.789474
f 318/340/318 369/341/369 370/302/370
f 318/341/318 370/303/370 319/302/319
vt 0.763158 0.789474
f 319/341/319 370/342/370 371/303/371
f 319/342/319 371/304/371 320/303/320
vt 0.789474 0.789474
f 320/342/320 371/343/371 372/304/372
f 320/343/320 372/305/372 321/304/321
vt 0.815789 0.789474
f 321/343/321 372/344/372 373/305/373
f 321/344/321 373/306/373 322/305/322
vt 0.842105 0.789474
f 322/344/322 373/345/373 374/306/374
f 322/345/322 374/307/374 323/306/323
vt 0.868421 0.789474
f 323/345/323 374/346/374 375/307/375
f 323/346/323 375/308/375 324/307/324
vt 0.894737 0.789474
f 324/346/324 375/347/375 376/308/376
f 324/347/324 376/309/376 325/308/325
vt 0.921053 0.789474
f 325/347/325 376/348/376 377/309/377
f 325/348/325 377/310/377 326/309/326
vt 0.947368 0.789474
f 326/348/326 377/349/377 378/310/378
f 326/349/326 378/311/378 327/310/327
vt 0.973684 0.789474
f 327/349/327 378/350/378 379/311/379
f 327/350/327 379/312/379 328/311/328
vt 1.000000 0.789474
f 328/350/328 379/351/379 380/312/380
vt 0.000000 0.763158
f 328/352/328 380/314/380 329/313/329
vt 0.026316 0.763158
f 329/352/329 380/353/380 381/314/381
f 329/353/329 381/315/381 330/314/330
vt 0.052632 0.763158
f 330/353/330 381/354/381 382/315/382
f 330/354/330 382/316/382 331/315/331
vt 0.078947 0.763158
f 331/354/331 382/355/382 383/316/383
f 331/355/331 383/317/383 332/316/332
vt 0.105263 0.763158
f 332/355/332 383/356/383 384/317/384
f 332/356/332 384/318/384 333/317/333
vt 0.131579 0.763158
f 333/356/333 384/357/384 385/318/385
f 333/357/333 385/319/385 334/318/334
vt 0.157895 0.763158
f 334/357/334 385/358/385 386/319/386
f 334/358/334 386/320/386 335/319/335
vt 0.184211 0.763158
f 335/358/335 386/359/386 387/320/387
f 335/359/335 387/321/387 336/320/336
vt 0.210526 0.763158
f 336/359/336 387/360/387 388/321/388
f 336/360/336 388/322/388 337/321/337
vt 0.236842 0.763158
f 337/360/337 388/361/388 389/322/389
f 337/361/337 389/323/389 338/322/338
vt 0.263158 0.763158
f 338/361/338 389/362/389 390/323/390
f 338/362/338 390/324/390 339/323/339
vt 0.289474 0.763158
f 339/362/339 390/363/390 391/324/391
f 339/363/339 391/325/391 340/324/340
vt 0.315789 0.763158
f 340/363/340 391/364/391 392/325/392
f 340/364/340 392/326/392 341/325/341
vt 0.342105 0.763158
f 341/364/341 392/365/392 393/326/393
f 341/365/341 393/327/393 342/326/342
vt 0.368421 0.763158
f 342/365/342 393/366/393 394/327/394
f 342/366/342 394/328/394 343/327/343
vt 0.394737 0.763158
f 343/366/343 394/367/394 395/328/395
f 343/367/343 395/329/395 344/328/344
vt 0.421053 0.763158
f 344/367/344 395/368/395 396/329/396
f 344/368/344 396/330/396 345/329/345
vt 0.447368 0.763158
f 345/368/345 396/369/396 397/330/397
f 345/369/345 397/331/397 346/330/346
vt 0.473684 0.763158
f 346/369/346 397/370/397 398/331/398
f 346/370/346 398/332/398 347/331/347
vt 0.500000 0.763158
f 347/370/347 398/371/398 399/332/399
f 347/371/347 399/333/399 348/332/348
vt 0.526316 0.763158
f 348/371/348 399/372/399 400/333/400
f 348/372/348 400/334/400 349/333/349
vt 0.552632 0.763158
f 349/372/349 400/373/400 401/334/401
f 349/373/349 401/335/401 350/334/350
vt 0.578947 0.763158
f 350/373/350 401/374/401 402/335/402
f 350/374/350 402/336/402 351/335/351
vt 0.605263 0.763158
f 351/374/351 402/375/402 403/336/403
f 351/375/351 403/337/403 352/336/352
vt 0.631579 0.763158
f 352/375/352 403/376/403 404/337/404
f 352/376/352 404/338/404 353/337/353
vt 0.657895 0.763158
f 354/338/354 405/376/405 355/377/355
f 355/339/355 405/338/405 406/377/406
vt 0.684211 0.763158
f 355/339/355 406/377/406 356/378/356
f 356/340/356 406/339/406 407/378/407
vt 0.710526 0.763158
f 356/340/356 407/378/407 357/379/357
f 357/341/357 407/340/407 408/379/408
vt 0.736842 0.763158
f 357/341/357 408/379/408 358/380/358
f 358/342/358 408/341/408 409/380/409
vt 0.763158 0.763158
f 358/342/358 409/380/409 359/381/359
f 359/343/359 409/342/409 410/381/410
vt 0.789474 0.763158
f 359/343/359 410/381/410 360/382/360
f 360/344/360 410/343/410 411/382/411
vt 0.815789 0.763158
f 360/344/360 411/382/411 361/383/361
f 361/345/361 411/344/411 412/383/412
vt 0.842105 0.763158
f 361/345/361 412/383/412 362/384/362
f 362/346/362 412/345/412 413/384/413
vt 0.868421 0.763158
f 362/346/362 413/384/413 363/385/363
f 363/347/363 413/346/413 414/385/414
vt 0.894737 0.763158
f 363/347/363 414/385/414 364/386/364
f 364/348/364 414/347/414 415/386/415
vt 0.921053 0.763158
f 364/348/364 415/386/415 365/387/365
f 365/349/365 415/348/415 416/387/416
vt 0.947368 0.763158
f 365/349/365 416/387/416 366/388/366
f 366/350/366 416/349/416 417/388/417
vt 0.973684 0.763158
f 366/350/366 417/388/417 367/389/367
f 367/351/367 417/350/417 418/389/418
vt 1.000000 0.763158
f 367/351/367 418/389/418 368/390/368
vt 0.000000 0.736842
f 368/353/368 418/352/418 419/391/419
vt 0.026316 0.736842
f 368/353/368 419/391/419 369/392/369
f 369/354/369 419/353/419 420/392/420
vt 0.052632 0.736842
f 369/354/369 420/392/420 370/393/370
f 370/355/370 420/354/420 421/393/421
vt 0.078947 0.736842
f 370/355/370 421/393/421 371/394/371
f 371/356/371 421/355/421 422/394/422
vt 0.105263 0.736842
f 371/356/371 422/394/422 372/395/372
f 372/357/372 422/356/422 423/395/423
vt 0.131579 0.736842
f 372/357/372 423/395/423 373/396/373
f 373/358/373 423/357/423 424/396/424
vt 0.157895 0.736842
f 373/358/373 424/396/424 374/397/374
f 374/359/374 424/358/424 425/397/425
vt 0.184211 0.736842
f 374/359/374 425/397/425 375/398/375
f 375/360/375 425/359/425 426/398/426
vt 0.210526 0.736842
f 375/360/375 426/398/426 376/399/376
f 376/361/376 426/360/426 427/399/427
vt 0.236842 0.736842
f 376/361/376 427/399/427 377/400/377
f 377/362/377 427/361/427 428/400/428
vt 0.263158 0.736842
f 377/362/377 428/400/428 378/401/378
f 378/363/378 428/362/428 429/401/429
vt 0.289474 0.736842
f 378/363/378 429/401/429 379/402/379
f 379/364/379 429/363/429 430/402/430
vt 0.315789 0.736842
f 379/364/379 430/402/430 380/403/380
f 380/365/380 430/364/430 431/403/431
vt 0.342105 0.736842
f 380/365/380 431/403/431 381/404/381
f 381/366/381 431/365/431 432/404/432
vt 0.368421 0.736842
f 381/366/381 432/404/432 382/405/382
f 382/367/382 432/366/432 433/405/433
vt 0.394737 0.736842
f 382/367/382 433/405/433 383/406/383
f 383/368/383 433/367/433 434/406/434
vt 0.421053 0.736842
f 383/368/383 434/406/434 384/407/384
f 384/369/384 434/368/434 435/407/435
vt 0.447368 0.736842
f 384/369/384 435/407/435 385/408/385
f 385/370/385 435/369/435 436/408/436
vt 0.473684 0.736842
f 385/370/385 436/408/436 386/409/386
f 386/371/386 436/370/436 437/409/437
vt 0.500000 0.736842
f 386/371/386 437/409/437 387/410/387
f 387/372/387 437/371/437 438/410/438
vt 0.526316 0.736842
f 387/372/387 438/410/438 388/411/388
f 388/373/388 438/372/438 439/411/439
vt 0.552632 0.736842
f 388/373/388 439/411/439 389/412/389
f 389/374/389 439/373/439 440/412/440
vt 0.578947 0.736842
f 389/374/389 440/412/440 390/413/390
f 390/375/390 440/374/440 441/413/441
vt 0.605263 0.736842
f 390/375/390 441/413/441 391/414/391
f 391/376/391 441/375/441 442/414/442
vt 0.631579 0.736842
f 391/376/391 442/414/442 392/415/392
f 392/377/392 442/376/442 443/415/443
vt 0.657895 0.736842
f 392/377/392 443/415/443 393/416/393
f 393/378/393 443/377/443 444/416/444
vt 0.684211 0.736842
f 393/378/393 444/416/444 394/417/394
f 394/379/394 444/378/444 445/417/445
vt 0.710526 0.736842
f 394/379/394 445/417/445 395/418/395
f 395/380/395 445/379/445 446/418/446
vt 0.736842 0.736842
f 395/380/395 446/418/446 396/419/396
f 396/381/396 446/380/446 447/419/447
vt 0.763158 0.736842
f 396/381/396 447/419/447 397/420/397
f 397/382/397 447/381/447 448/420/448
vt 0.789474 0.736842
f 397/382/397 448/420/448 398/421/398
f 398/383/398 448/382/448 449/421/449
vt 0.815789 0.736842
f 398/383/398 449/421/449 399/422/399
f 399/384/399 449/383/449 450/422/450
vt 0.842105 0.736842
f 399/384/399 450/422/450 400/423/400
f 400/385/400 450/384/450 451/423/451
vt 0.868421 0.736842
f 400/385/400 451/423/451 401/424/401
f 401/386/401 451/385/451 452/424/452
vt 0.894737 0.736842
f 401/386/401 452/424/452 402/425/402
f 402/387/402 452/386/452 453/425/453
vt 0.921053 0.736842
f 402/387/402 453/425/453 403/426/403
f 403/388/403 453/387/453 454/426/454
vt 0.947368 0.736842
f 403/388/403 454/426/454 404/427/404
f 405/427/405 455/389/455 406/388/406
vt 0.973684 0.736842
f 406/427/406 455/428/455 456/389/456
f 406/428/406 456/390/456 407/389/407
vt 1.000000 0.736842
f 407/428/407 456/429/456 457/390/457
vt 0.000000 0.710526
f 407/430/407 457/392/457 408/391/408
vt 0.026316 0.710526
f 408/430/408 457/431/457 458/392/458
f 408/431/408 458/393/458 409/392/409
vt 0.052632 0.710526
f 409/431/409 458/432/458 459/393/459
f 409/432/409 459/394/459 410/393/410
vt 0.078947 0.710526
f 410/432/410 459/433/459 460/394/460
f 410/433/410 460/395/460 411/394/411
vt 0.105263 0.710526
f 411/433/411 460/434/460 461/395/461
f 411/434/411 461/396/461 412/395/412
vt 0.131579 0.710526
f 412/434/412 461/435/461 462/396/462
f 412/435/412 462/397/462 413/396/413
vt 0.157895 0.710526
f 413/435/413 462/436/462 463/397/463
f 413/436/413 463/398/463 414/397/414
vt 0.184211 0.710526
f 414/436/414 463/437/463 464/398/464
f 414/437/414 464/399/464 415/398/415
vt 0.210526 0.710526
f 415/437/415 464/438/464 465/399/465
f 415/438/415 465/400/465 416/399/416
vt 0.236842 0.710526
f 416/438/416 465/439/465 466/400/466
f 416/439/416 466/401/466 417/400/417
vt 0.263158 0.710526
f 417/439/417 466/440/466 467/401/467
f 417/440/417 467/402/467 418/401/418
vt 0.289474 0.710526
f 418/440/418 467/441/467 468/402/468
f 418/441/418 468/403/468 419/402/419
vt 0.315789 0.710526
f 419/441/419 468/442/468 469/403/469
f 419/442/419 469/404/469 420/403/420
vt 0.342105 0.710526
f 420/442/420 469/443/469 470/404/470
f 420/443/420 470/405/470 421/404/421
vt 0.368421 0.710526
f 421/443/421 470/444/470 471/405/471
f 421/444/421 471/406/471 422/405/422
vt 0.394737 0.710526
f 422/444/422 471/445/471 472/406/472
f 422/445/422 472/407/472 423/406/423
vt 0.421053 0.710526
f 423/445/423 472/446/472 473/407/473
f 423/446/423 473/408/473 424/407/424
vt 0.447368 0.710526
f 424/446/424 473/447/473 474/408/474
f 424/447/424 474/409/474 425/408/425
vt 0.473684 0.710526
f 425/447/425 474/448/474 475/409/475
f 425/448/425 475/410/475 426/409/426
vt 0.500000 0.710526
f 426/448/426 475/449/475 476/410/476
f 426/449/426 476/411/476 427/410/427
vt 0.526316 0.710526
f 427/449/427 476/450/476 477/411/477
f 427/450/427 477/412/477 428/411/428
vt 0.552632 0.710526
f 428/450/428 477/451/477 478/412/478
f 428/451/428 478/413/478 429/412/429
vt 0.578947 0.710526
f 429/451/429 478/452/478 479/413/479
f 429/452/429 479/414/479 430/413/430
vt 0.605263 0.710526
f 430/452/430 479/453/479 480/414/480
f 430/453/430 480/415/480 431/414/431
vt 0.631579 0.710526
f 431/453/431 480/454/480 481/415/481
f 431/454/431 481/416/481 432/415/432
vt 0.657895 0.710526
f 432/454/432 481/455/481 482/416/482
f 432/455/432 482/417/482 433/416/433
vt 0.684211 0.710526
f 433/455/433 482/456/482 483/417/483
f 433/456/433 483/418/483 434/417/434
vt 0.710526 0.710526
f 434/456/434 483/457/483 484/418/484
f 434/457/434 484/419/484 435/418/435
vt 0.736842 0.710526
f 435/457/435 484/458/484 485/419/485
f 435/458/435 485/420/485 436/419/436
vt 0.763158 0.710526
f 436/458/436 485/459/485 486/420/486
f 436/459/436 486/421/486 437/420/437
vt 0.789474 0.710526
f 437/459/437 486/460/486 487/421/487
f 437/460/437 487/422/487 438/421/438
vt 0.815789 0.710526
f 438/460/438 487/461/487 488/422/488
f 438/461/438 488/423/488 439/422/439
vt 0.842105 0.710526
f 439/461/439 488/462/488 489/423/489
f 439/462/439 489/424/489 440/423/440
vt 0.868421 0.710526
f 440/462/440 489/463/489 490/424/490
f 440/463/440 490/425/490 441/424/441
vt 0.894737 0.710526
f 441/463/441 490/464/490 491/425/491
f 441/464/441 491/426/491 442/425/442
vt 0.921053 0.710526
f 442/464/442 491/465/491 492/426/492
f 442/465/442 492/427/492 443/426/443
vt 0.947368 0.710526
f 443/465/443 492/466/492 493/427/493
f 443/466/443 493/428/493 444/427/444
vt 0.973684 0.710526
f 444/466/444 493/467/493 494/428/494
f 444/467/444 494/429/494 445/428/445
vt 1.000000 0.710526
f 445/467/445 494/468/494 495/429/495
vt 0.000000 0.684211
f 445/469/445 495/431/495 446/430/446
vt 0.026316 0.684211
f 446/469/446 495/470/495 496/431/496
f 446/470/446 496/432/496 447/431/447
vt 0.052632 0.684211
f 447/470/447 496/471/496 497/432/497
f 447/471/447 497/433/497 448/432/448
vt 0.078947 0.684211
f 448/471/448 497/472/497 498/433/498
f 448/472/448 498/434/498 449/433/449
vt 0.105263 0.684211
f 449/472/449 498/473/498 499/434/499
f 449/473/449 499/435/499 450/434/450
vt 0.131579 0.684211
f 450/473/450 499/474/499 500/435/500
f 450/474/450 500/436/500 451/435/451
vt 0.157895 0.684211
f 451/474/451 500/475/500 501/436/501
f 451/475/451 501/437/501 452/436/452
vt 0.184211 0.684211
f 452/475/452 501/476/501 502/437/502
f 452/476/452 502/438/502 453/437/453
vt 0.210526 0.684211
f 453/476/453 502/477/502 503/438/503
f 453/477/453 503/439/503 454/438/454
vt 0.236842 0.684211
f 455/439/455 504/477/504 456/478/456
f 456/440/456 504/439/504 505/478/505
vt 0.263158 0.684211
f 456/440/456 505/478/505 457/479/457
f 457/441/457 505/440/505 506/479/506
vt 0.289474 0.684211
f 457/441/457 506/479/506 458/480/458
f 458/442/458 506/441/506 507/480/507
vt 0.315789 0.684211
f 458/442/458 507/480/507 459/481/459
f 459/443/459 507/442/507 508/481/508
vt 0.342105 0.684211
f 459/443/459 508/481/508 460/482/460
f 460/444/460 508/443/508 509/482/509
vt 0.368421 0.684211
f 460/444/460 509/482/509 461/483/461
f 461/445/461 509/444/509 510/483/510
vt 0.394737 0.684211
f 461/445/461 510/483/510 462/484/462
f 462/446/462 510/445/510 511/484/511
vt 0.421053 0.684211
f 462/446/462 511/484/511 463/485/463
f 463/447/463 511/446/511 512/485/512
vt 0.447368 0.684211
f 463/447/463 512/485/512 464/486/464
f 464/448/464 512/447/512 513/486/513
vt 0.473684 0.684211
f 464/448/464 513/486/513 465/487/465
f 465/449/465 513/448/513 514/487/514
vt 0.500000 0.684211
f 465/449/465 514/487/514 466/488/466
f 466/450/466 514/449/514 515/488/515
vt 0.526316 0.684211
f 466/450/466 515/488/515 467/489/467
f 467/451/467 515/450/515 516/489/516
vt 0.552632 0.684211
f 467/451/467 516/489/516 468/490/468
f 468/452/468 516/451/516 517/490/517
vt 0.578947 0.684211
f 468/452/468 517/490/517 469/491/469
f 469/453/469 517/452/517 518/491/518
vt 0.605263 0.684211
f 469/453/469 518/491/518 470/492/470
f 470/454/470 518/453/518 519/492/519
vt 0.631579 0.684211
f 470/454/470 519/492/519 471/493/471
f 471/455/471 519/454/519 520/493/520
vt 0.657895 0.684211
f 471/455/471 520/493/520 472/494/472
f 472/456/472 520/455/520 521/494/521
vt 0.684211 0.684211
f 472/456/472 521/494/521 473/495/473
f 473/457/473 521/456/521 522/495/522
vt 0.710526 0.684211
f 473/457/473 522/495/522 474/496/474
f 474/458/474 522/457/522 523/496/523
vt 0.736842 0.684211
f 474/458/474 523/496/523 475/497/475
f 475/459/475 523/458/523 524/497/524
vt 0.763158 0.684211
f 475/459/475 524/497/524 476/498/476
f 476/460/476 524/459/524 525/498/525
vt 0.789474 0.684211
f 476/460/476 525/498/525 477/499/477
f 477/461/477 525/460/525 526/499/526
vt 0.815789 0.684211
f 477/461/477 526/499/526 478/500/478
f 478/462/478 526/461/526 527/500/527
vt 0.842105 0.684211
f 478/462/478 527/500/527 479/501/479
f 479/463/479 527/462/527 528/501/528
vt 0.868421 0.684211
f 479/463/479 528/501/528 480/502/480
f 480/464/480 528/463/528 529/502/529
vt 0.894737 0.684211
f 480/464/480 529/502/529 481/503/481
f 481/465/481 529/464/529 530/503/530
vt 0.921053 0.684211
f 481/465/481 530/503/530 482/504/482
f 482/466/482 530/465/530 531/504/531
vt 0.947368 0.684211
f 482/466/482 531/504/531 483/505/483
f 483/467/483 531/466/531 532/505/532
vt 0.973684 0.684211
f 483/467/483 532/505/532 484/506/484
f 484/468/484 532/467/532 533/506/533
vt 1.000000 0.684211
f 484/468/484 533/506/533 485/507/485
vt 0.000000 0.657895
f 485/470/485 533/469/533 534/508/534
vt 0.026316 0.657895
f 485/470/485 534/508/534 486/509/486
f 486/471/486 534/470/534 535/509/535
vt 0.052632 0.657895
f 486/471/486 535/509/535 487/510/487
f 487/472/487 535/471/535 536/510/536
vt 0.078947 0.657895
f 487/472/487 536/510/536 488/511/488
f 488/473/488 536/472/536 537/511/537
vt 0.105263 0.657895
f 488/473/488 537/511/537 489/512/489
f 489/474/489 537/473/537 538/512/538
vt 0.131579 0.657895
f 489/474/489 538/512/538 490/513/490
f 490/475/490 538/474/538 539/513/539
vt 0.157895 0.657895
f 490/475/490 539/513/539 491/514/491
f 491/476/491 539/475/539 540/514/540
vt 0.184211 0.657895
f 491/476/491 540/514/540 492/515/492
f 492/477/492 540/476/540 541/515/541
vt 0.210526 0.657895
f 492/477/492 541/515/541 493/516/493
f 493/478/493 541/477/541 542/516/542
vt 0.236842 0.657895
f 493/478/493 542/516/542 494/517/494
f 494/479/494 542/478/542 543/517/543
vt 0.263158 0.657895
f 494/479/494 543/517/543 495/518/495
f 495/480/495 543/479/543 544/518/544
vt 0.289474 0.657895
f 495/480/495 544/518/544 496/519/496
f 496/481/496 544/480/544 545/519/545
vt 0.315789 0.657895
f 496/481/496 545/519/545 497/520/497
f 497/482/497 545/481/545 546/520/546
vt 0.342105 0.657895
f 497/482/497 546/520/546 498/521/498
f 498/483/498 546/482/546 547/521/547
vt 0.368421 0.657895
f 498/483/498 547/521/547 499/522/499
f 499/484/499 547/483/547 548/522/548
vt 0.394737 0.657895
f 499/484/499 548/522/548 500/523/500
f 500/485/500 548/484/548 549/523/549
vt 0.421053 0.657895
f 500/485/500 549/523/549 501/524/501
f 501/486/501 549/485/549 550/524/550
vt 0.447368 0.657895
f 501/486/501 550/524/550 502/525/502
f 502/487/502 550/486/550 551/525/551
vt 0.473684 0.657895
f 502/487/502 551/525/551 503/526/503
f 504/526/504 552/488/552 505/487/505
vt 0.500000 0.657895
f 505/526/505 552/527/552 553/488/553
f 505/527/505 553/489/553 506/488/506
vt 0.526316 0.657895
f 506/527/506 553/528/553 554/489/554
f 506/528/506 554/490/554 507/489/507
vt 0.552632 0.657895
f 507/528/507 554/529/554 555/490/555
f 507/529/507 555/491/555 508/490/508
vt 0.578947 0.657895
f 508/529/508 555/530/555 556/491/556
f 508/530/508 556/492/556 509/491/509
vt 0.605263 0.657895
f 509/530/509 556/531/556 557/492/557
f 509/531/509 557/493/557 510/492/510
vt 0.631579 0.657895
f 510/531/510 557/532/557 558/493/558
f 510/532/510 558/494/558 511/493/511
vt 0.657895 0.657895
f 511/532/511 558/533/558 559/494/559
f 511/533/511 559/495/559 512/494/512
vt 0.684211 0.657895
f 512/533/512 559/534/559 560/495/560
f 512/534/512 560/496/560 513/495/513
vt 0.710526 0.657895
f 513/534/513 560/535/560 561/496/561
f 513/535/513 561/497/561 514/496/514
vt 0.736842 0.657895
f 514/535/514 561/536/561 562/497/562
f 514/536/514 562/498/562 515/497/515
vt 0.763158 0.657895
f 515/536/515 562/537/562 563/498/563
f 515/537/515 563/499/563 516/498/516
vt 0.789474 0.657895
f 516/537/516 563/538/563 564/499/564
f 516/538/516 564/500/564 517/499/517
vt 0.815789 0.657895
f 517/538/517 564/539/564 565/500/565
f 517/539/517 565/501/565 518/500/518
vt 0.842105 0.657895
f 518/539/518 565/540/565 566/501/566
f 518/540/518 566/502/566 519/501/519
vt 0.868421 0.657895
f 519/540/519 566/541/566 567/502/567
f 519/541/519 567/503/567 520/502/520
vt 0.894737 0.657895
f 520/541/520 567/542/567 568/503/568
f 520/542/520 568/504/568 521/503/521
vt 0.921053 0.657895
f 521/542/521 568/543/568 569/504/569
f 521/543/521 569/505/569 522/504/522
vt 0.947368 0.657895
f 522/543/522 569/544/569 570/505/570
f 522/544/522 570/506/570 523/505/523
vt 0.973684 0.657895
f 523/544/523 570/545/570 571/506/571
f 523/545/523 571/507/571 524/506/524
vt 1.000000 0.657895
f 524/545/524 571/546/571 572/507/572
vt 0.000000 0.631579
f 524/547/524 572/509/572 525/508/525
vt 0.026316 0.631579
f 525/547/525 572/548/572 573/509/573
f 525/548/525 573/510/573 526/509/526
vt 0.052632 0.631579
f 526/548/526 573/549/573 574/510/574
f 526/549/526 574/511/574 527/510/527
vt 0.078947 0.631579
f 527/549/527 574/550/574 575/511/575
f 527/550/527 575/512/575 528/511/528
vt 0.105263 0.631579
f 528/550/528 575/551/575 576/512/576
f 528/551/528 576/513/576 529/512/529
vt 0.131579 0.631579
f 529/551/529 576/552/576 577/513/577
f 529/552/529 577/514/577 530/513/530
vt 0.157895 0.631579
f 530/552/530 577/553/577 578/514/578
f 530/553/530 578/515/578 531/514/531
vt 0.184211 0.631579
f 531/553/531 578/554/578 579/515/579
f 531/554/531 579/516/579 532/515/532
vt 0.210526 0.631579
f 532/554/532 579/555/579 580/516/580
f 532/555/532 580/517/580 533/516/533
vt 0.236842 0.631579
f 533/555/533 580/556/580 581/517/581
f 533/556/533 581/518/581 534/517/534
vt 0.263158 0.631579
f 534/556/534 581/557/581 582/518/582
f 534/557/534 582/519/582 535/518/535
vt 0.289474 0.631579
f 535/557/535 582/558/582 583/519/583
f 535/558/535 583/520/583 536/519/536
vt 0.315789 0.631579
f 536/558/536 583/559/583 584/520/584
f 536/559/536 584/521/584 537/520/537
vt 0.342105 0.631579
f 537/559/537 584/560/584 585/521/585
f 537/560/537 585/522/585 538/521/538
vt 0.368421 0.631579
f 538/560/538 585/561/585 586/522/586
f 538/561/538 586/523/586 539/522/539
vt 0.394737 0.631579
f 539/561/539 586/562/586 587/523/587
f 539/562/539 587/524/587 540/523/540
vt 0.421053 0.631579
f 540/562/540 587/563/587 588/524/588
f 540/563/540 588/525/588 541/524/541
vt 0.447368 0.631579
f 541/563/541 588/564/588 589/525/589
f 541/564/541 589/526/589 542/525/542
vt 0.473684 0.631579
f 542/564/542 589/565/589 590/526/590
f 542/565/542 590/527/590 543/526/543
vt 0.500000 0.631579
f 543/565/543 590/566/590 591/527/591
f 543/566/543 591/528/591 544/527/544
vt 0.526316 0.631579
f 544/566/544 591/567/591 592/528/592
f 544/567/544 592/529/592 545/528/545
vt 0.552632 0.631579
f 545/567/545 592/568/592 593/529/593
f 545/568/545 593/530/593 546/529/546
vt 0.578947 0.631579
f 546/568/546 593/569/593 594/530/594
f 546/569/546 594/531/594 547/530/547
vt 0.605263 0.631579
f 547/569/547 594/570/594 595/531/595
f 547/570/547 595/532/595 548/531/548
vt 0.631579 0.631579
f 548/570/548 595/571/595 596/532/596
f 548/571/548 596/533/596 549/532/549
vt 0.657895 0.631579
f 549/571/549 596/572/596 597/533/597
f 549/572/549 597/534/597 550/533/550
vt 0.684211 0.631579
f 550/572/550 597/573/597 598/534/598
f 550/573/550 598/535/598 551/534/551
vt 0.710526 0.631579
f 552/535/552 599/573/599 553/574/553
f 553/536/553 599/535/599 600/574/600
vt 0.736842 0.631579
f 553/536/553 600/574/600 554/575/554
f 554/537/554 600/536/600 601/575/601
vt 0.763158 0.631579
f 554/537/554 601/575/601 555/576/555
f 555/538/555 601/537/601 602/576/602
vt 0.789474 0.631579
f 555/538/555 602/576/602 556/577/556
f 556/539/556 602/538/602 603/577/603
vt 0.815789 0.631579
f 556/539/556 603/577/603 557/578/557
f 557/540/557 603/539/603 604/578/604
vt 0.842105 0.631579
f 557/540/557 604/578/604 558/579/558
f 558/541/558 604/540/604 605/579/605
vt 0.868421 0.631579
f 558/541/558 605/579/605 559/580/559
f 559/542/559 605/541/605 606/580/606
vt 0.894737 0.631579
f 559/542/559 606/580/606 560/581/560
f 560/543/560 606/542/606 607/581/607
vt 0.921053 0.631579
f 560/543/560 607/581/607 561/582/561
f 561/544/561 607/543/607 608/582/608
vt 0.947368 0.631579
f 561/544/561 608/582/608 562/583/562
f 562/545/562 608/544/608 609/583/609
vt 0.973684 0.631579
f 562/545/562 609/583/609 563/584/563
f 563/546/563 609/545/609 610/584/610
vt 1.000000 0.631579
f 563/546/563 610/584/610 564/585/564
vt 0.000000 0.605263
f 564/548/564 610/547/610 611/586/611
vt 0.026316 0.605263
f 564/548/564 611/586/611 565/587/565
f 565/549/565 611/548/611 612/587/612
vt 0.052632 0.605263
f 565/549/565 612/587/612 566/588/566
f 566/550/566 612/549/612 613/588/613
vt 0.078947 0.605263
f 566/550/566 613/588/613 567/589/567
f 567/551/567 613/550/613 614/589/614
vt 0.105263 0.605263
f 567/551/567 614/589/614 568/590/568
f 568/552/568 614/551/614 615/590/615
vt 0.131579 0.605263
f 568/552/568 615/590/615 569/591/569
f 569/553/569 615/552/615 616/591/616
vt 0.157895 0.605263
f 569/553/569 616/591/616 570/592/570
f 570/554/570 616/553/616 617/592/617
vt 0.184211 0.605263
f 570/554/570 617/592/617 571/593/571
f 571/555/571 617/554/617 618/593/618
vt 0.210526 0.605263
f 571/555/571 618/593/618 572/594/572
f 572/556/572 618/555/618 619/594/619
vt 0.236842 0.605263
f 572/556/572 619/594/619 573/595/573
f 573/557/573 619/556/619 620/595/620
vt 0.263158 0.605263
f 573/557/573 620/595/620 574/596/574
f 574/558/574 620/557/620 621/596/621
vt 0.289474 0.605263
f 574/558/574 621/596/621 575/597/575
f 575/559/575 621/558/621 622/597/622
vt 0.315789 0.605263
f 575/559/575 622/597/622 576/598/576
f 576/560/576 622/559/622 623/598/623
vt 0.342105 0.605263
f 576/560/576 623/598/623 577/599/577
f 577/561/577 623/560/623 624/599/624
vt 0.368421 0.605263
f 577/561/577 624/599/624 578/600/578
f 578/562/578 624/561/624 625/600/625
vt 0.394737 0.605263
f 578/562/578 625/600/625 579/601/579
f 579/563/579 625/562/625 626/601/626
vt 0.421053 0.605263
f 579/563/579 626/601/626 580/602/580
f 580/564/580 626/563/626 627/602/627
vt 0.447368 0.605263
f 580/564/580 627/602/627 581/603/581
f 581/565/581 627/564/627 628/603/628
vt 0.473684 0.605263
f 581/565/581 628/603/628 582/604/582
f 582/566/582 628/565/628 629/604/629
vt 0.500000 0.605263
f 582/566/582 629/604/629 583/605/583
f 583/567/583 629/566/629 630/605/630
vt 0.526316 0.605263
f 583/567/583 630/605/630 584/606/584
f 584/568/584 630/567/630 631/606/631
vt 0.552632 0.605263
f 584/568/584 631/606/631 585/607/585
f 585/569/585 631/568/631 632/607/632
vt 0.578947 0.605263
f 585/569/585 632/607/632 586/608/586
f 586/570/586 632/569/632 633/608/633
vt 0.605263 0.605263
f 586/570/586 633/608/633 587/609/587
f 587/571/587 633/570/633 634/609/634
vt 0.631579 0.605263
f 587/571/587 634/609/634 588/610/588
f 588/572/588 634/571/634 635/610/635
vt 0.657895 0.605263
f 588/572/588 635/610/635 589/611/589
f 589/573/589 635/572/635 636/611/636
vt 0.684211 0.605263
f 589/573/589 636/611/636 590/612/590
f 590/574/590 636/573/636 637/612/637
vt 0.710526 0.605263
f 590/574/590 637/612/637 591/613/591
f 591/575/591 637/574/637 638/613/638
vt 0.736842 0.605263
f 591/575/591 638/613/638 592/614/592
f 592/576/592 638/575/638 639/614/639
vt 0.763158 0.605263
f 592/576/592 639/614/639 593/615/593
f 593/577/593 639/576/639 640/615/640
vt 0.789474 0.605263
f 593/577/593 640/615/640 594/616/594
f 594/578/594 640/577/640 641/616/641
vt 0.815789 0.605263
f 594/578/594 641/616/641 595/617/595
f 595/579/595 641/578/641 642/617/642
vt 0.842105 0.605263
f 595/579/595 642/617/642 596/618/596
f 596/580/596 642/579/642 643/618/643
vt 0.868421 0.605263
f 596/580/596 643/618/643 597/619/597
f 597/581/597 643/580/643 644/619/644
vt 0.894737 0.605263
f 597/581/597 644/619/644 598/620/598
f 599/620/599 645/582/645 600/581/600
vt 0.921053 0.605263
f 600/620/600 645/621/645 646/582/646
f 600/621/600 646/583/646 601/582/601
vt 0.947368 0.605263
f 601/621/601 646/622/646 647/583/647
f 601/622/601 647/584/647 602/583/602
vt 0.973684 0.605263
f 602/622/602 647/623/647 648/584/648
f 602/623/602 648/585/648 603/584/603
vt 1.000000 0.605263
f 603/623/603 648/624/648 649/585/649
vt 0.000000 0.578947
f 603/625/603 649/587/649 604/586/604
vt 0.026316 0.578947
f 604/625/604 649/626/649 650/587/650
f 604/626/604 650/588/650 605/587/605
vt 0.052632 0.578947
f 605/626/605 650/627/650 651/588/651
f 605/627/605 651/589/651 606/588/606
vt 0.078947 0.578947
f 606/627/606 651/628/651 652/589/652
f 606/628/606 652/590/652 607/589/607
vt 0.105263 0.578947
f 607/628/607 652/629/652 653/590/653
f 607/629/607 653/591/653 608/590/608
vt 0.131579 0.578947
f 608/629/608 653/630/653 654/591/654
f 608/630/608 654/592/654 609/591/609
vt 0.157895 0.578947
f 609/630/609 654/631/654 655/592/655
f 609/631/609 655/593/655 610/592/610
vt 0.184211 0.578947
f 610/631/610 655/632/655 656/593/656
f 610/632/610 656/594/656 611/593/611
vt 0.210526 0.578947
f 611/632/611 656/633/656 657/594/657
f 611/633/611 657/595/657 612/594/612
vt 0.236842 0.578947
f 612/633/612 657/634/657 658/595/658
f 612/634/612 658/596/658 613/595/613
vt 0.263158 0.578947
f 613/634/613 658/635/658 659/596/659
f 613/635/613 659/597/659 614/596/614
vt 0.289474 0.578947
f 614/635/614 659/636/659 660/597/660
f 614/636/614 660/598/660 615/597/615
vt 0.315789 0.578947
f 615/636/615 660/637/660 661/598/661
f 615/637/615 661/599/661 616/598/616
vt 0.342105 0.578947
f 616/637/616 661/638/661 662/599/662
f 616/638/616 662/600/662 617/599/617
vt 0.368421 0.578947
f 617/638/617 662/639/662 663/600/663
f 617/639/617 663/601/663 618/600/618
vt 0.394737 0.578947
f 618/639/618 663/640/663 664/601/664
f 618/640/618 664/602/664 619/601/619
vt 0.421053 0.578947
f 619/640/619 664/641/664 665/602/665
f 619/641/619 665/603/665 620/602/620
vt 0.447368 0.578947
f 620/641/620 665/642/665 666/603/666
f 620/642/620 666/604/666 621/603/621
vt 0.473684 0.578947
f 621/642/621 666/643/666 667/604/667
f 621/643/621 667/605/667 622/604/622
vt 0.500000 0.578947
f 622/643/622 667/644/667 668/605/668
f 622/644/622 668/606/668 623/605/623
vt 0.526316 0.578947
f 623/644/623 668/645/668 669/606/669
f 623/645/623 669/607/669 624/606/624
vt 0.552632 0.578947
f 624/645/624 669/646/669 670/607/670
f 624/646/624 670/608/670 625/607/625
vt 0.578947 0.578947
f 625/646/625 670/647/670 671/608/671
f 625/647/625 671/609/671 626/608/626
vt 0.605263 0.578947
f 626/647/626 671/648/671 672/609/672
f 626/648/626 672/610/672 627/609/627
vt 0.631579 0.578947
f 627/648/627 672/649/672 673/610/673
f 627/649/627 673/611/673 628/610/628
vt 0.657895 0.578947
f 628/649/628 673/650/673 674/611/674
f 628/650/628 674/612/674 629/611/629
vt 0.684211 0.578947
f 629/650/629 674/651/674 675/612/675
f 629/651/629 675/613/675 630/612/630
vt 0.710526 0.578947
f 630/651/630 675/652/675 676/613/676
f 630/652/630 676/614/676 631/613/631
vt 0.736842 0.578947
f 631/652/631 676/653/676 677/614/677
f 631/653/631 677/615/677 632/614/632
vt 0.763158 0.578947
f 632/653/632 677/654/677 678/615/678
f 632/654/632 678/616/678 633/615/633
vt 0.789474 0.578947
f 633/654/633 678/655/678 679/616/679
f 633/655/633 679/617/679 634/616/634
vt 0.815789 0.578947
f 634/655/634 679/656/679 680/617/680
f 634/656/634 680/618/680 635/617/635
vt 0.842105 0.578947
f 635/656/635 680/657/680 681/618/681
f 635/657/635 681/619/681 636/618/636
vt 0.868421 0.578947
f 636/657/636 681/658/681 682/619/682
f 636/658/636 682/620/682 637/619/637
vt 0.894737 0.578947
f 637/658/637 682/659/682 683/620/683
f 637/659/637 683/621/683 638/620/638
vt 0.921053 0.578947
f 638/659/638 683/660/683 684/621/684
f 638/660/638 684/622/684 639/621/639
vt 0.947368 0.578947
f 639/660/639 684/661/684 685/622/685
f 639/661/639 685/623/685 640/622/640
vt 0.973684 0.578947
f 640/661/640 685/662/685 686/623/686
f 640/662/640 686/624/686 641/623/641
vt 1.000000 0.578947
f 641/662/641 686/663/686 687/624/687
vt 0.000000 0.552632
f 641/664/641 687/626/687 642/625/642
vt 0.026316 0.552632
f 642/664/642 687/665/687 688/626/688
f 642/665/642 688/627/688 643/626/643
vt 0.052632 0.552632
f 643/665/643 688/666/688 689/627/689
f 643/666/643 689/628/689 644/627/644
vt 0.078947 0.552632
f 645/628/645 690/666/690 646/667/646
f 646/629/646 690/628/690 691/667/691
vt 0.105263 0.552632
f 646/629/646 691/667/691 647/668/647
f 647/630/647 691/629/691 692/668/692
vt 0.131579 0.552632
f 647/630/647 692/668/692 648/669/648
f 648/631/648 692/630/692 693/669/693
vt 0.157895 0.552632
f 648/631/648 693/669/693 649/670/649
f 649/632/649 693/631/693 694/670/694
vt 0.184211 0.552632
f 649/632/649 694/670/694 650/671/650
f 650/633/650 694/632/694 695/671/695
vt 0.210526 0.552632
f 650/633/650 695/671/695 651/672/651
f 651/634/651 695/633/695 696/672/696
vt 0.236842 0.552632
f 651/634/651 696/672/696 652/673/652
f 652/635/652 696/634/696 697/673/697
vt 0.263158 0.552632
f 652/635/652 697/673/697 653/674/653
f 653/636/653 697/635/697 698/674/698
vt 0.289474 0.552632
f 653/636/653 698/674/698 654/675/654
f 654/637/654 698/636/698 699/675/699
vt 0.315789 0.552632
f 654/637/654 699/675/699 655/676/655
f 655/638/655 699/637/699 700/676/700
vt 0.342105 0.552632
f 655/638/655 700/676/700 656/677/656
f 656/639/656 700/638/700 701/677/701
vt 0.368421 0.552632
f 656/639/656 701/677/701 657/678/657
f 657/640/657 701/639/701 702/678/702
vt 0.394737 0.552632
f 657/640/657 702/678/702 658/679/658
f 658/641/658 702/640/702 703/679/703
vt 0.421053 0.552632
f 658/641/658 703/679/703 659/680/659
f 659/642/659 703/641/703 704/680/704
vt 0.447368 0.552632
f 659/642/659 704/680/704 660/681/660
f 660/643/660 704/642/704 705/681/705
vt 0.473684 0.552632
f 660/643/660 705/681/705 661/682/661
f 661/644/661 705/643/705 706/682/706
vt 0.500000 0.552632
f 661/644/661 706/682/706 662/683/662
f 662/645/662 706/644/706 707/683/707
vt 0.526316 0.552632
f 662/645/662 707/683/707 663/684/663
f 663/646/663 707/645/707 708/684/708
vt 0.552632 0.552632
f 663/646/663 708/684/708 664/685/664
f 664/647/664 708/646/708 709/685/709
vt 0.578947 0.552632
f 664/647/664 709/685/709 665/686/665
f 665/648/665 709/647/709 710/686/710
vt 0.605263 0.552632
f 665/648/665 710/686/710 666/687/666
f 666/649/666 710/648/710 711/687/711
vt 0.631579 0.552632
f 666/649/666 711/687/711 667/688/667
f 667/650/667 711/649/711 712/688/712
vt 0.657895 0.552632
f 667/650/667 712/688/712 668/689/668
f 668/651/668 712/650/712 713/689/713
vt 0.684211 0.552632
f 668/651/668 713/689/713 669/690/669
f 669/652/669 713/651/713 714/690/714
vt 0.710526 0.552632
f 669/652/669 714/690/714 670/691/670
f 670/653/670 714/652/714 715/691/715
vt 0.736842 0.552632
f 670/653/670 715/691/715 671/692/671
f 671/654/671 715/653/715 716/692/716
vt 0.763158 0.552632
f 671/654/671 716/692/716 672/693/672
f 672/655/672 716/654/716 717/693/717
vt 0.789474 0.552632
f 672/655/672 717/693/717 673/694/673
f 673/656/673 717/655/717 718/694/718
vt 0.815789 0.552632
f 673/656/673 718/694/718 674/695/674
f 674/657/674 718/656/718 719/695/719
vt 0.842105 0.552632
f 674/657/674 719/695/719 675/696/675
f 675/658/675 719/657/719 720/696/720
vt 0.868421 0.552632
f 675/658/675 720/696/720 676/697/676
f 676/659/676 720/658/720 721/697/721
vt 0.894737 0.552632
f 676/659/676 721/697/721 677/698/677
f 677/660/677 721/659/721 722/698/722
vt 0.921053 0.552632
f 677/660/677 722/698/722 678/699/678
f 678/661/678 722/660/722 723/699/723
vt 0.947368 0.552632
f 678/661/678 723/699/723 679/700/679
f 679/662/679 723/661/723 724/700/724
vt 0.973684 0.552632
f 679/662/679 724/700/724 680/701/680
f 680/663/680 724/662/724 725/701/725
vt 1.000000 0.552632
f 680/663/680 725/701/725 681/702/681
vt 0.000000 0.526316
f 681/665/681 725/664/725 726/703/726
vt 0.026316 0.526316
f 681/665/681 726/703/726 682/704/682
f 682/666/682 726/665/726 727/704/727
vt 0.052632 0.526316
f 682/666/682 727/704/727 683/705/683
f 683/667/683 727/666/727 728/705/728
vt 0.078947 0.526316
f 683/667/683 728/705/728 684/706/684
f 684/668/684 728/667/728 729/706/729
vt 0.105263 0.526316
f 684/668/684 729/706/729 685/707/685
f 685/669/685 729/668/729 730/707/730
vt 0.131579 0.526316
f 685/669/685 730/707/730 686/708/686
f 686/670/686 730/669/730 731/708/731
vt 0.157895 0.526316
f 686/670/686 731/708/731 687/709/687
f 687/671/687 731/670/731 732/709/732
vt 0.184211 0.526316
f 687/671/687 732/709/732 688/710/688
f 688/672/688 732/671/732 733/710/733
vt 0.210526 0.526316
f 688/672/688 733/710/733 689/711/689
f 690/711/690 734/673/734 691/672/691
vt 0.236842 0.526316
f 691/711/691 734/712/734 735/673/735
f 691/712/691 735/674/735 692/673/692
vt 0.263158 0.526316
f 692/712/692 735/713/735 736/674/736
f 692/713/692 736/675/736 693/674/693
vt 0.289474 0.526316
f 693/713/693 736/714/736 737/675/737
f 693/714/693 737/676/737 694/675/694
vt 0.315789 0.526316
f 694/714/694 737/715/737 738/676/738
f 694/715/694 738/677/738 695/676/695
vt 0.342105 0.526316
f 695/715/695 738/716/738 739/677/739
f 695/716/695 739/678/739 696/677/696
vt 0.368421 0.526316
f 696/716/696 739/717/739 740/678/740
f 696/717/696 740/679/740 697/678/697
vt 0.394737 0.526316
f 697/717/697 740/718/740 741/679/741
f 697/718/697 741/680/741 698/679/698
vt 0.421053 0.526316
f 698/718/698 741/719/741 742/680/742
f 698/719/698 742/681/742 699/680/699
vt 0.447368 0.526316
f 699/719/699 742/720/742 743/681/743
f 699/720/699 743/682/743 700/681/700
vt 0.473684 0.526316
f 700/720/700 743/721/743 744/682/744
f 700/721/700 744/683/744 701/682/701
vt 0.500000 0.526316
f 701/721/701 744/722/744 745/683/745
f 701/722/701 745/684/745 702/683/702
vt 0.526316 0.526316
f 702/722/702 745/723/745 746/684/746
f 702/723/702 746/685/746 703/684/703
vt 0.552632 0.526316
f 703/723/703 746/724/746 747/685/747
f 703/724/703 747/686/747 704/685/704
vt 0.578947 0.526316
f 704/724/704 747/725/747 748/686/748
f 704/725/704 748/687/748 705/686/705
vt 0.605263 0.526316
f 705/725/705 748/726/748 749/687/749
f 705/726/705 749/688/749 706/687/706
vt 0.631579 0.526316
f 706/726/706 749/727/749 750/688/750
f 706/727/706 750/689/750 707/688/707
vt 0.657895 0.526316
f 707/727/707 750/728/750 751/689/751
f 707/728/707 751/690/751 708/689/708
vt 0.684211 0.526316
f 708/728/708 751/729/751 752/690/752
f 708/729/708 752/691/752 709/690/709
vt 0.710526 0.526316
f 709/729/709 752/730/752 753/691/753
f 709/730/709 753/692/753 710/691/710
vt 0.736842 0.526316
f 710/730/710 753/731/753 754/692/754
f 710/731/710 754/693/754 711/692/711
vt 0.763158 0.526316
f 711/731/711 754/732/754 755/693/755
f 711/732/711 755/694/755 712/693/712
vt 0.789474 0.526316
f 712/732/712 755/733/755 756/694/756
f 712/733/712 756/695/756 713/694/713
vt 0.815789 0.526316
f 713/733/713 756/734/756 757/695/757
f 713/734/713 757/696/757 714/695/714
vt 0.842105 0.526316
f 714/734/714 757/735/757 758/696/758
f 714/735/714 758/697/758 715/696/715
vt 0.868421 0.526316
f 715/735/715 758/736/758 759/697/759
f 715/736/715 759/698/759 716/697/716
vt 0.894737 0.526316
f 716/736/716 759/737/759 760/698/760
f 716/737/716 760/699/760 717/698/717
vt 0.921053 0.526316
f 717/737/717 760/738/760 761/699/761
f 717/738/717 761/700/761 718/699/718
vt 0.947368 0.526316
f 718/738/718 761/739/761 762/700/762
f 718/739/718 762/701/762 719/700/719
vt 0.973684 0.526316
f 719/739/719 762/740/762 763/701/763
f 719/740/719 763/702/763 720/701/720
vt 1.000000 0.526316
f 720/740/720 763/741/763 764/702/764
vt 0.000000 0.500000
f 720/742/720 764/704/764 721/703/721
vt 0.026316 0.500000
f 721/742/721 764/743/764 765/704/765
f 721/743/721 765/705/765 722/704/722
vt 0.052632 0.500000
f 722/743/722 765/744/765 766/705/766
f 722/744/722 766/706/766 723/705/723
vt 0.078947 0.500000
f 723/744/723 766/745/766 767/706/767
f 723/745/723 767/707/767 724/706/724
vt 0.105263 0.500000
f 724/745/724 767/746/767 768/707/768
f 724/746/724 768/708/768 725/707/725
vt 0.131579 0.500000
f 725/746/725 768/747/768 769/708/769
f 725/747/725 769/709/769 726/708/726
vt 0.157895 0.500000
f 726/747/726 769/748/769 770/709/770
f 726/748/726 770/710/770 727/709/727
vt 0.184211 0.500000
f 727/748/727 770/749/770 771/710/771
f 727/749/727 771/711/771 728/710/728
vt 0.210526 0.500000
f 728/749/728 771/750/771 772/711/772
f 728/750/728 772/712/772 729/711/729
vt 0.236842 0.500000
f 729/750/729 772/751/772 773/712/773
f 729/751/729 773/713/773 730/712/730
vt 0.263158 0.500000
f 730/751/730 773/752/773 774/713/774
f 730/752/730 774/714/774 731/713/731
vt 0.289474 0.500000
f 731/752/731 774/753/774 775/714/775
f 731/753/731 775/715/775 732/714/732
vt 0.315789 0.500000
f 732/753/732 775/754/775 776/715/776
f 732/754/732 776/716/776 733/715/733
vt 0.342105 0.500000
f 734/716/734 777/754/777 735/755/735
f 735/717/735 777/716/777 778/755/778
vt 0.368421 0.500000
f 735/717/735 778/755/778 736/756/736
f 736/718/736 778/717/778 779/756/779
vt 0.394737 0.500000
f 736/718/736 779/756/779 737/757/737
f 737/719/737 779/718/779 780/757/780
vt 0.421053 0.500000
f 737/719/737 780/757/780 738/758/738
f 738/720/738 780/719/780 781/758/781
vt 0.447368 0.500000
f 738/720/738 781/758/781 739/759/739
f 739/721/739 781/720/781 782/759/782
vt 0.473684 0.500000
f 739/721/739 782/759/782 740/760/740
f 740/722/740 782/721/782 783/760/783
vt 0.500000 0.500000
f 740/722/740 783/760/783 741/761/741
f 741/723/741 783/722/783 784/761/784
vt 0.526316 0.500000
f 741/723/741 784/761/784 742/762/742
f 742/724/742 784/723/784 785/762/785
vt 0.552632 0.500000
f 742/724/742 785/762/785 743/763/743
f 743/725/743 785/724/785 786/763/786
vt 0.578947 0.500000
f 743/725/743 786/763/786 744/764/744
f 744/726/744 786/725/786 787/764/787
vt 0.605263 0.500000
f 744/726/744 787/764/787 745/765/745
f 745/727/745 787/726/787 788/765/788
vt 0.631579 0.500000
f 745/727/745 788/765/788 746/766/746
f 746/728/746 788/727/788 789/766/789
vt 0.657895 0.500000
f 746/728/746 789/766/789 747/767/747
f 747/729/747 789/728/789 790/767/790
vt 0.684211 0.500000
f 747/729/747 790/767/790 748/768/748
f 748/730/748 790/729/790 791/768/791
vt 0.710526 0.500000
f 748/730/748 791/768/791 749/769/749
f 749/731/749 791/730/791 792/769/792
vt 0.736842 0.500000
f 749/731/749 792/769/792 750/770/750
f 750/732/750 792/731/792 793/770/793
vt 0.763158 0.500000
f 750/732/750 793/770/793 751/771/751
f 751/733/751 793/732/793 794/771/794
vt 0.789474 0.500000
f 751/733/751 794/771/794 752/772/752
f 752/734/752 794/733/794 795/772/795
vt 0.815789 0.500000
f 752/734/752 795/772/795 753/773/753
f 753/735/753 795/734/795 796/773/796
vt 0.842105 0.500000
f 753/735/753 796/773/796 754/774/754
f 754/736/754 796/735/796 797/774/797
vt 0.868421 0.500000
f 754/736/754 797/774/797 755/775/755
f 755/737/755 797/736/797 798/775/798
vt 0.894737 0.500000
f 755/737/755 798/775/798 756/776/756
f 756/738/756 798/737/798 799/776/799
vt 0.921053 0.500000
f 756/738/756 799/776/799 757/777/757
f 757/739/757 799/738/799 800/777/800
vt 0.947368 0.500000
f 757/739/757 800/777/800 758/778/758
f 758/740/758 800/739/800 801/778/801
vt 0.973684 0.500000
f 758/740/758 801/778/801 759/779/759
f 759/741/759 801/740/801 802/779/802
vt 1.000000 0.500000
f 759/741/759 802/779/802 760/780/760
vt 0.000000 0.473684
f 760/743/760 802/742/802 803/781/803
vt 0.026316 0.473684
f 760/743/760 803/781/803 761/782/761
f 761/744/761 803/743/803 804/782/804
vt 0.052632 0.473684
f 761/744/761 804/782/804 762/783/762
f 762/745/762 804/744/804 805/783/805
vt 0.078947 0.473684
f 762/745/762 805/783/805 763/784/763
f 763/746/763 805/745/805 806/784/806
vt 0.105263 0.473684
f 763/746/763 806/784/806 764/785/764
f 764/747/764 806/746/806 807/785/807
vt 0.131579 0.473684
f 764/747/764 807/785/807 765/786/765
f 765/748/765 807/747/807 808/786/808
vt 0.157895 0.473684
f 765/748/765 808/786/808 766/787/766
f 766/749/766 808/748/808 809/787/809
vt 0.184211 0.473684
f 766/749/766 809/787/809 767/788/767
f 767/750/767 809/749/809 810/788/810
vt 0.210526 0.473684
f 767/750/767 810/788/810 768/789/768
f 768/751/768 810/750/810 811/789/811
vt 0.236842 0.473684
f 768/751/768 811/789/811 769/790/769
f 769/752/769 811/751/811 812/790/812
vt 0.263158 0.473684
f 769/752/769 812/790/812 770/791/770
f 770/753/770 812/752/812 813/791/813
vt 0.289474 0.473684
f 770/753/770 813/791/813 771/792/771
f 771/754/771 813/753/813 814/792/814
vt 0.315789 0.473684
f 771/754/771 814/792/814 772/793/772
f 772/755/772 814/754/814 815/793/815
vt 0.342105 0.473684
f 772/755/772 815/793/815 773/794/773
f 773/756/773 815/755/815 816/794/816
vt 0.368421 0.473684
f 773/756/773 816/794/816 774/795/774
f 774/757/774 816/756/816 817/795/817
vt 0.394737 0.473684
f 774/757/774 817/795/817 775/796/775
f 775/758/775 817/757/817 818/796/818
vt 0.421053 0.473684
f 775/758/775 818/796/818 776/797/776
f 777/797/777 819/759/819 778/758/778
vt 0.447368 0.473684
f 778/797/778 819/798/819 820/759/820
f 778/798/778 820/760/820 779/759/779
vt 0.473684 0.473684
f 779/798/779 820/799/820 821/760/821
f 779/799/779 821/761/821 780/760/780
vt 0.500000 0.473684
f 780/799/780 821/800/821 822/761/822
f 780/800/780 822/762/822 781/761/781
vt 0.526316 0.473684
f 781/800/781 822/801/822 823/762/823
f 781/801/781 823/763/823 782/762/782
vt 0.552632 0.473684
f 782/801/782 823/802/823 824/763/824
f 782/802/782 824/764/824 783/763/783
vt 0.578947 0.473684
f 783/802/783 824/803/824 825/764/825
f 783/803/783 825/765/825 784/764/784
vt 0.605263 0.473684
f 784/803/784 825/804/825 826/765/826
f 784/804/784 826/766/826 785/765/785
vt 0.631579 0.473684
f 785/804/785 826/805/826 827/766/827
f 785/805/785 827/767/827 786/766/786
vt 0.657895 0.473684
f 786/805/786 827/806/827 828/767/828
f 786/806/786 828/768/828 787/767/787
vt 0.684211 0.473684
f 787/806/787 828/807/828 829/768/829
f 787/807/787 829/769/829 788/768/788
vt 0.710526 0.473684
f 788/807/788 829/808/829 830/769/830
f 788/808/788 830/770/830 789/769/789
vt 0.736842 0.473684
f 789/808/789 830/809/830 831/770/831
f 789/809/789 831/771/831 790/770/790
vt 0.763158 0.473684
f 790/809/790 831/810/831 832/771/832
f 790/810/790 832/772/832 791/771/791
vt 0.789474 0.473684
f 791/810/791 832/811/832 833/772/833
f 791/811/791 833/773/833 792/772/792
vt 0.815789 0.473684
f 792/811/792 833/812/833 834/773/834
f 792/812/792 834/774/834 793/773/793
vt 0.842105 0.473684
f 793/812/793 834/813/834 835/774/835
f 793/813/793 835/775/835 794/774/794
vt 0.868421 0.473684
f 794/813/794 835/814/835 836/775/836
f 794/814/794 836/776/836 795/775/795
vt 0.894737 0.473684
f 795/814/795 836/815/836 837/776/837
f 795/815/795 837/777/837 796/776/796
vt 0.921053 0.473684
f 796/815/796 837/816/837 838/777/838
f 796/816/796 838/778/838 797/777/797
vt 0.947368 0.473684
f 797/816/797 838/817/838 839/778/839
f 797/817/797 839/779/839 798/778/798
vt 0.973684 0.473684
f 798/817/798 839/818/839 840/779/840
f 798/818/798 840/780/840 799/779/799
vt 1.000000 0.473684
f 799/818/799 840/819/840 841/780/841
vt 0.000000 0.447368
f 799/820/799 841/782/841 800/781/800
vt 0.026316 0.447368
f 800/820/800 841/821/841 842/782/842
f 800/821/800 842/783/842 801/782/801
vt 0.052632 0.447368
f 801/821/801 842/822/842 843/783/843
f 801/822/801 843/784/843 802/783/802
vt 0.078947 0.447368
f 802/822/802 843/823/843 844/784/844
f 802/823/802 844/785/844 803/784/803
vt 0.105263 0.447368
f 803/823/803 844/824/844 845/785/845
f 803/824/803 845/786/845 804/785/804
vt 0.131579 0.447368
f 804/824/804 845/825/845 846/786/846
f 804/825/804 846/787/846 805/786/805
vt 0.157895 0.447368
f 805/825/805 846/826/846 847/787/847
f 805/826/805 847/788/847 806/787/806
vt 0.184211 0.447368
f 806/826/806 847/827/847 848/788/848
f 806/827/806 848/789/848 807/788/807
vt 0.210526 0.447368
f 807/827/807 848/828/848 849/789/849
f 807/828/807 849/790/849 808/789/808
vt 0.236842 0.447368
f 808/828/808 849/829/849 850/790/850
f 808/829/808 850/791/850 809/790/809
vt 0.263158 0.447368
f 809/829/809 850/830/850 851/791/851
f 809/830/809 851/792/851 810/791/810
vt 0.289474 0.447368
f 810/830/810 851/831/851 852/792/852
f 810/831/810 852/793/852 811/792/811
vt 0.315789 0.447368
f 811/831/811 852/832/852 853/793/853
f 811/832/811 853/794/853 812/793/812
vt 0.342105 0.447368
f 812/832/812 853/833/853 854/794/854
f 812/833/812 854/795/854 813/794/813
vt 0.368421 0.447368
f 813/833/813 854/834/854 855/795/855
f 813/834/813 855/796/855 814/795/814
vt 0.394737 0.447368
f 814/834/814 855/835/855 856/796/856
f 814/835/814 856/797/856 815/796/815
vt 0.421053 0.447368
f 815/835/815 856/836/856 857/797/857
f 815/836/815 857/798/857 816/797/816
vt 0.447368 0.447368
f 816/836/816 857/837/857 858/798/858
f 816/837/816 858/799/858 817/798/817
vt 0.473684 0.447368
f 817/837/817 858/838/858 859/799/859
f 817/838/817 859/800/859 818/799/818
vt 0.500000 0.447368
f 819/800/819 860/838/860 820/839/820
f 820/801/820 860/800/860 861/839/861
vt 0.526316 0.447368
f 820/801/820 861/839/861 821/840/821
f 821/802/821 861/801/861 862/840/862
vt 0.552632 0.447368
f 821/802/821 862/840/862 822/841/822
f 822/803/822 862/802/862 863/841/863
vt 0.578947 0.447368
f 822/803/822 863/841/863 823/842/823
f 823/804/823 863/803/863 864/842/864
vt 0.605263 0.447368
f 823/804/823 864/842/864 824/843/824
f 824/805/824 864/804/864 865/843/865
vt 0.631579 0.447368
f 824/805/824 865/843/865 825/844/825
f 825/806/825 865/805/865 866/844/866
vt 0.657895 0.447368
f 825/806/825 866/844/866 826/845/826
f 826/807/826 866/806/866 867/845/867
vt 0.684211 0.447368
f 826/807/826 867/845/867 827/846/827
f 827/808/827 867/807/867 868/846/868
vt 0.710526 0.447368
f 827/808/827 868/846/868 828/847/828
f 828/809/828 868/808/868 869/847/869
vt 0.736842 0.447368
f 828/809/828 869/847/869 829/848/829
f 829/810/829 869/809/869 870/848/870
vt 0.763158 0.447368
f 829/810/829 870/848/870 830/849/830
f 830/811/830 870/810/870 871/849/871
vt 0.789474 0.447368
f 830/811/830 871/849/871 831/850/831
f 831/812/831 871/811/871 872/850/872
vt 0.815789 0.447368
f 831/812/831 872/850/872 832/851/832
f 832/813/832 872/812/872 873/851/873
vt 0.842105 0.447368
f 832/813/832 873/851/873 833/852/833
f 833/814/833 873/813/873 874/852/874
vt 0.868421 0.447368
f 833/814/833 874/852/874 834/853/834
f 834/815/834 874/814/874 875/853/875
vt 0.894737 0.447368
f 834/815/834 875/853/875 835/854/835
f 835/816/835 875/815/875 876/854/876
vt 0.921053 0.447368
f 835/816/835 876/854/876 836/855/836
f 836/817/836 876/816/876 877/855/877
vt 0.947368 0.447368
f 836/817/836 877/855/877 837/856/837
f 837/818/837 877/817/877 878/856/878
vt 0.973684 0.447368
f 837/818/837 878/856/878 838/857/838
f 838/819/838 878/818/878 879/857/879
vt 1.000000 0.447368
f 838/819/838 879/857/879 839/858/839
vt 0.000000 0.421053
f 839/821/839 879/820/879 880/859/880
vt 0.026316 0.421053
f 839/821/839 880/859/880 840/860/840
f 840/822/840 880/821/880 881/860/881
vt 0.052632 0.421053
f 840/822/840 881/860/881 841/861/841
f 841/823/841 881/822/881 882/861/882
vt 0.078947 0.421053
f 841/823/841 882/861/882 842/862/842
f 842/824/842 882/823/882 883/862/883
vt 0.105263 0.421053
f 842/824/842 883/862/883 843/863/843
f 843/825/843 883/824/883 884/863/884
vt 0.131579 0.421053
f 843/825/843 884/863/884 844/864/844
f 844/826/844 884/825/884 885/864/885
vt 0.157895 0.421053
f 844/826/844 885/864/885 845/865/845
f 845/827/845 885/826/885 886/865/886
vt 0.184211 0.421053
f 845/827/845 886/865/886 846/866/846
f 846/828/846 886/827/886 887/866/887
vt 0.210526 0.421053
f 846/828/846 887/866/887 847/867/847
f 847/829/847 887/828/887 888/867/888
vt 0.236842 0.421053
f 847/829/847 888/867/888 848/868/848
f 848/830/848 888/829/888 889/868/889
vt 0.263158 0.421053
f 848/830/848 889/868/889 849/869/849
f 849/831/849 889/830/889 890/869/890
vt 0.289474 0.421053
f 849/831/849 890/869/890 850/870/850
f 850/832/850 890/831/890 891/870/891
vt 0.315789 0.421053
f 850/832/850 891/870/891 851/871/851
f 851/833/851 891/832/891 892/871/892
vt 0.342105 0.421053
f 851/833/851 892/871/892 852/872/852
f 852/834/852 892/833/892 893/872/893
vt 0.368421 0.421053
f 852/834/852 893/872/893 853/873/853
f 853/835/853 893/834/893 894/873/894
vt 0.394737 0.421053
f 853/835/853 894/873/894 854/874/854
f 854/836/854 894/835/894 895/874/895
vt 0.421053 0.421053
f 854/836/854 895/874/895 855/875/855
f 855/837/855 895/836/895 896/875/896
vt 0.447368 0.421053
f 855/837/855 896/875/896 856/876/856
f 856/838/856 896/837/896 897/876/897
vt 0.473684 0.421053
f 856/838/856 897/876/897 857/877/857
f 857/839/857 897/838/897 898/877/898
vt 0.500000 0.421053
f 857/839/857 898/877/898 858/878/858
f 858/840/858 898/839/898 899/878/899
vt 0.526316 0.421053
f 858/840/858 899/878/899 859/879/859
f 900/841/900 901/840/901 902/879/902
vt 0.552632 0.421053
f 903/880/903 901/841/901 904/879/904
f 904/880/904 901/842/901 900/841/900
vt 0.578947 0.421053
f 904/881/904 900/842/900 905/880/905
f 906/842/906 903/881/903 907/843/907
vt 0.605263 0.421053
f 907/843/907 903/881/903 904/882/904
f 907/843/907 904/882/904 908/844/908
vt 0.631579 0.421053
f 908/844/908 904/882/904 905/883/905
f 908/844/908 905/883/905 909/845/909
vt 0.657895 0.421053
f 910/884/910 906/845/906 911/883/911
f 911/884/911 906/846/906 907/845/907
vt 0.684211 0.421053
f 911/885/911 907/846/907 912/884/912
f 912/885/912 907/847/907 908/846/908
vt 0.710526 0.421053
f 912/886/912 908/847/908 913/885/913
f 913/886/913 908/848/908 909/847/909
vt 0.736842 0.421053
f 913/887/913 909/848/909 914/886/914
f 915/848/915 910/887/910 916/849/916
vt 0.763158 0.421053
f 916/849/916 910/887/910 911/888/911
f 916/849/916 911/888/911 917/850/917
vt 0.789474 0.421053
f 917/850/917 911/888/911 912/889/912
f 917/850/917 912/889/912 918/851/918
vt 0.815789 0.421053
f 918/851/918 912/889/912 913/890/913
f 918/851/918 913/890/913 919/852/919
vt 0.842105 0.421053
f 919/852/919 913/890/913 914/891/914
f 919/852/919 914/891/914 920/853/920
vt 0.868421 0.421053
f 921/892/921 915/853/915 922/891/922
f 922/892/922 915/854/915 916/853/916
vt 0.894737 0.421053
f 922/893/922 916/854/916 923/892/923
f 923/893/923 916/855/916 917/854/917
vt 0.921053 0.421053
f 923/894/923 917/855/917 924/893/924
f 924/894/924 917/856/917 918/855/918
vt 0.947368 0.421053
f 924/895/924 918/856/918 925/894/925
f 925/895/925 918/857/918 919/856/919
vt 0.973684 0.421053
f 925/896/925 919/857/919 926/895/926
f 926/896/926 919/858/919 920/857/920
vt 1.000000 0.421053
f 926/897/926 920/858/920 927/896/927
vt 0.000000 0.394737
f 928/859/928 921/898/921 929/860/929
vt 0.026316 0.394737
f 929/860/929 921/898/921 922/899/922
f 929/860/929 922/899/922 930/861/930
vt 0.052632 0.394737
f 930/861/930 922/899/922 923/900/923
f 930/861/930 923/900/923 931/862/931
vt 0.078947 0.394737
f 931/862/931 923/900/923 924/901/924
f 931/862/931 924/901/924 932/863/932
vt 0.105263 0.394737
f 932/863/932 924/901/924 925/902/925
f 932/863/932 925/902/925 933/864/933
vt 0.131579 0.394737
f 933/864/933 925/902/925 926/903/926
f 933/864/933 926/903/926 934/865/934
vt 0.157895 0.394737
f 934/865/934 926/903/926 927/904/927
f 934/865/934 927/904/927 935/866/935
vt 0.184211 0.394737
f 936/905/936 928/866/928 937/904/937
f 937/905/937 928/867/928 929/866/929
vt 0.210526 0.394737
f 937/906/937 929/867/929 938/905/938
f 938/906/938 929/868/929 930/867/930
vt 0.236842 0.394737
f 938/907/938 930/868/930 939/906/939
f 939/907/939 930/869/930 931/868/931
vt 0.263158 0.394737
f 939/908/939 931/869/931 940/907/940
f 940/908/940 931/870/931 932/869/932
vt 0.289474 0.394737
f 940/909/940 932/870/932 941/908/941
f 941/909/941 932/871/932 933/870/933
vt 0.315789 0.394737
f 941/910/941 933/871/933 942/909/942
f 942/910/942 933/872/933 934/871/934
vt 0.342105 0.394737
f 942/911/942 934/872/934 943/910/943
f 943/911/943 934/873/934 935/872/935
vt 0.368421 0.394737
f 943/912/943 935/873/935 944/911/944
f 945/873/945 936/912/936 946/874/946
vt 0.394737 0.394737
f 946/874/946 936/912/936 937/913/937
f 946/874/946 937/913/937 947/875/947
vt 0.421053 0.394737
f 947/875/947 937/913/937 938/914/938
f 947/875/947 938/914/938 948/876/948
vt 0.447368 0.394737
f 948/876/948 938/914/938 939/915/939
f 948/876/948 939/915/939 949/877/949
vt 0.473684 0.394737
f 949/877/949 939/915/939 940/916/940
f 949/877/949 940/916/940 950/878/950
vt 0.500000 0.394737
f 950/878/950 940/916/940 941/917/941
f 950/878/950 941/917/941 951/879/951
vt 0.526316 0.394737
f 951/879/951 941/917/941 942/918/942
f 951/879/951 942/918/942 952/880/952
vt 0.552632 0.394737
f 952/880/952 942/918/942 943/919/943
f 952/880/952 943/919/943 953/881/953
vt 0.578947 0.394737
f 953/881/953 943/919/943 944/920/944
f 953/881/953 944/920/944 954/882/954
vt 0.605263 0.394737
f 955/921/955 945/882/945 956/920/956
f 956/921/956 945/883/945 946/882/946
vt 0.631579 0.394737
f 956/922/956 946/883/946 957/921/957
f 957/922/957 946/884/946 947/883/947
vt 0.657895 0.394737
f 957/923/957 947/884/947 958/922/958
f 958/923/958 947/885/947 948/884/948
vt 0.684211 0.394737
f 958/924/958 948/885/948 959/923/959
f 959/924/959 948/886/948 949/885/949
vt 0.710526 0.394737
f 959/925/959 949/886/949 960/924/960
f 960/925/960 949/887/949 950/886/950
vt 0.736842 0.394737
f 960/926/960 950/887/950 961/925/961
f 961/926/961 950/888/950 951/887/951
vt 0.763158 0.394737
f 961/927/961 951/888/951 962/926/962
f 962/927/962 951/889/951 952/888/952
vt 0.789474 0.394737
f 962/928/962 952/889/952 963/927/963
f 963/928/963 952/890/952 953/889/953
vt 0.815789 0.394737
f 963/929/963 953/890/953 964/928/964
f 964/929/964 953/891/953 954/890/954
vt 0.842105 0.394737
f 964/930/964 954/891/954 965/929/965
f 966/891/966 955/930/955 967/892/967
vt 0.868421 0.394737
f 967/892/967 955/930/955 956/931/956
f 967/892/967 956/931/956 968/893/968
vt 0.894737 0.394737
f 968/893/968 956/931/956 957/932/957
f 968/893/968 957/932/957 969/894/969
vt 0.921053 0.394737
f 969/894/969 957/932/957 958/933/958
f 969/894/969 958/933/958 970/895/970
vt 0.947368 0.394737
f 970/895/970 958/933/958 959/934/959
f 970/895/970 959/934/959 971/896/971
vt 0.973684 0.394737
f 971/896/971 959/934/959 960/935/960
f 971/896/971 960/935/960 972/897/972
vt 1.000000 0.394737
f 972/897/972 960/935/960 961/936/961
vt 0.000000 0.368421
f 972/898/972 961/937/961 973/899/973
vt 0.026316 0.368421
f 973/899/973 961/937/961 962/938/962
f 973/899/973 962/938/962 974/900/974
vt 0.052632 0.368421
f 974/900/974 962/938/962 963/939/963
f 974/900/974 963/939/963 975/901/975
vt 0.078947 0.368421
f 975/901/975 963/939/963 964/940/964
f 975/901/975 964/940/964 976/902/976
vt 0.105263 0.368421
f 976/902/976 964/940/964 965/941/965
f 976/902/976 965/941/965 977/903/977
vt 0.131579 0.368421
f 978/942/978 966/903/966 979/941/979
f 979/942/979 966/904/966 967/903/967
vt 0.157895 0.368421
f 979/943/979 967/904/967 980/942/980
f 980/943/980 967/905/967 968/904/968
vt 0.184211 0.368421
f 980/944/980 968/905/968 981/943/981
f 981/944/981 968/906/968 969/905/969
vt 0.210526 0.368421
f 981/945/981 969/906/969 982/944/982
f 982/945/982 969/907/969 970/906/970
vt 0.236842 0.368421
f 982/946/982 970/907/970 983/945/983
f 983/946/983 970/908/970 971/907/971
vt 0.263158 0.368421
f 983/947/983 971/908/971 984/946/984
f 984/947/984 971/909/971 972/908/972
vt 0.289474 0.368421
f 984/948/984 972/909/972 985/947/985
f 985/948/985 972/910/972 973/909/973
vt 0.315789 0.368421
f 985/949/985 973/910/973 986/948/986
f 986/949/986 973/911/973 974/910/974
vt 0.342105 0.368421
f 986/950/986 974/911/974 987/949/987
f 987/950/987 974/912/974 975/911/975
vt 0.368421 0.368421
f 987/951/987 975/912/975 988/950/988
f 988/951/988 975/913/975 976/912/976
vt 0.394737 0.368421
f 988/952/988 976/913/976 989/951/989
f 989/952/989 976/914/976 977/913/977
vt 0.421053 0.368421
f 989/953/989 977/914/977 990/952/990
f 991/914/991 978/953/978 992/915/992
vt 0.447368 0.368421
f 992/915/992 978/953/978 979/954/979
f 992/915/992 979/954/979 993/916/993
vt 0.473684 0.368421
f 993/916/993 979/954/979 980/955/980
f 993/916/993 980/955/980 994/917/994
vt 0.500000 0.368421
f 994/917/994 980/955/980 981/956/981
f 994/917/994 981/956/981 995/918/995
vt 0.526316 0.368421
f 995/918/995 981/956/981 982/957/982
f 995/918/995 982/957/982 996/919/996
vt 0.552632 0.368421
f 996/919/996 982/957/982 983/958/983
f 996/919/996 983/958/983 997/920/997
vt 0.578947 0.368421
f 997/920/997 983/958/983 984/959/984
f 997/920/997 984/959/984 998/921/998
vt 0.605263 0.368421
f 998/921/998 984/959/984 985/960/985
f 998/921/998 985/960/985 999/922/999
vt 0.631579 0.368421
f 999/922/999 985/960/985 986/961/986
f 999/922/999 986/961/986 1000/923/1000
vt 0.657895 0.368421
f 1000/923/1000 986/961/986 987/962/987
f 1000/923/1000 987/962/987 1001/924/1001
vt 0.684211 0.368421
f 1001/924/1001 987/962/987 988/963/988
f 1001/924/1001 988/963/988 1002/925/1002
vt 0.710526 0.368421
f 1002/925/1002 988/963/988 989/964/989
f 1002/925/1002 989/964/989 1003/926/1003
vt 0.736842 0.368421
f 1003/926/1003 989/964/989 990/965/990
f 1003/926/1003 990/965/990 1004/927/1004
vt 0.763158 0.368421
f 1005/966/1005 991/927/991 1006/965/1006
f 1006/966/1006 991/928/991 992/927/992
vt 0.789474 0.368421
f 1006/967/1006 992/928/992 1007/966/1007
f 1007/967/1007 992/929/992 993/928/993
vt 0.815789 0.368421
f 1007/968/1007 993/929/993 1008/967/1008
f 1008/968/1008 993/930/993 994/929/994
vt 0.842105 0.368421
f 1008/969/1008 994/930/994 1009/968/1009
f 1009/969/1009 994/931/994 995/930/995
vt 0.868421 0.368421
f 1009/970/1009 995/931/995 1010/969/1010
f 1010/970/1010 995/932/995 996/931/996
vt 0.894737 0.368421
f 1010/971/1010 996/932/996 1011/970/1011
f 1011/971/1011 996/933/996 997/932/997
vt 0.921053 0.368421
f 1011/972/1011 997/933/997 1012/971/1012
f 1012/972/1012 997/934/997 998/933/998
vt 0.947368 0.368421
f 1012/973/1012 998/934/998 1013/972/1013
f 1013/973/1013 998/935/998 999/934/999
vt 0.973684 0.368421
f 1013/974/1013 999/935/999 1014/973/1014
f 1014/974/1014 999/936/999 1000/935/1000
vt 1.000000 0.368421
f 1014/975/1014 1000/936/1000 1015/974/1015
vt 0.000000 0.342105
f 1015/976/1015 1000/938/1000 1001/937/1001
vt 0.026316 0.342105
f 1015/977/1015 1001/938/1001 1016/976/1016
f 1016/977/1016 1001/939/1001 1002/938/1002
vt 0.052632 0.342105
f 1016/978/1016 1002/939/1002 1017/977/1017
f 1017/978/1017 1002/940/1002 1003/939/1003
vt 0.078947 0.342105
f 1017/979/1017 1003/940/1003 1018/978/1018
f 1018/979/1018 1003/941/1003 1004/940/1004
vt 0.105263 0.342105
f 1018/980/1018 1004/941/1004 1019/979/1019
f 1020/941/1020 1005/980/1005 1021/942/1021
vt 0.131579 0.342105
f 1021/942/1021 1005/980/1005 1006/981/1006
f 1021/942/1021 1006/981/1006 1022/943/1022
vt 0.157895 0.342105
f 1022/943/1022 1006/981/1006 1007/982/1007
f 1022/943/1022 1007/982/1007 1023/944/1023
vt 0.184211 0.342105
f 1023/944/1023 1007/982/1007 1008/983/1008
f 1023/944/1023 1008/983/1008 1024/945/1024
vt 0.210526 0.342105
f 1024/945/1024 1008/983/1008 1009/984/1009
f 1024/945/1024 1009/984/1009 1025/946/1025
vt 0.236842 0.342105
f 1025/946/1025 1009/984/1009 1010/985/1010
f 1025/946/1025 1010/985/1010 1026/947/1026
vt 0.263158 0.342105
f 1026/947/1026 1010/985/1010 1011/986/1011
f 1026/947/1026 1011/986/1011 1027/948/1027
vt 0.289474 0.342105
f 1027/948/1027 1011/986/1011 1012/987/1012
f 1027/948/1027 1012/987/1012 1028/949/1028
vt 0.315789 0.342105
f 1028/949/1028 1012/987/1012 1013/988/1013
f 1028/949/1028 1013/988/1013 1029/950/1029
vt 0.342105 0.342105
f 1029/950/1029 1013/988/1013 1014/989/1014
f 1029/950/1029 1014/989/1014 1030/951/1030
vt 0.368421 0.342105
f 1030/951/1030 1014/989/1014 1015/990/1015
f 1030/951/1030 1015/990/1015 1031/952/1031
vt 0.394737 0.342105
f 1031/952/1031 1015/990/1015 1016/991/1016
f 1031/952/1031 1016/991/1016 1032/953/1032
vt 0.421053 0.342105
f 1032/953/1032 1016/991/1016 1017/992/1017
f 1032/953/1032 1017/992/1017 1033/954/1033
vt 0.447368 0.342105
f 1033/954/1033 1017/992/1017 1018/993/1018
f 1033/954/1033 1018/993/1018 1034/955/1034
vt 0.473684 0.342105
f 1034/955/1034 1018/993/1018 1019/994/1019
f 1034/955/1034 1019/994/1019 1035/956/1035
vt 0.500000 0.342105
f 1036/995/1036 1020/956/1020 1037/994/1037
f 1037/995/1037 1020/957/1020 1021/956/1021
vt 0.526316 0.342105
f 1037/996/1037 1021/957/1021 1038/995/1038
f 1038/996/1038 1021/958/1021 1022/957/1022
vt 0.552632 0.342105
f 1038/997/1038 1022/958/1022 1039/996/1039
f 1039/997/1039 1022/959/1022 1023/958/1023
vt 0.578947 0.342105
f 1039/998/1039 1023/959/1023 1040/997/1040
f 1040/998/1040 1023/960/1023 1024/959/1024
vt 0.605263 0.342105
f 1040/999/1040 1024/960/1024 1041/998/1041
f 1041/999/1041 1024/961/1024 1025/960/1025
vt 0.631579 0.342105
f 1041/1000/1041 1025/961/1025 1042/999/1042
f 1042/1000/1042 1025/962/1025 1026/961/1026
vt 0.657895 0.342105
f 1042/1001/1042 1026/962/1026 1043/1000/1043
f 1043/1001/1043 1026/963/1026 1027/962/1027
vt 0.684211 0.342105
f 1043/1002/1043 1027/963/1027 1044/1001/1044
f 1044/1002/1044 1027/964/1027 1028/963/1028
vt 0.710526 0.342105
f 1044/1003/1044 1028/964/1028 1045/1002/1045
f 1045/1003/1045 1028/965/1028 1029/964/1029
vt 0.736842 0.342105
f 1045/1004/1045 1029/965/1029 1046/1003/1046
f 1046/1004/1046 1029/966/1029 1030/965/1030
vt 0.763158 0.342105
f 1046/1005/1046 1030/966/1030 1047/1004/1047
f 1047/1005/1047 1030/967/1030 1031/966/1031
vt 0.789474 0.342105
f 1047/1006/1047 1031/967/1031 1048/1005/1048
f 1048/1006/1048 1031/968/1031 1032/967/1032
vt 0.815789 0.342105
f 1048/1007/1048 1032/968/1032 1049/1006/1049
f 1049/1007/1049 1032/969/1032 1033/968/1033
vt 0.842105 0.342105
f 1049/1008/1049 1033/969/1033 1050/1007/1050
f 1050/1008/1050 1033/970/1033 1034/969/1034
vt 0.868421 0.342105
f 1050/1009/1050 1034/970/1034 1051/1008/1051
f 1051/1009/1051 1034/971/1034 1035/970/1035
vt 0.894737 0.342105
f 1051/1010/1051 1035/971/1035 1052/1009/1052
f 1053/971/1053 1036/1010/1036 1054/972/1054
vt 0.921053 0.342105
f 1054/972/1054 1036/1010/1036 1037/1011/1037
f 1054/972/1054 1037/1011/1037 1055/973/1055
vt 0.947368 0.342105
f 1055/973/1055 1037/1011/1037 1038/1012/1038
f 1055/973/1055 1038/1012/1038 1056/974/1056
vt 0.973684 0.342105
f 1056/974/1056 1038/1012/1038 1039/1013/1039
f 1056/974/1056 1039/1013/1039 1057/975/1057
vt 1.000000 0.342105
f 1057/975/1057 1039/1013/1039 1040/1014/1040
vt 0.000000 0.315789
f 1057/976/1057 1040/1015/1040 1058/977/1058
vt 0.026316 0.315789
f 1058/977/1058 1040/1015/1040 1041/1016/1041
f 1058/977/1058 1041/1016/1041 1059/978/1059
vt 0.052632 0.315789
f 1059/978/1059 1041/1016/1041 1042/1017/1042
f 1059/978/1059 1042/1017/1042 1060/979/1060
vt 0.078947 0.315789
f 1060/979/1060 1042/1017/1042 1043/1018/1043
f 1060/979/1060 1043/1018/1043 1061/980/1061
vt 0.105263 0.315789
f 1061/980/1061 1043/1018/1043 1044/1019/1044
f 1061/980/1061 1044/1019/1044 1062/981/1062
vt 0.131579 0.315789
f 1062/981/1062 1044/1019/1044 1045/1020/1045
f 1062/981/1062 1045/1020/1045 1063/982/1063
vt 0.157895 0.315789
f 1063/982/1063 1045/1020/1045 1046/1021/1046
f 1063/982/1063 1046/1021/1046 1064/983/1064
vt 0.184211 0.315789
f 1064/983/1064 1046/1021/1046 1047/1022/1047
f 1064/983/1064 1047/1022/1047 1065/984/1065
vt 0.210526 0.315789
f 1065/984/1065 1047/1022/1047 1048/1023/1048
f 1065/984/1065 1048/1023/1048 1066/985/1066
vt 0.236842 0.315789
f 1066/985/1066 1048/1023/1048 1049/1024/1049
f 1066/985/1066 1049/1024/1049 1067/986/1067
vt 0.263158 0.315789
f 1067/986/1067 1049/1024/1049 1050/1025/1050
f 1067/986/1067 1050/1025/1050 1068/987/1068
vt 0.289474 0.315789
f 1068/987/1068 1050/1025/1050 1051/1026/1051
f 1068/987/1068 1051/1026/1051 1069/988/1069
vt 0.315789 0.315789
f 1069/988/1069 1051/1026/1051 1052/1027/1052
f 1069/988/1069 1052/1027/1052 1070/989/1070
vt 0.342105 0.315789
f 860/989/860 1071/1027/1071 861/1028/861
f 861/990/861 1071/989/1071 1072/1028/1072
vt 0.368421 0.315789
f 861/990/861 1072/1028/1072 862/1029/862
f 862/991/862 1072/990/1072 1073/1029/1073
vt 0.394737 0.315789
f 862/991/862 1073/1029/1073 863/1030/863
f 863/992/863 1073/991/1073 1074/1030/1074
vt 0.421053 0.315789
f 863/992/863 1074/1030/1074 864/1031/864
f 864/993/864 1074/992/1074 1075/1031/1075
vt 0.447368 0.315789
f 864/993/864 1075/1031/1075 865/1032/865
f 865/994/865 1075/993/1075 1076/1032/1076
vt 0.473684 0.315789
f 865/994/865 1076/1032/1076 866/1033/866
f 866/995/866 1076/994/1076 1077/1033/1077
vt 0.500000 0.315789
f 866/995/866 1077/1033/1077 867/1034/867
f 867/996/867 1077/995/1077 1078/1034/1078
vt 0.526316 0.315789
f 867/996/867 1078/1034/1078 868/1035/868
f 868/997/868 1078/996/1078 1079/1035/1079
vt 0.552632 0.315789
f 868/997/868 1079/1035/1079 869/1036/869
f 869/998/869 1079/997/1079 1080/1036/1080
vt 0.578947 0.315789
f 869/998/869 1080/1036/1080 870/1037/870
f 870/999/870 1080/998/1080 1081/1037/1081
vt 0.605263 0.315789
f 870/999/870 1081/1037/1081 871/1038/871
f 871/1000/871 1081/999/1081 1082/1038/1082
vt 0.631579 0.315789
f 871/1000/871 1082/1038/1082 872/1039/872
f 872/1001/872 1082/1000/1082 1083/1039/1083
vt 0.657895 0.315789
f 872/1001/872 1083/1039/1083 873/1040/873
f 873/1002/873 1083/1001/1083 1084/1040/1084
vt 0.684211 0.315789
f 873/1002/873 1084/1040/1084 874/1041/874
f 874/1003/874 1084/1002/1084 1085/1041/1085
vt 0.710526 0.315789
f 874/1003/874 1085/1041/1085 875/1042/875
f 875/1004/875 1085/1003/1085 1086/1042/1086
vt 0.736842 0.315789
f 875/1004/875 1086/1042/1086 876/1043/876
f 876/1005/876 1086/1004/1086 1087/1043/1087
vt 0.763158 0.315789
f 876/1005/876 1087/1043/1087 877/1044/877
f 877/1006/877 1087/1005/1087 1088/1044/1088
vt 0.789474 0.315789
f 877/1006/877 1088/1044/1088 878/1045/878
f 878/1007/878 1088/1006/1088 1089/1045/1089
vt 0.815789 0.315789
f 878/1007/878 1089/1045/1089 879/1046/879
f 879/1008/879 1089/1007/1089 1090/1046/1090
vt 0.842105 0.315789
f 879/1008/879 1090/1046/1090 880/1047/880
f 880/1009/880 1090/1008/1090 1091/1047/1091
vt 0.868421 0.315789
f 880/1009/880 1091/1047/1091 881/1048/881
f 881/1010/881 1091/1009/1091 1092/1048/1092
vt 0.894737 0.315789
f 881/1010/881 1092/1048/1092 882/1049/882
f 882/1011/882 1092/1010/1092 1093/1049/1093
vt 0.921053 0.315789
f 882/1011/882 1093/1049/1093 883/1050/883
f 883/1012/883 1093/1011/1093 1094/1050/1094
vt 0.947368 0.315789
f 883/1012/883 1094/1050/1094 884/1051/884
f 884/1013/884 1094/1012/1094 1095/1051/1095
vt 0.973684 0.315789
f 884/1013/884 1095/1051/1095 885/1052/885
f 885/1014/885 1095/1013/1095 1096/1052/1096
vt 1.000000 0.315789
f 885/1014/885 1096/1052/1096 886/1053/886
vt 0.000000 0.289474
f 886/1016/886 1096/1015/1096 1097/1054/1097
vt 0.026316 0.289474
f 886/1016/886 1097/1054/1097 887/1055/887
f 887/1017/887 1097/1016/1097 1098/1055/1098
vt 0.052632 0.289474
f 887/1017/887 1098/1055/1098 888/1056/888
f 888/1018/888 1098/1017/1098 1099/1056/1099
vt 0.078947 0.289474
f 888/1018/888 1099/1056/1099 889/1057/889
f 889/1019/889 1099/1018/1099 1100/1057/1100
vt 0.105263 0.289474
f 889/1019/889 1100/1057/1100 890/1058/890
f 890/1020/890 1100/1019/1100 1101/1058/1101
vt 0.131579 0.289474
f 890/1020/890 1101/1058/1101 891/1059/891
f 891/1021/891 1101/1020/1101 1102/1059/1102
vt 0.157895 0.289474
f 891/1021/891 1102/1059/1102 892/1060/892
f 892/1022/892 1102/1021/1102 1103/1060/1103
vt 0.184211 0.289474
f 892/1022/892 1103/1060/1103 893/1061/893
f 893/1023/893 1103/1022/1103 1104/1061/1104
vt 0.210526 0.289474
f 893/1023/893 1104/1061/1104 894/1062/894
f 894/1024/894 1104/1023/1104 1105/1062/1105
vt 0.236842 0.289474
f 894/1024/894 1105/1062/1105 895/1063/895
f 895/1025/895 1105/1024/1105 1106/1063/1106
vt 0.263158 0.289474
f 895/1025/895 1106/1063/1106 896/1064/896
f 896/1026/896 1106/1025/1106 1107/1064/1107
vt 0.289474 0.289474
f 896/1026/896 1107/1064/1107 897/1065/897
f 897/1027/897 1107/1026/1107 82/1065/82
vt 0.315789 0.289474
f 897/1027/897 82/1065/82 898/1066/898
f 898/1028/898 82/1027/82 81/1066/81
vt 0.342105 0.289474
f 898/1028/898 81/1066/81 899/1067/899
f 4/1029/4 41/1028/41 1053/1067/1053
vt 0.368421 0.289474
f 1053/1067/1053 41/1068/41 40/1029/40
f 1053/1068/1053 40/1030/40 1036/1029/1036
vt 0.394737 0.289474
f 1036/1068/1036 40/1069/40 39/1030/39
f 1036/1069/1036 39/1031/39 1020/1030/1020
vt 0.421053 0.289474
f 1020/1069/1020 39/1070/39 38/1031/38
f 1020/1070/1020 38/1032/38 1005/1031/1005
vt 0.447368 0.289474
f 1005/1070/1005 38/1071/38 37/1032/37
f 1005/1071/1005 37/1033/37 991/1032/991
vt 0.473684 0.289474
f 991/1071/991 37/1072/37 36/1033/36
f 991/1072/991 36/1034/36 978/1033/978
vt 0.500000 0.289474
f 978/1072/978 36/1073/36 35/1034/35
f 978/1073/978 35/1035/35 966/1034/966
vt 0.526316 0.289474
f 966/1073/966 35/1074/35 34/1035/34
f 966/1074/966 34/1036/34 955/1035/955
vt 0.552632 0.289474
f 955/1074/955 34/1075/34 33/1036/33
f 955/1075/955 33/1037/33 945/1036/945
vt 0.578947 0.289474
f 945/1075/945 33/1076/33 32/1037/32
f 945/1076/945 32/1038/32 936/1037/936
vt 0.605263 0.289474
f 936/1076/936 32/1077/32 31/1038/31
f 936/1077/936 31/1039/31 928/1038/928
vt 0.631579 0.289474
f 928/1077/928 31/1078/31 30/1039/30
f 928/1078/928 30/1040/30 921/1039/921
vt 0.657895 0.289474
f 921/1078/921 30/1079/30 29/1040/29
f 921/1079/921 29/1041/29 915/1040/915
vt 0.684211 0.289474
f 915/1079/915 29/1080/29 28/1041/28
f 915/1080/915 28/1042/28 910/1041/910
vt 0.710526 0.289474
f 910/1080/910 28/1081/28 23/1042/23
f 910/1081/910 23/1043/23 906/1042/906
vt 0.736842 0.289474
f 906/1081/906 23/1082/23 22/1043/22
f 906/1082/906 22/1044/22 903/1043/903
vt 0.763158 0.289474
f 903/1082/903 22/1083/22 27/1044/27
f 903/1083/903 27/1045/27 901/1044/901
vt 0.789474 0.289474
f 901/1083/901 27/1084/27 26/1045/26
f 901/1084/901 26/1046/26 902/1045/902
vt 0.815789 0.289474
f 902/1084/902 26/1085/26 25/1046/25
f 5/1046/5 4/1085/4 1108/1047/1108
vt 0.842105 0.289474
f 1108/1086/1108 4/1047/4 1053/1085/1053
f 1108/1047/1108 1053/1086/1053 1109/1048/1109
vt 0.868421 0.289474
f 1109/1048/1109 1053/1086/1053 1054/1087/1054
f 1109/1048/1109 1054/1087/1054 1110/1049/1110
vt 0.894737 0.289474
f 1110/1049/1110 1054/1087/1054 1055/1088/1055
f 1110/1049/1110 1055/1088/1055 1111/1050/1111
vt 0.921053 0.289474
f 1111/1050/1111 1055/1088/1055 1056/1089/1056
f 1111/1050/1111 1056/1089/1056 1112/1051/1112
vt 0.947368 0.289474
f 1112/1051/1112 1056/1089/1056 1057/1090/1057
f 1112/1051/1112 1057/1090/1057 1113/1052/1113
vt 0.973684 0.289474
f 1113/1052/1113 1057/1090/1057 1058/1091/1058
f 1113/1052/1113 1058/1091/1058 1114/1053/1114
vt 1.000000 0.289474
f 1114/1053/1114 1058/1091/1058 1059/1092/1059
vt 0.000000 0.263158
f 1114/1054/1114 1059/1093/1059 1115/1055/1115
vt 0.026316 0.263158
f 1115/1055/1115 1059/1093/1059 1060/1094/1060
f 1115/1055/1115 1060/1094/1060 1116/1056/1116
vt 0.052632 0.263158
f 1116/1056/1116 1060/1094/1060 1061/1095/1061
f 1116/1056/1116 1061/1095/1061 1117/1057/1117
vt 0.078947 0.263158
f 1117/1057/1117 1061/1095/1061 1062/1096/1062
f 1117/1057/1117 1062/1096/1062 1118/1058/1118
vt 0.105263 0.263158
f 1118/1058/1118 1062/1096/1062 1063/1097/1063
f 1118/1058/1118 1063/1097/1063 1119/1059/1119
vt 0.131579 0.263158
f 1119/1059/1119 1063/1097/1063 1064/1098/1064
f 1119/1059/1119 1064/1098/1064 1120/1060/1120
vt 0.157895 0.263158
f 1120/1060/1120 1064/1098/1064 1065/1099/1065
f 1120/1060/1120 1065/1099/1065 1121/1061/1121
vt 0.184211 0.263158
f 1121/1061/1121 1065/1099/1065 1066/1100/1066
f 1121/1061/1121 1066/1100/1066 1122/1062/1122
vt 0.210526 0.263158
f 1122/1062/1122 1066/1100/1066 1067/1101/1067
f 1122/1062/1122 1067/1101/1067 1123/1063/1123
vt 0.236842 0.263158
f 1123/1063/1123 1067/1101/1067 1068/1102/1068
f 1123/1063/1123 1068/1102/1068 1124/1064/1124
vt 0.263158 0.263158
f 1124/1064/1124 1068/1102/1068 1069/1103/1069
f 1124/1064/1124 1069/1103/1069 1125/1065/1125
vt 0.289474 0.263158
f 1125/1065/1125 1069/1103/1069 1070/1104/1070
f 6/1065/6 5/1104/5 1126/1066/1126
vt 0.315789 0.263158
f 1126/1066/1126 5/1104/5 1108/1105/1108
f 1126/1066/1126 1108/1105/1108 1127/1067/1127
vt 0.342105 0.263158
f 1127/1067/1127 1108/1105/1108 1109/1106/1109
f 1127/1067/1127 1109/1106/1109 1128/1068/1128
vt 0.368421 0.263158
f 1128/1068/1128 1109/1106/1109 1110/1107/1110
f 1128/1068/1128 1110/1107/1110 1129/1069/1129
vt 0.394737 0.263158
f 1129/1069/1129 1110/1107/1110 1111/1108/1111
f 1129/1069/1129 1111/1108/1111 1130/1070/1130
vt 0.421053 0.263158
f 1130/1070/1130 1111/1108/1111 1112/1109/1112
f 1130/1070/1130 1112/1109/1112 1131/1071/1131
vt 0.447368 0.263158
f 1131/1071/1131 1112/1109/1112 1113/1110/1113
f 1131/1071/1131 1113/1110/1113 1132/1072/1132
vt 0.473684 0.263158
f 1132/1072/1132 1113/1110/1113 1114/1111/1114
f 1132/1072/1132 1114/1111/1114 1133/1073/1133
vt 0.500000 0.263158
f 1133/1073/1133 1114/1111/1114 1115/1112/1115
f 1133/1073/1133 1115/1112/1115 1134/1074/1134
vt 0.526316 0.263158
f 1134/1074/1134 1115/1112/1115 1116/1113/1116
f 1134/1074/1134 1116/1113/1116 1135/1075/1135
vt 0.552632 0.263158
f 1135/1075/1135 1116/1113/1116 1117/1114/1117
f 1135/1075/1135 1117/1114/1117 1136/1076/1136
vt 0.578947 0.263158
f 1136/1076/1136 1117/1114/1117 1118/1115/1118
f 1136/1076/1136 1118/1115/1118 1137/1077/1137
vt 0.605263 0.263158
f 1137/1077/1137 1118/1115/1118 1119/1116/1119
f 1137/1077/1137 1119/1116/1119 1138/1078/1138
vt 0.631579 0.263158
f 1138/1078/1138 1119/1116/1119 1120/1117/1120
f 1138/1078/1138 1120/1117/1120 1139/1079/1139
vt 0.657895 0.263158
f 1139/1079/1139 1120/1117/1120 1121/1118/1121
f 1139/1079/1139 1121/1118/1121 1140/1080/1140
vt 0.684211 0.263158
f 1140/1080/1140 1121/1118/1121 1122/1119/1122
f 1140/1080/1140 1122/1119/1122 1141/1081/1141
vt 0.710526 0.263158
f 1141/1081/1141 1122/1119/1122 1123/1120/1123
f 1141/1081/1141 1123/1120/1123 1142/1082/1142
vt 0.736842 0.263158
f 1142/1082/1142 1123/1120/1123 1124/1121/1124
f 1142/1082/1142 1124/1121/1124 1143/1083/1143
vt 0.763158 0.263158
f 1143/1083/1143 1124/1121/1124 1125/1122/1125
f 1143/1083/1143 1125/1122/1125 83/1084/83
vt 0.789474 0.263158
f 1070/1084/1070 83/1122/83 1125/1123/1125
f 25/1085/25 1071/1084/1071 902/1123/902
vt 0.815789 0.263158
f 902/1124/902 1071/1085/1071 860/1123/860
f 902/1086/902 860/1085/860 900/1124/900
vt 0.842105 0.263158
f 900/1125/900 860/1086/860 819/1124/819
f 900/1087/900 819/1086/819 905/1125/905
vt 0.868421 0.263158
f 905/1126/905 819/1087/819 777/1125/777
f 905/1088/905 777/1087/777 909/1126/909
vt 0.894737 0.263158
f 909/1127/909 777/1088/777 734/1126/734
f 909/1089/909 734/1088/734 914/1127/914
vt 0.921053 0.263158
f 914/1128/914 734/1089/734 690/1127/690
f 914/1090/914 690/1089/690 920/1128/920
vt 0.947368 0.263158
f 920/1129/920 690/1090/690 645/1128/645
f 920/1091/920 645/1090/645 927/1129/927
vt 0.973684 0.263158
f 927/1130/927 645/1091/645 599/1129/599
f 927/1092/927 599/1091/599 935/1130/935
vt 1.000000 0.263158
f 935/1131/935 599/1092/599 552/1130/552
vt 0.000000 0.236842
f 935/1094/935 552/1093/552 944/1132/944
vt 0.026316 0.236842
f 944/1133/944 552/1094/552 504/1132/504
f 944/1095/944 504/1094/504 954/1133/954
vt 0.052632 0.236842
f 954/1134/954 504/1095/504 455/1133/455
f 954/1096/954 455/1095/455 965/1134/965
vt 0.078947 0.236842
f 965/1135/965 455/1096/455 405/1134/405
f 965/1097/965 405/1096/405 977/1135/977
vt 0.105263 0.236842
f 977/1136/977 405/1097/405 354/1135/354
f 977/1098/977 354/1097/354 990/1136/990
vt 0.131579 0.236842
f 990/1137/990 354/1098/354 302/1136/302
f 990/1099/990 302/1098/302 1004/1137/1004
vt 0.157895 0.236842
f 1004/1138/1004 302/1099/302 249/1137/249
f 1004/1100/1004 249/1099/249 1019/1138/1019
vt 0.184211 0.236842
f 1019/1139/1019 249/1100/249 195/1138/195
f 1019/1101/1019 195/1100/195 1035/1139/1035
vt 0.210526 0.236842
f 1035/1140/1035 195/1101/195 140/1139/140
f 1035/1102/1035 140/1101/140 1052/1140/1052
vt 0.236842 0.236842
f 1052/1141/1052 140/1102/140 105/1140/105
f 1052/1103/1052 105/1102/105 1070/1141/1070
vt 0.263158 0.236842
f 1070/1141/1070 105/1142/105 83/1103/83
f 7/1103/7 6/1142/6 1144/1104/1144
vt 0.289474 0.236842
f 1144/1104/1144 6/1142/6 1126/1143/1126
f 1144/1104/1144 1126/1143/1126 1145/1105/1145
vt 0.315789 0.236842
f 1145/1105/1145 1126/1143/1126 1127/1144/1127
f 1145/1105/1145 1127/1144/1127 1146/1106/1146
vt 0.342105 0.236842
f 1146/1106/1146 1127/1144/1127 1128/1145/1128
f 1146/1106/1146 1128/1145/1128 1147/1107/1147
vt 0.368421 0.236842
f 1147/1107/1147 1128/1145/1128 1129/1146/1129
f 1147/1107/1147 1129/1146/1129 1148/1108/1148
vt 0.394737 0.236842
f 1148/1108/1148 1129/1146/1129 1130/1147/1130
f 1148/1108/1148 1130/1147/1130 1149/1109/1149
vt 0.421053 0.236842
f 1149/1109/1149 1130/1147/1130 1131/1148/1131
f 1149/1109/1149 1131/1148/1131 1150/1110/1150
vt 0.447368 0.236842
f 1150/1110/1150 1131/1148/1131 1132/1149/1132
f 1150/1110/1150 1132/1149/1132 1151/1111/1151
vt 0.473684 0.236842
f 1151/1111/1151 1132/1149/1132 1133/1150/1133
f 1151/1111/1151 1133/1150/1133 1152/1112/1152
vt 0.500000 0.236842
f 1152/1112/1152 1133/1150/1133 1134/1151/1134
f 1152/1112/1152 1134/1151/1134 1153/1113/1153
vt 0.526316 0.236842
f 1153/1113/1153 1134/1151/1134 1135/1152/1135
f 1153/1113/1153 1135/1152/1135 1154/1114/1154
vt 0.552632 0.236842
f 1154/1114/1154 1135/1152/1135 1136/1153/1136
f 1154/1114/1154 1136/1153/1136 1155/1115/1155
vt 0.578947 0.236842
f 1155/1115/1155 1136/1153/1136 1137/1154/1137
f 1155/1115/1155 1137/1154/1137 1156/1116/1156
vt 0.605263 0.236842
f 1156/1116/1156 1137/1154/1137 1138/1155/1138
f 1156/1116/1156 1138/1155/1138 1157/1117/1157
vt 0.631579 0.236842
f 1157/1117/1157 1138/1155/1138 1139/1156/1139
f 1157/1117/1157 1139/1156/1139 1158/1118/1158
vt 0.657895 0.236842
f 1158/1118/1158 1139/1156/1139 1140/1157/1140
f 1158/1118/1158 1140/1157/1140 1159/1119/1159
vt 0.684211 0.236842
f 1159/1119/1159 1140/1157/1140 1141/1158/1141
f 1159/1119/1159 1141/1158/1141 1160/1120/1160
vt 0.710526 0.236842
f 1160/1120/1160 1141/1158/1141 1142/1159/1142
f 1160/1120/1160 1142/1159/1142 1161/1121/1161
vt 0.736842 0.236842
f 1161/1121/1161 1142/1159/1142 1143/1160/1143
f 1161/1121/1161 1143/1160/1143 83/1122/83
vt 0.763158 0.236842
f 11/1161/11 7/1122/7 1162/1160/1162
f 1162/1161/1162 7/1123/7 1144/1122/1144
vt 0.789474 0.236842
f 1162/1162/1162 1144/1123/1144 1163/1161/1163
f 1163/1162/1163 1144/1124/1144 1145/1123/1145
vt 0.815789 0.236842
f 1163/1163/1163 1145/1124/1145 1164/1162/1164
f 1164/1163/1164 1145/1125/1145 1146/1124/1146
vt 0.842105 0.236842
f 1164/1164/1164 1146/1125/1146 1165/1163/1165
f 1165/1164/1165 1146/1126/1146 1147/1125/1147
vt 0.868421 0.236842
f 1165/1165/1165 1147/1126/1147 1166/1164/1166
f 1166/1165/1166 1147/1127/1147 1148/1126/1148
vt 0.894737 0.236842
f 1166/1166/1166 1148/1127/1148 1167/1165/1167
f 1167/1166/1167 1148/1128/1148 1149/1127/1149
vt 0.921053 0.236842
f 1167/1167/1167 1149/1128/1149 1168/1166/1168
f 1168/1167/1168 1149/1129/1149 1150/1128/1150
vt 0.947368 0.236842
f 1168/1168/1168 1150/1129/1150 1169/1167/1169
f 1169/1168/1169 1150/1130/1150 1151/1129/1151
vt 0.973684 0.236842
f 1169/1169/1169 1151/1130/1151 1170/1168/1170
f 1170/1169/1170 1151/1131/1151 1152/1130/1152
vt 1.000000 0.236842
f 1170/1170/1170 1152/1131/1152 1171/1169/1171
vt 0.000000 0.210526
f 1171/1171/1171 1152/1133/1152 1153/1132/1153
vt 0.026316 0.210526
f 1171/1172/1171 1153/1133/1153 1172/1171/1172
f 1172/1172/1172 1153/1134/1153 1154/1133/1154
vt 0.052632 0.210526
f 1172/1173/1172 1154/1134/1154 1173/1172/1173
f 1173/1173/1173 1154/1135/1154 1155/1134/1155
vt 0.078947 0.210526
f 1173/1174/1173 1155/1135/1155 1174/1173/1174
f 1174/1174/1174 1155/1136/1155 1156/1135/1156
vt 0.105263 0.210526
f 1174/1175/1174 1156/1136/1156 1175/1174/1175
f 1175/1175/1175 1156/1137/1156 1157/1136/1157
vt 0.131579 0.210526
f 1175/1176/1175 1157/1137/1157 1176/1175/1176
f 1176/1176/1176 1157/1138/1157 1158/1137/1158
vt 0.157895 0.210526
f 1176/1177/1176 1158/1138/1158 1177/1176/1177
f 1177/1177/1177 1158/1139/1158 1159/1138/1159
vt 0.184211 0.210526
f 1177/1178/1177 1159/1139/1159 1178/1177/1178
f 1178/1178/1178 1159/1140/1159 1160/1139/1160
vt 0.210526 0.210526
f 1178/1179/1178 1160/1140/1160 1179/1178/1179
f 1179/1179/1179 1160/1141/1160 1161/1140/1161
vt 0.236842 0.210526
f 1179/1180/1179 1161/1141/1161 83/1179/83
f 12/1141/12 11/1180/11 1180/1142/1180
vt 0.263158 0.210526
f 1180/1142/1180 11/1180/11 1162/1181/1162
f 1180/1142/1180 1162/1181/1162 1181/1143/1181
vt 0.289474 0.210526
f 1181/1143/1181 1162/1181/1162 1163/1182/1163
f 1181/1143/1181 1163/1182/1163 1182/1144/1182
vt 0.315789 0.210526
f 1182/1144/1182 1163/1182/1163 1164/1183/1164
f 1182/1144/1182 1164/1183/1164 1183/1145/1183
vt 0.342105 0.210526
f 1183/1145/1183 1164/1183/1164 1165/1184/1165
f 1183/1145/1183 1165/1184/1165 1184/1146/1184
vt 0.368421 0.210526
f 1184/1146/1184 1165/1184/1165 1166/1185/1166
f 1184/1146/1184 1166/1185/1166 1185/1147/1185
vt 0.394737 0.210526
f 1185/1147/1185 1166/1185/1166 1167/1186/1167
f 1185/1147/1185 1167/1186/1167 1186/1148/1186
vt 0.421053 0.210526
f 1186/1148/1186 1167/1186/1167 1168/1187/1168
f 1186/1148/1186 1168/1187/1168 1187/1149/1187
vt 0.447368 0.210526
f 1187/1149/1187 1168/1187/1168 1169/1188/1169
f 1187/1149/1187 1169/1188/1169 1188/1150/1188
vt 0.473684 0.210526
f 1188/1150/1188 1169/1188/1169 1170/1189/1170
f 1188/1150/1188 1170/1189/1170 1189/1151/1189
vt 0.500000 0.210526
f 1189/1151/1189 1170/1189/1170 1171/1190/1171
f 1189/1151/1189 1171/1190/1171 1190/1152/1190
vt 0.526316 0.210526
f 1190/1152/1190 1171/1190/1171 1172/1191/1172
f 1190/1152/1190 1172/1191/1172 1191/1153/1191
vt 0.552632 0.210526
f 1191/1153/1191 1172/1191/1172 1173/1192/1173
f 1191/1153/1191 1173/1192/1173 1192/1154/1192
vt 0.578947 0.210526
f 1192/1154/1192 1173/1192/1173 1174/1193/1174
f 1192/1154/1192 1174/1193/1174 1193/1155/1193
vt 0.605263 0.210526
f 1193/1155/1193 1174/1193/1174 1175/1194/1175
f 1193/1155/1193 1175/1194/1175 1194/1156/1194
vt 0.631579 0.210526
f 1194/1156/1194 1175/1194/1175 1176/1195/1176
f 1194/1156/1194 1176/1195/1176 1195/1157/1195
vt 0.657895 0.210526
f 1195/1157/1195 1176/1195/1176 1177/1196/1177
f 1195/1157/1195 1177/1196/1177 1196/1158/1196
vt 0.684211 0.210526
f 1196/1158/1196 1177/1196/1177 1178/1197/1178
f 1196/1158/1196 1178/1197/1178 1197/1159/1197
vt 0.710526 0.210526
f 1197/1159/1197 1178/1197/1178 1179/1198/1179
f 1197/1160/1197 1179/1159/1179 83/1198/83
vt 0.736842 0.210526
f 13/1199/13 12/1160/12 1198/1198/1198
f 1198/1199/1198 12/1161/12 1180/1160/1180
vt 0.763158 0.210526
f 1198/1200/1198 1180/1161/1180 1199/1199/1199
f 1199/1200/1199 1180/1162/1180 1181/1161/1181
vt 0.789474 0.210526
f 1199/1201/1199 1181/1162/1181 1200/1200/1200
f 1200/1201/1200 1181/1163/1181 1182/1162/1182
vt 0.815789 0.210526
f 1200/1202/1200 1182/1163/1182 1201/1201/1201
f 1201/1202/1201 1182/1164/1182 1183/1163/1183
vt 0.842105 0.210526
f 1201/1203/1201 1183/1164/1183 1202/1202/1202
f 1202/1203/1202 1183/1165/1183 1184/1164/1184
vt 0.868421 0.210526
f 1202/1204/1202 1184/1165/1184 1203/1203/1203
f 1203/1204/1203 1184/1166/1184 1185/1165/1185
vt 0.894737 0.210526
f 1203/1205/1203 1185/1166/1185 1204/1204/1204
f 1204/1205/1204 1185/1167/1185 1186/1166/1186
vt 0.921053 0.210526
f 1204/1206/1204 1186/1167/1186 1205/1205/1205
f 1205/1206/1205 1186/1168/1186 1187/1167/1187
vt 0.947368 0.210526
f 1205/1207/1205 1187/1168/1187 1206/1206/1206
f 1206/1207/1206 1187/1169/1187 1188/1168/1188
vt 0.973684 0.210526
f 1206/1208/1206 1188/1169/1188 1207/1207/1207
f 1207/1208/1207 1188/1170/1188 1189/1169/1189
vt 1.000000 0.210526
f 1207/1209/1207 1189/1170/1189 1208/1208/1208
vt 0.000000 0.184211
f 1208/1210/1208 1189/1172/1189 1190/1171/1190
vt 0.026316 0.184211
f 1208/1211/1208 1190/1172/1190 1209/1210/1209
f 1209/1211/1209 1190/1173/1190 1191/1172/1191
vt 0.052632 0.184211
f 1209/1212/1209 1191/1173/1191 1210/1211/1210
f 1210/1212/1210 1191/1174/1191 1192/1173/1192
vt 0.078947 0.184211
f 1210/1213/1210 1192/1174/1192 1211/1212/1211
f 1211/1213/1211 1192/1175/1192 1193/1174/1193
vt 0.105263 0.184211
f 1211/1214/1211 1193/1175/1193 1212/1213/1212
f 1212/1214/1212 1193/1176/1193 1194/1175/1194
vt 0.131579 0.184211
f 1212/1215/1212 1194/1176/1194 1213/1214/1213
f 1213/1215/1213 1194/1177/1194 1195/1176/1195
vt 0.157895 0.184211
f 1213/1216/1213 1195/1177/1195 1214/1215/1214
f 1214/1216/1214 1195/1178/1195 1196/1177/1196
vt 0.184211 0.184211
f 1214/1217/1214 1196/1178/1196 1215/1216/1215
f 1215/1217/1215 1196/1179/1196 1197/1178/1197
vt 0.210526 0.184211
f 1215/1217/1215 1197/1218/1197 83/1179/83
f 14/1179/14 13/1218/13 1216/1180/1216
vt 0.236842 0.184211
f 1216/1180/1216 13/1218/13 1198/1219/1198
f 1216/1180/1216 1198/1219/1198 1217/1181/1217
vt 0.263158 0.184211
f 1217/1181/1217 1198/1219/1198 1199/1220/1199
f 1217/1181/1217 1199/1220/1199 1218/1182/1218
vt 0.289474 0.184211
f 1218/1182/1218 1199/1220/1199 1200/1221/1200
f 1218/1182/1218 1200/1221/1200 1219/1183/1219
vt 0.315789 0.184211
f 1219/1183/1219 1200/1221/1200 1201/1222/1201
f 1219/1183/1219 1201/1222/1201 1220/1184/1220
vt 0.342105 0.184211
f 1220/1184/1220 1201/1222/1201 1202/1223/1202
f 1220/1184/1220 1202/1223/1202 1221/1185/1221
vt 0.368421 0.184211
f 1221/1185/1221 1202/1223/1202 1203/1224/1203
f 1221/1185/1221 1203/1224/1203 1222/1186/1222
vt 0.394737 0.184211
f 1222/1186/1222 1203/1224/1203 1204/1225/1204
f 1222/1186/1222 1204/1225/1204 1223/1187/1223
vt 0.421053 0.184211
f 1223/1187/1223 1204/1225/1204 1205/1226/1205
f 1223/1187/1223 1205/1226/1205 1224/1188/1224
vt 0.447368 0.184211
f 1224/1188/1224 1205/1226/1205 1206/1227/1206
f 1224/1188/1224 1206/1227/1206 1225/1189/1225
vt 0.473684 0.184211
f 1225/1189/1225 1206/1227/1206 1207/1228/1207
f 1225/1189/1225 1207/1228/1207 1226/1190/1226
vt 0.500000 0.184211
f 1226/1190/1226 1207/1228/1207 1208/1229/1208
f 1226/1190/1226 1208/1229/1208 1227/1191/1227
vt 0.526316 0.184211
f 1227/1191/1227 1208/1229/1208 1209/1230/1209
f 1227/1191/1227 1209/1230/1209 1228/1192/1228
vt 0.552632 0.184211
f 1228/1192/1228 1209/1230/1209 1210/1231/1210
f 1228/1192/1228 1210/1231/1210 1229/1193/1229
vt 0.578947 0.184211
f 1229/1193/1229 1210/1231/1210 1211/1232/1211
f 1229/1193/1229 1211/1232/1211 1230/1194/1230
vt 0.605263 0.184211
f 1230/1194/1230 1211/1232/1211 1212/1233/1212
f 1230/1194/1230 1212/1233/1212 1231/1195/1231
vt 0.631579 0.184211
f 1231/1195/1231 1212/1233/1212 1213/1234/1213
f 1231/1195/1231 1213/1234/1213 1232/1196/1232
vt 0.657895 0.184211
f 1232/1196/1232 1213/1234/1213 1214/1235/1214
f 1232/1196/1232 1214/1235/1214 1233/1197/1233
vt 0.684211 0.184211
f 1233/1197/1233 1214/1235/1214 1215/1236/1215
f 1233/1198/1233 1215/1197/1215 83/1236/83
vt 0.710526 0.184211
f 15/1237/15 14/1198/14 1234/1236/1234
f 1234/1237/1234 14/1199/14 1216/1198/1216
vt 0.736842 0.184211
f 1234/1238/1234 1216/1199/1216 1235/1237/1235
f 1235/1238/1235 1216/1200/1216 1217/1199/1217
vt 0.763158 0.184211
f 1235/1239/1235 1217/1200/1217 1236/1238/1236
f 1236/1239/1236 1217/1201/1217 1218/1200/1218
vt 0.789474 0.184211
f 1236/1240/1236 1218/1201/1218 1237/1239/1237
f 1237/1240/1237 1218/1202/1218 1219/1201/1219
vt 0.815789 0.184211
f 1237/1241/1237 1219/1202/1219 1238/1240/1238
f 1238/1241/1238 1219/1203/1219 1220/1202/1220
vt 0.842105 0.184211
f 1238/1242/1238 1220/1203/1220 1239/1241/1239
f 1239/1242/1239 1220/1204/1220 1221/1203/1221
vt 0.868421 0.184211
f 1239/1243/1239 1221/1204/1221 1240/1242/1240
f 1240/1243/1240 1221/1205/1221 1222/1204/1222
vt 0.894737 0.184211
f 1240/1244/1240 1222/1205/1222 1241/1243/1241
f 1241/1244/1241 1222/1206/1222 1223/1205/1223
vt 0.921053 0.184211
f 1241/1245/1241 1223/1206/1223 1242/1244/1242
f 1242/1245/1242 1223/1207/1223 1224/1206/1224
vt 0.947368 0.184211
f 1242/1246/1242 1224/1207/1224 1243/1245/1243
f 1243/1246/1243 1224/1208/1224 1225/1207/1225
vt 0.973684 0.184211
f 1243/1247/1243 1225/1208/1225 1244/1246/1244
f 1244/1247/1244 1225/1209/1225 1226/1208/1226
vt 1.000000 0.184211
f 1244/1248/1244 1226/1209/1226 1245/1247/1245
vt 0.000000 0.157895
f 1245/1249/1245 1226/1211/1226 1227/1210/1227
vt 0.026316 0.157895
f 1245/1250/1245 1227/1211/1227 1246/1249/1246
f 1246/1250/1246 1227/1212/1227 1228/1211/1228
vt 0.052632 0.157895
f 1246/1251/1246 1228/1212/1228 1247/1250/1247
f 1247/1251/1247 1228/1213/1228 1229/1212/1229
vt 0.078947 0.157895
f 1247/1252/1247 1229/1213/1229 1248/1251/1248
f 1248/1252/1248 1229/1214/1229 1230/1213/1230
vt 0.105263 0.157895
f 1248/1253/1248 1230/1214/1230 1249/1252/1249
f 1249/1253/1249 1230/1215/1230 1231/1214/1231
vt 0.131579 0.157895
f 1249/1254/1249 1231/1215/1231 1250/1253/1250
f 1250/1254/1250 1231/1216/1231 1232/1215/1232
vt 0.157895 0.157895
f 1250/1255/1250 1232/1216/1232 1251/1254/1251
f 1251/1255/1251 1232/1217/1232 1233/1216/1233
vt 0.184211 0.157895
f 1251/1256/1251 1233/1217/1233 83/1255/83
f 16/1217/16 15/1256/15 1252/1218/1252
vt 0.210526 0.157895
f 1252/1218/1252 15/1256/15 1234/1257/1234
f 1252/1218/1252 1234/1257/1234 1253/1219/1253
vt 0.236842 0.157895
f 1253/1219/1253 1234/1257/1234 1235/1258/1235
f 1253/1219/1253 1235/1258/1235 1254/1220/1254
vt 0.263158 0.157895
f 1254/1220/1254 1235/1258/1235 1236/1259/1236
f 1254/1220/1254 1236/1259/1236 1255/1221/1255
vt 0.289474 0.157895
f 1255/1221/1255 1236/1259/1236 1237/1260/1237
f 1255/1221/1255 1237/1260/1237 1256/1222/1256
vt 0.315789 0.157895
f 1256/1222/1256 1237/1260/1237 1238/1261/1238
f 1256/1222/1256 1238/1261/1238 1257/1223/1257
vt 0.342105 0.157895
f 1257/1223/1257 1238/1261/1238 1239/1262/1239
f 1257/1223/1257 1239/1262/1239 1258/1224/1258
vt 0.368421 0.157895
f 1258/1224/1258 1239/1262/1239 1240/1263/1240
f 1258/1224/1258 1240/1263/1240 1259/1225/1259
vt 0.394737 0.157895
f 1259/1225/1259 1240/1263/1240 1241/1264/1241
f 1259/1225/1259 1241/1264/1241 1260/1226/1260
vt 0.421053 0.157895
f 1260/1226/1260 1241/1264/1241 1242/1265/1242
f 1260/1226/1260 1242/1265/1242 1261/1227/1261
vt 0.447368 0.157895
f 1261/1227/1261 1242/1265/1242 1243/1266/1243
f 1261/1227/1261 1243/1266/1243 1262/1228/1262
vt 0.473684 0.157895
f 1262/1228/1262 1243/1266/1243 1244/1267/1244
f 1262/1228/1262 1244/1267/1244 1263/1229/1263
vt 0.500000 0.157895
f 1263/1229/1263 1244/1267/1244 1245/1268/1245
f 1263/1229/1263 1245/1268/1245 1264/1230/1264
vt 0.526316 0.157895
f 1264/1230/1264 1245/1268/1245 1246/1269/1246
f 1264/1230/1264 1246/1269/1246 1265/1231/1265
vt 0.552632 0.157895
f 1265/1231/1265 1246/1269/1246 1247/1270/1247
f 1265/1231/1265 1247/1270/1247 1266/1232/1266
vt 0.578947 0.157895
f 1266/1232/1266 1247/1270/1247 1248/1271/1248
f 1266/1232/1266 1248/1271/1248 1267/1233/1267
vt 0.605263 0.157895
f 1267/1233/1267 1248/1271/1248 1249/1272/1249
f 1267/1233/1267 1249/1272/1249 1268/1234/1268
vt 0.631579 0.157895
f 1268/1234/1268 1249/1272/1249 1250/1273/1250
f 1268/1234/1268 1250/1273/1250 1269/1235/1269
vt 0.657895 0.157895
f 1269/1235/1269 1250/1273/1250 1251/1274/1251
f 1269/1236/1269 1251/1235/1251 83/1274/83
vt 0.684211 0.157895
f 17/1275/17 16/1236/16 1270/1274/1270
f 1270/1275/1270 16/1237/16 1252/1236/1252
vt 0.710526 0.157895
f 1270/1276/1270 1252/1237/1252 1271/1275/1271
f 1271/1276/1271 1252/1238/1252 1253/1237/1253
vt 0.736842 0.157895
f 1271/1277/1271 1253/1238/1253 1272/1276/1272
f 1272/1277/1272 1253/1239/1253 1254/1238/1254
vt 0.763158 0.157895
f 1272/1278/1272 1254/1239/1254 1273/1277/1273
f 1273/1278/1273 1254/1240/1254 1255/1239/1255
vt 0.789474 0.157895
f 1273/1279/1273 1255/1240/1255 1274/1278/1274
f 1274/1279/1274 1255/1241/1255 1256/1240/1256
vt 0.815789 0.157895
f 1274/1280/1274 1256/1241/1256 1275/1279/1275
f 1275/1280/1275 1256/1242/1256 1257/1241/1257
vt 0.842105 0.157895
f 1275/1281/1275 1257/1242/1257 1276/1280/1276
f 1276/1281/1276 1257/1243/1257 1258/1242/1258
vt 0.868421 0.157895
f 1276/1282/1276 1258/1243/1258 1277/1281/1277
f 1277/1282/1277 1258/1244/1258 1259/1243/1259
vt 0.894737 0.157895
f 1277/1283/1277 1259/1244/1259 1278/1282/1278
f 1278/1283/1278 1259/1245/1259 1260/1244/1260
vt 0.921053 0.157895
f 1278/1284/1278 1260/1245/1260 1279/1283/1279
f 1279/1284/1279 1260/1246/1260 1261/1245/1261
vt 0.947368 0.157895
f 1279/1285/1279 1261/1246/1261 1280/1284/1280
f 1280/1285/1280 1261/1247/1261 1262/1246/1262
vt 0.973684 0.157895
f 1280/1286/1280 1262/1247/1262 1281/1285/1281
f 1281/1286/1281 1262/1248/1262 1263/1247/1263
vt 1.000000 0.157895
f 1281/1287/1281 1263/1248/1263 1282/1286/1282
vt 0.000000 0.131579
f 1282/1288/1282 1263/1250/1263 1264/1249/1264
vt 0.026316 0.131579
f 1282/1289/1282 1264/1250/1264 1283/1288/1283
f 1283/1289/1283 1264/1251/1264 1265/1250/1265
vt 0.052632 0.131579
f 1283/1290/1283 1265/1251/1265 1284/1289/1284
f 1284/1290/1284 1265/1252/1265 1266/1251/1266
vt 0.078947 0.131579
f 1284/1291/1284 1266/1252/1266 1285/1290/1285
f 1285/1291/1285 1266/1253/1266 1267/1252/1267
vt 0.105263 0.131579
f 1285/1292/1285 1267/1253/1267 1286/1291/1286
f 1286/1292/1286 1267/1254/1267 1268/1253/1268
vt 0.131579 0.131579
f 1286/1293/1286 1268/1254/1268 1287/1292/1287
f 1287/1293/1287 1268/1255/1268 1269/1254/1269
vt 0.157895 0.131579
f 1287/1293/1287 1269/1294/1269 83/1255/83
f 18/1255/18 17/1294/17 1288/1256/1288
vt 0.184211 0.131579
f 1288/1256/1288 17/1294/17 1270/1295/1270
f 1288/1256/1288 1270/1295/1270 1289/1257/1289
vt 0.210526 0.131579
f 1289/1257/1289 1270/1295/1270 1271/1296/1271
f 1289/1257/1289 1271/1296/1271 1290/1258/1290
vt 0.236842 0.131579
f 1290/1258/1290 1271/1296/1271 1272/1297/1272
f 1290/1258/1290 1272/1297/1272 1291/1259/1291
vt 0.263158 0.131579
f 1291/1259/1291 1272/1297/1272 1273/1298/1273
f 1291/1259/1291 1273/1298/1273 1292/1260/1292
vt 0.289474 0.131579
f 1292/1260/1292 1273/1298/1273 1274/1299/1274
f 1292/1260/1292 1274/1299/1274 1293/1261/1293
vt 0.315789 0.131579
f 1293/1261/1293 1274/1299/1274 1275/1300/1275
f 1293/1261/1293 1275/1300/1275 1294/1262/1294
vt 0.342105 0.131579
f 1294/1262/1294 1275/1300/1275 1276/1301/1276
f 1294/1262/1294 1276/1301/1276 1295/1263/1295
vt 0.368421 0.131579
f 1295/1263/1295 1276/1301/1276 1277/1302/1277
f 1295/1263/1295 1277/1302/1277 1296/1264/1296
vt 0.394737 0.131579
f 1296/1264/1296 1277/1302/1277 1278/1303/1278
f 1296/1264/1296 1278/1303/1278 1297/1265/1297
vt 0.421053 0.131579
f 1297/1265/1297 1278/1303/1278 1279/1304/1279
f 1297/1265/1297 1279/1304/1279 1298/1266/1298
vt 0.447368 0.131579
f 1298/1266/1298 1279/1304/1279 1280/1305/1280
f 1298/1266/1298 1280/1305/1280 1299/1267/1299
vt 0.473684 0.131579
f 1299/1267/1299 1280/1305/1280 1281/1306/1281
f 1299/1267/1299 1281/1306/1281 1300/1268/1300
vt 0.500000 0.131579
f 1300/1268/1300 1281/1306/1281 1282/1307/1282
f 1300/1268/1300 1282/1307/1282 1301/1269/1301
vt 0.526316 0.131579
f 1301/1269/1301 1282/1307/1282 1283/1308/1283
f 1301/1269/1301 1283/1308/1283 1302/1270/1302
vt 0.552632 0.131579
f 1302/1270/1302 1283/1308/1283 1284/1309/1284
f 1302/1270/1302 1284/1309/1284 1303/1271/1303
vt 0.578947 0.131579
f 1303/1271/1303 1284/1309/1284 1285/1310/1285
f 1303/1271/1303 1285/1310/1285 1304/1272/1304
vt 0.605263 0.131579
f 1304/1272/1304 1285/1310/1285 1286/1311/1286
f 1304/1272/1304 1286/1311/1286 1305/1273/1305
vt 0.631579 0.131579
f 1305/1273/1305 1286/1311/1286 1287/1312/1287
f 1305/1273/1305 1287/1312/1287 83/1274/83
vt 0.657895 0.131579
f 19/1313/19 18/1274/18 1306/1312/1306
f 1306/1313/1306 18/1275/18 1288/1274/1288
vt 0.684211 0.131579
f 1306/1314/1306 1288/1275/1288 1307/1313/1307
f 1307/1314/1307 1288/1276/1288 1289/1275/1289
vt 0.710526 0.131579
f 1307/1315/1307 1289/1276/1289 1308/1314/1308
f 1308/1315/1308 1289/1277/1289 1290/1276/1290
vt 0.736842 0.131579
f 1308/1316/1308 1290/1277/1290 1309/1315/1309
f 1309/1316/1309 1290/1278/1290 1291/1277/1291
vt 0.763158 0.131579
f 1309/1317/1309 1291/1278/1291 1310/1316/1310
f 1310/1317/1310 1291/1279/1291 1292/1278/1292
vt 0.789474 0.131579
f 1310/1318/1310 1292/1279/1292 1311/1317/1311
f 1311/1318/1311 1292/1280/1292 1293/1279/1293
vt 0.815789 0.131579
f 1311/1319/1311 1293/1280/1293 1312/1318/1312
f 1312/1319/1312 1293/1281/1293 1294/1280/1294
vt 0.842105 0.131579
f 1312/1320/1312 1294/1281/1294 1313/1319/1313
f 1313/1320/1313 1294/1282/1294 1295/1281/1295
vt 0.868421 0.131579
f 1313/1321/1313 1295/1282/1295 1314/1320/1314
f 1314/1321/1314 1295/1283/1295 1296/1282/1296
vt 0.894737 0.131579
f 1314/1322/1314 1296/1283/1296 1315/1321/1315
f 1315/1322/1315 1296/1284/1296 1297/1283/1297
vt 0.921053 0.131579
f 1315/1323/1315 1297/1284/1297 1316/1322/1316
f 1316/1323/1316 1297/1285/1297 1298/1284/1298
vt 0.947368 0.131579
f 1316/1324/1316 1298/1285/1298 1317/1323/1317
f 1317/1324/1317 1298/1286/1298 1299/1285/1299
vt 0.973684 0.131579
f 1317/1325/1317 1299/1286/1299 1318/1324/1318
f 1318/1325/1318 1299/1287/1299 1300/1286/1300
vt 1.000000 0.131579
f 1318/1326/1318 1300/1287/1300 1319/1325/1319
vt 0.000000 0.105263
f 1319/1327/1319 1300/1289/1300 1301/1288/1301
vt 0.026316 0.105263
f 1319/1328/1319 1301/1289/1301 1320/1327/1320
f 1320/1328/1320 1301/1290/1301 1302/1289/1302
vt 0.052632 0.105263
f 1320/1329/1320 1302/1290/1302 1321/1328/1321
f 1321/1329/1321 1302/1291/1302 1303/1290/1303
vt 0.078947 0.105263
f 1321/1330/1321 1303/1291/1303 1322/1329/1322
f 1322/1330/1322 1303/1292/1303 1304/1291/1304
vt 0.105263 0.105263
f 1322/1331/1322 1304/1292/1304 1323/1330/1323
f 1323/1331/1323 1304/1293/1304 1305/1292/1305
vt 0.131579 0.105263
f 1323/1332/1323 1305/1293/1305 83/1331/83
f 20/1293/20 19/1332/19 1324/1294/1324
vt 0.157895 0.105263
f 1324/1294/1324 19/1332/19 1306/1333/1306
f 1324/1294/1324 1306/1333/1306 1325/1295/1325
vt 0.184211 0.105263
f 1325/1295/1325 1306/1333/1306 1307/1334/1307
f 1325/1295/1325 1307/1334/1307 1326/1296/1326
vt 0.210526 0.105263
f 1326/1296/1326 1307/1334/1307 1308/1335/1308
f 1326/1296/1326 1308/1335/1308 1327/1297/1327
vt 0.236842 0.105263
f 1327/1297/1327 1308/1335/1308 1309/1336/1309
f 1327/1297/1327 1309/1336/1309 1328/1298/1328
vt 0.263158 0.105263
f 1328/1298/1328 1309/1336/1309 1310/1337/1310
f 1328/1298/1328 1310/1337/1310 1329/1299/1329
vt 0.289474 0.105263
f 1329/1299/1329 1310/1337/1310 1311/1338/1311
f 1329/1299/1329 1311/1338/1311 1330/1300/1330
vt 0.315789 0.105263
f 1330/1300/1330 1311/1338/1311 1312/1339/1312
f 1330/1300/1330 1312/1339/1312 1331/1301/1331
vt 0.342105 0.105263
f 1331/1301/1331 1312/1339/1312 1313/1340/1313
f 1331/1301/1331 1313/1340/1313 1332/1302/1332
vt 0.368421 0.105263
f 1332/1302/1332 1313/1340/1313 1314/1341/1314
f 1332/1302/1332 1314/1341/1314 1333/1303/1333
vt 0.394737 0.105263
f 1333/1303/1333 1314/1341/1314 1315/1342/1315
f 1333/1303/1333 1315/1342/1315 1334/1304/1334
vt 0.421053 0.105263
f 1334/1304/1334 1315/1342/1315 1316/1343/1316
f 1334/1304/1334 1316/1343/1316 1335/1305/1335
vt 0.447368 0.105263
f 1335/1305/1335 1316/1343/1316 1317/1344/1317
f 1335/1305/1335 1317/1344/1317 1336/1306/1336
vt 0.473684 0.105263
f 1336/1306/1336 1317/1344/1317 1318/1345/1318
f 1336/1306/1336 1318/1345/1318 1337/1307/1337
vt 0.500000 0.105263
f 1337/1307/1337 1318/1345/1318 1319/1346/1319
f 1337/1307/1337 1319/1346/1319 1338/1308/1338
vt 0.526316 0.105263
f 1338/1308/1338 1319/1346/1319 1320/1347/1320
f 1338/1308/1338 1320/1347/1320 1339/1309/1339
vt 0.552632 0.105263
f 1339/1309/1339 1320/1347/1320 1321/1348/1321
f 1339/1309/1339 1321/1348/1321 1340/1310/1340
vt 0.578947 0.105263
f 1340/1310/1340 1321/1348/1321 1322/1349/1322
f 1340/1310/1340 1322/1349/1322 1341/1311/1341
vt 0.605263 0.105263
f 1341/1311/1341 1322/1349/1322 1323/1350/1323
f 1341/1312/1341 1323/1311/1323 83/1350/83
vt 0.631579 0.105263
f 21/1351/21 20/1312/20 1342/1350/1342
f 1342/1351/1342 20/1313/20 1324/1312/1324
vt 0.657895 0.105263
f 1342/1352/1342 1324/1313/1324 1343/1351/1343
f 1343/1352/1343 1324/1314/1324 1325/1313/1325
vt 0.684211 0.105263
f 1343/1353/1343 1325/1314/1325 1344/1352/1344
f 1344/1353/1344 1325/1315/1325 1326/1314/1326
vt 0.710526 0.105263
f 1344/1354/1344 1326/1315/1326 1345/1353/1345
f 1345/1354/1345 1326/1316/1326 1327/1315/1327
vt 0.736842 0.105263
f 1345/1355/1345 1327/1316/1327 1346/1354/1346
f 1346/1355/1346 1327/1317/1327 1328/1316/1328
vt 0.763158 0.105263
f 1346/1356/1346 1328/1317/1328 1347/1355/1347
f 1347/1356/1347 1328/1318/1328 1329/1317/1329
vt 0.789474 0.105263
f 1347/1357/1347 1329/1318/1329 1348/1356/1348
f 1348/1357/1348 1329/1319/1329 1330/1318/1330
vt 0.815789 0.105263
f 1348/1358/1348 1330/1319/1330 1349/1357/1349
f 1349/1358/1349 1330/1320/1330 1331/1319/1331
vt 0.842105 0.105263
f 1349/1359/1349 1331/1320/1331 1350/1358/1350
f 1350/1359/1350 1331/1321/1331 1332/1320/1332
vt 0.868421 0.105263
f 1350/1360/1350 1332/1321/1332 1351/1359/1351
f 1351/1360/1351 1332/1322/1332 1333/1321/1333
vt 0.894737 0.105263
f 1351/1361/1351 1333/1322/1333 1352/1360/1352
f 1352/1361/1352 1333/1323/1333 1334/1322/1334
vt 0.921053 0.105263
f 1352/1362/1352 1334/1323/1334 1353/1361/1353
f 1353/1362/1353 1334/1324/1334 1335/1323/1335
vt 0.947368 0.105263
f 1353/1363/1353 1335/1324/1335 1354/1362/1354
f 1354/1363/1354 1335/1325/1335 1336/1324/1336
vt 0.973684 0.105263
f 1354/1364/1354 1336/1325/1336 1355/1363/1355
f 1355/1364/1355 1336/1326/1336 1337/1325/1337
vt 1.000000 0.105263
f 1355/1365/1355 1337/1326/1337 1356/1364/1356
vt 0.000000 0.078947
f 1356/1366/1356 1337/1328/1337 1338/1327/1338
vt 0.026316 0.078947
f 1356/1367/1356 1338/1328/1338 1357/1366/1357
f 1357/1367/1357 1338/1329/1338 1339/1328/1339
vt 0.052632 0.078947
f 1357/1368/1357 1339/1329/1339 1358/1367/1358
f 1358/1368/1358 1339/1330/1339 1340/1329/1340
vt 0.078947 0.078947
f 1358/1369/1358 1340/1330/1340 1359/1368/1359
f 1359/1369/1359 1340/1331/1340 1341/1330/1341
vt 0.105263 0.078947
f 1359/1369/1359 1341/1370/1341 83/1331/83
f 8/1331/8 21/1370/21 1360/1332/1360
vt 0.131579 0.078947
f 1360/1332/1360 21/1370/21 1342/1371/1342
f 1360/1332/1360 1342/1371/1342 1361/1333/1361
vt 0.157895 0.078947
f 1361/1333/1361 1342/1371/1342 1343/1372/1343
f 1361/1333/1361 1343/1372/1343 1362/1334/1362
vt 0.184211 0.078947
f 1362/1334/1362 1343/1372/1343 1344/1373/1344
f 1362/1334/1362 1344/1373/1344 1363/1335/1363
vt 0.210526 0.078947
f 1363/1335/1363 1344/1373/1344 1345/1374/1345
f 1363/1335/1363 1345/1374/1345 1364/1336/1364
vt 0.236842 0.078947
f 1364/1336/1364 1345/1374/1345 1346/1375/1346
f 1364/1336/1364 1346/1375/1346 1365/1337/1365
vt 0.263158 0.078947
f 1365/1337/1365 1346/1375/1346 1347/1376/1347
f 1365/1337/1365 1347/1376/1347 1366/1338/1366
vt 0.289474 0.078947
f 1366/1338/1366 1347/1376/1347 1348/1377/1348
f 1366/1338/1366 1348/1377/1348 1367/1339/1367
vt 0.315789 0.078947
f 1367/1339/1367 1348/1377/1348 1349/1378/1349
f 1367/1339/1367 1349/1378/1349 1368/1340/1368
vt 0.342105 0.078947
f 1368/1340/1368 1349/1378/1349 1350/1379/1350
f 1368/1340/1368 1350/1379/1350 1369/1341/1369
vt 0.368421 0.078947
f 1369/1341/1369 1350/1379/1350 1351/1380/1351
f 1369/1341/1369 1351/1380/1351 1370/1342/1370
vt 0.394737 0.078947
f 1370/1342/1370 1351/1380/1351 1352/1381/1352
f 1370/1342/1370 1352/1381/1352 1371/1343/1371
vt 0.421053 0.078947
f 1371/1343/1371 1352/1381/1352 1353/1382/1353
f 1371/1343/1371 1353/1382/1353 1372/1344/1372
vt 0.447368 0.078947
f 1372/1344/1372 1353/1382/1353 1354/1383/1354
f 1372/1344/1372 1354/1383/1354 1373/1345/1373
vt 0.473684 0.078947
f 1373/1345/1373 1354/1383/1354 1355/1384/1355
f 1373/1345/1373 1355/1384/1355 1374/1346/1374
vt 0.500000 0.078947
f 1374/1346/1374 1355/1384/1355 1356/1385/1356
f 1374/1346/1374 1356/1385/1356 1375/1347/1375
vt 0.526316 0.078947
f 1375/1347/1375 1356/1385/1356 1357/1386/1357
f 1375/1347/1375 1357/1386/1357 1376/1348/1376
vt 0.552632 0.078947
f 1376/1348/1376 1357/1386/1357 1358/1387/1358
f 1376/1348/1376 1358/1387/1358 1377/1349/1377
vt 0.578947 0.078947
f 1377/1349/1377 1358/1387/1358 1359/1388/1359
f 1377/1349/1377 1359/1388/1359 83/1350/83
vt 0.605263 0.078947
f 9/1389/9 8/1350/8 1378/1388/1378
f 1378/1389/1378 8/1351/8 1360/1350/1360
vt 0.631579 0.078947
f 1378/1390/1378 1360/1351/1360 1379/1389/1379
f 1379/1390/1379 1360/1352/1360 1361/1351/1361
vt 0.657895 0.078947
f 1379/1391/1379 1361/1352/1361 1380/1390/1380
f 1380/1391/1380 1361/1353/1361 1362/1352/1362
vt 0.684211 0.078947
f 1380/1392/1380 1362/1353/1362 1381/1391/1381
f 1381/1392/1381 1362/1354/1362 1363/1353/1363
vt 0.710526 0.078947
f 1381/1393/1381 1363/1354/1363 1382/1392/1382
f 1382/1393/1382 1363/1355/1363 1364/1354/1364
vt 0.736842 0.078947
f 1382/1394/1382 1364/1355/1364 1383/1393/1383
f 1383/1394/1383 1364/1356/1364 1365/1355/1365
vt 0.763158 0.078947
f 1383/1395/1383 1365/1356/1365 1384/1394/1384
f 1384/1395/1384 1365/1357/1365 1366/1356/1366
vt 0.789474 0.078947
f 1384/1396/1384 1366/1357/1366 1385/1395/1385
f 1385/1396/1385 1366/1358/1366 1367/1357/1367
vt 0.815789 0.078947
f 1385/1397/1385 1367/1358/1367 1386/1396/1386
f 1386/1397/1386 1367/1359/1367 1368/1358/1368
vt 0.842105 0.078947
f 1386/1398/1386 1368/1359/1368 1387/1397/1387
f 1387/1398/1387 1368/1360/1368 1369/1359/1369
vt 0.868421 0.078947
f 1387/1399/1387 1369/1360/1369 1388/1398/1388
f 1388/1399/1388 1369/1361/1369 1370/1360/1370
vt 0.894737 0.078947
f 1388/1400/1388 1370/1361/1370 1389/1399/1389
f 1389/1400/1389 1370/1362/1370 1371/1361/1371
vt 0.921053 0.078947
f 1389/1401/1389 1371/1362/1371 1390/1400/1390
f 1390/1401/1390 1371/1363/1371 1372/1362/1372
vt 0.947368 0.078947
f 1390/1402/1390 1372/1363/1372 1391/1401/1391
f 1391/1402/1391 1372/1364/1372 1373/1363/1373
vt 0.973684 0.078947
f 1391/1403/1391 1373/1364/1373 1392/1402/1392
f 1392/1403/1392 1373/1365/1373 1374/1364/1374
vt 1.000000 0.078947
f 1392/1404/1392 1374/1365/1374 1393/1403/1393
vt 0.000000 0.052632
f 1393/1405/1393 1374/1367/1374 1375/1366/1375
vt 0.026316 0.052632
f 1393/1406/1393 1375/1367/1375 1394/1405/1394
f 1394/1406/1394 1375/1368/1375 1376/1367/1376
vt 0.052632 0.052632
f 1394/1407/1394 1376/1368/1376 1395/1406/1395
f 1395/1407/1395 1376/1369/1376 1377/1368/1377
vt 0.078947 0.052632
f 1395/1407/1395 1377/1408/1377 83/1369/83
f 10/1369/10 9/1408/9 81/1370/81
vt 0.105263 0.052632
f 81/1370/81 9/1408/9 1378/1409/1378
f 81/1370/81 1378/1409/1378 899/1371/899
vt 0.131579 0.052632
f 899/1371/899 1378/1409/1378 1379/1410/1379
f 899/1371/899 1379/1410/1379 859/1372/859
vt 0.157895 0.052632
f 859/1372/859 1379/1410/1379 1380/1411/1380
f 859/1372/859 1380/1411/1380 818/1373/818
vt 0.184211 0.052632
f 818/1373/818 1380/1411/1380 1381/1412/1381
f 818/1373/818 1381/1412/1381 776/1374/776
vt 0.210526 0.052632
f 776/1374/776 1381/1412/1381 1382/1413/1382
f 776/1374/776 1382/1413/1382 733/1375/733
vt 0.236842 0.052632
f 733/1375/733 1382/1413/1382 1383/1414/1383
f 733/1375/733 1383/1414/1383 689/1376/689
vt 0.263158 0.052632
f 689/1376/689 1383/1414/1383 1384/1415/1384
f 689/1376/689 1384/1415/1384 644/1377/644
vt 0.289474 0.052632
f 644/1377/644 1384/1415/1384 1385/1416/1385
f 644/1377/644 1385/1416/1385 598/1378/598
vt 0.315789 0.052632
f 598/1378/598 1385/1416/1385 1386/1417/1386
f 598/1378/598 1386/1417/1386 551/1379/551
vt 0.342105 0.052632
f 551/1379/551 1386/1417/1386 1387/1418/1387
f 551/1379/551 1387/1418/1387 503/1380/503
vt 0.368421 0.052632
f 503/1380/503 1387/1418/1387 1388/1419/1388
f 503/1380/503 1388/1419/1388 454/1381/454
vt 0.394737 0.052632
f 454/1381/454 1388/1419/1388 1389/1420/1389
f 454/1381/454 1389/1420/1389 404/1382/404
vt 0.421053 0.052632
f 404/1382/404 1389/1420/1389 1390/1421/1390
f 404/1382/404 1390/1421/1390 353/1383/353
vt 0.447368 0.052632
f 353/1383/353 1390/1421/1390 1391/1422/1391
f 353/1383/353 1391/1422/1391 301/1384/301
vt 0.473684 0.052632
f 301/1384/301 1391/1422/1391 1392/1423/1392
f 301/1384/301 1392/1423/1392 248/1385/248
vt 0.500000 0.052632
f 248/1385/248 1392/1423/1392 1393/1424/1393
f 248/1385/248 1393/1424/1393 194/1386/194
vt 0.526316 0.052632
f 194/1386/194 1393/1424/1393 1394/1425/1394
f 194/1386/194 1394/1425/1394 103/1387/103
vt 0.552632 0.052632
f 103/1387/103 1394/1425/1394 1395/1426/1395
f 103/1387/103 1395/1426/1395 83/1388/83
vt 0.578947 0.052632
f 25/1426/25 59/1427/59 1071/1388/1071
f 1071/1389/1071 59/1388/59 58/1427/58
vt 0.605263 0.052632
f 1071/1389/1071 58/1427/58 1072/1428/1072
f 1072/1390/1072 58/1389/58 57/1428/57
vt 0.631579 0.052632
f 1072/1390/1072 57/1428/57 1073/1429/1073
f 1073/1391/1073 57/1390/57 56/1429/56
vt 0.657895 0.052632
f 1073/1391/1073 56/1429/56 1074/1430/1074
f 1074/1392/1074 56/1391/56 55/1430/55
vt 0.684211 0.052632
f 1074/1392/1074 55/1430/55 1075/1431/1075
f 1075/1393/1075 55/1392/55 61/1431/61
vt 0.710526 0.052632
f 1075/1393/1075 61/1431/61 1076/1432/1076
f 1076/1394/1076 61/1393/61 60/1432/60
vt 0.736842 0.052632
f 1076/1394/1076 60/1432/60 1077/1433/1077
f 1077/1395/1077 60/1394/60 54/1433/54
vt 0.763158 0.052632
f 1077/1395/1077 54/1433/54 1078/1434/1078
f 1078/1396/1078 54/1395/54 53/1434/53
vt 0.789474 0.052632
f 1078/1396/1078 53/1434/53 1079/1435/1079
f 1079/1397/1079 53/1396/53 52/1435/52
vt 0.815789 0.052632
f 1079/1397/1079 52/1435/52 1080/1436/1080
f 1080/1398/1080 52/1397/52 49/1436/49
vt 0.842105 0.052632
f 1080/1398/1080 49/1436/49 1081/1437/1081
f 1081/1399/1081 49/1398/49 48/1437/48
vt 0.868421 0.052632
f 1081/1399/1081 48/1437/48 1082/1438/1082
f 1082/1400/1082 48/1399/48 47/1438/47
vt 0.894737 0.052632
f 1082/1400/1082 47/1438/47 1083/1439/1083
f 1083/1401/1083 47/1400/47 51/1439/51
vt 0.921053 0.052632
f 1083/1401/1083 51/1439/51 1084/1440/1084
f 1084/1402/1084 51/1401/51 50/1440/50
vt 0.947368 0.052632
f 1084/1402/1084 50/1440/50 1085/1441/1085
f 1085/1403/1085 50/1402/50 46/1441/46
vt 0.973684 0.052632
f 1085/1403/1085 46/1441/46 1086/1442/1086
f 1086/1404/1086 46/1403/46 45/1442/45
vt 1.000000 0.052632
f 1086/1404/1086 45/1442/45 1087/1443/1087
vt 0.000000 0.026316
f 1087/1406/1087 45/1405/45 43/1444/43
vt 0.026316 0.026316
f 1087/1406/1087 43/1444/43 1088/1445/1088
f 1088/1407/1088 43/1406/43 42/1445/42
vt 0.052632 0.026316
f 1088/1407/1088 42/1445/42 1089/1446/1089
f 1089/1408/1089 42/1407/42 70/1446/70
vt 0.078947 0.026316
f 1089/1408/1089 70/1446/70 1090/1447/1090
f 1090/1409/1090 70/1408/70 69/1447/69
vt 0.105263 0.026316
f 1090/1409/1090 69/1447/69 1091/1448/1091
f 1091/1410/1091 69/1409/69 68/1448/68
vt 0.131579 0.026316
f 1091/1410/1091 68/1448/68 1092/1449/1092
f 1092/1411/1092 68/1410/68 67/1449/67
vt 0.157895 0.026316
f 1092/1411/1092 67/1449/67 1093/1450/1093
f 1093/1412/1093 67/1411/67 80/1450/80
vt 0.184211 0.026316
f 1093/1412/1093 80/1450/80 1094/1451/1094
f 1094/1413/1094 80/1412/80 79/1451/79
vt 0.210526 0.026316
f 1094/1413/1094 79/1451/79 1095/1452/1095
f 1095/1414/1095 79/1413/79 78/1452/78
vt 0.236842 0.026316
f 1095/1414/1095 78/1452/78 1096/1453/1096
f 1096/1415/1096 78/1414/78 77/1453/77
vt 0.263158 0.026316
f 1096/1415/1096 77/1453/77 1097/1454/1097
f 1097/1416/1097 77/1415/77 76/1454/76
vt 0.289474 0.026316
f 1097/1416/1097 76/1454/76 1098/1455/1098
f 1098/1417/1098 76/1416/76 75/1455/75
vt 0.315789 0.026316
f 1098/1417/1098 75/1455/75 1099/1456/1099
f 1099/1418/1099 75/1417/75 74/1456/74
vt 0.342105 0.026316
f 1099/1418/1099 74/1456/74 1100/1457/1100
f 1100/1419/1100 74/1418/74 73/1457/73
vt 0.368421 0.026316
f 1100/1419/1100 73/1457/73 1101/1458/1101
f 1101/1420/1101 73/1419/73 66/1458/66
vt 0.394737 0.026316
f 1101/1420/1101 66/1458/66 1102/1459/1102
f 1102/1421/1102 66/1420/66 65/1459/65
vt 0.421053 0.026316
f 1102/1421/1102 65/1459/65 1103/1460/1103
f 1103/1422/1103 65/1421/65 72/1460/72
vt 0.447368 0.026316
f 1103/1422/1103 72/1460/72 1104/1461/1104
f 1104/1423/1104 72/1422/72 71/1461/71
vt 0.473684 0.026316
f 1104/1423/1104 71/1461/71 1105/1462/1105
f 1105/1424/1105 71/1423/71 62/1462/62
vt 0.500000 0.026316
f 1105/1424/1105 62/1462/62 1106/1463/1106
f 1106/1425/1106 62/1424/62 64/1463/64
vt 0.526316 0.026316
f 1106/1425/1106 64/1463/64 1107/1464/1107
f 1107/1426/1107 64/1425/64 1396/1464/1396
vt 0.552632 0.026316
f 1107/1465/1107 1396/1426/1396 82/1464/82
f 82/1465/82 1396/1427/1396 1/1426/1
vt 0.578947 0.026316
f 82/1465/82 1/1466/1 10/1427/10
# 2780 faces, 1466 coords texture

# End of File
