# Generated by Visualization Toolkit
v 0 0 0
v 3 0 0
v 3 3 0
v 0 3 0
v 1.5 1.5 0
v 1.5 0 0
v 3 1.5 0
v 0 1.5 0
v 1.5 3 0
v 2.25 2.25 0
v 2.25 1.5 0
v 3 2.25 0
v 0.75 0.75 0
v 0.75 0 0
v 1.5 0.75 0
v 2.25 0.75 0
v 2.25 0 0
v 3 0.75 0
v 0 2.25 0
v 0.75 2.25 0
v 0.75 3 0
v 0 0.75 0
v 0.75 1.5 0
v 1.5 2.25 0
v 2.25 3 0
v 2.625 2.625 0
v 2.625 2.25 0
v 3 2.625 0
v 1.875 1.875 0
v 1.875 1.5 0
v 2.25 1.875 0
v 2.625 1.875 0
v 2.625 1.5 0
v 3 1.875 0
v 1.125 1.125 0
v 1.125 0.75 0
v 1.5 1.125 0
v 0.375 0.375 0
v 0.375 0 0
v 0.75 0.375 0
v 1.125 0.375 0
v 1.125 0 0
v 1.5 0.375 0
v 2.25 1.125 0
v 2.625 1.125 0
v 1.875 1.125 0
v 1.875 0.75 0
v 1.875 0.375 0
v 2.625 0.75 0
v 3 1.125 0
v 1.875 0 0
v 2.25 0.375 0
v 2.625 0.375 0
v 2.625 0 0
v 3 0.375 0
v 0 2.625 0
v 0.375 2.625 0
v 0.375 3 0
v 0 1.875 0
v 0.375 1.875 0
v 0.375 2.25 0
v 0.75 2.625 0
v 1.125 2.625 0
v 1.125 3 0
v 0 1.125 0
v 0.375 1.125 0
v 0.375 1.5 0
v 0 0.375 0
v 0.375 0.75 0
v 0.75 1.125 0
v 1.125 1.5 0
v 1.125 2.25 0
v 1.5 2.625 0
v 0.75 1.875 0
v 1.125 1.875 0
v 1.5 1.875 0
v 1.875 2.625 0
v 1.875 3 0
v 1.875 2.25 0
v 2.25 2.625 0
v 2.625 3 0
v 2.8125 2.8125 0
v 2.8125 2.625 0
v 3 2.8125 0
v 2.4375 2.4375 0
v 2.4375 2.25 0
v 2.625 2.4375 0
v 2.8125 2.4375 0
v 2.8125 2.25 0
v 3 2.4375 0
v 2.0625 2.0625 0
v 2.0625 1.875 0
v 2.25 2.0625 0
v 1.6875 1.6875 0
v 1.6875 1.5 0
v 1.875 1.6875 0
v 2.0625 1.6875 0
v 2.0625 1.5 0
v 2.25 1.6875 0
v 2.625 2.0625 0
v 2.8125 2.0625 0
v 2.4375 2.0625 0
v 2.4375 1.875 0
v 2.4375 1.6875 0
v 2.8125 1.875 0
v 3 2.0625 0
v 2.4375 1.5 0
v 2.625 1.6875 0
v 2.8125 1.6875 0
v 2.8125 1.5 0
v 3 1.6875 0
v 1.3125 1.3125 0
v 1.3125 1.125 0
v 1.5 1.3125 0
v 0.9375 0.9375 0
v 0.9375 0.75 0
v 1.125 0.9375 0
v 1.3125 0.9375 0
v 1.3125 0.75 0
v 1.5 0.9375 0
v 0.5625 0.5625 0
v 0.5625 0.375 0
v 0.75 0.5625 0
v 0.1875 0.1875 0
v 0.1875 0 0
v 0.375 0.1875 0
v 0.5625 0.1875 0
v 0.5625 0 0
v 0.75 0.1875 0
v 1.125 0.5625 0
v 1.3125 0.5625 0
v 0.9375 0.5625 0
v 0.9375 0.375 0
v 0.9375 0.1875 0
v 1.3125 0.375 0
v 1.5 0.5625 0
v 0.9375 0 0
v 1.125 0.1875 0
v 1.3125 0.1875 0
v 1.3125 0 0
v 1.5 0.1875 0
v 2.625 1.3125 0
v 2.8125 1.3125 0
v 2.25 1.3125 0
v 2.4375 1.3125 0
v 2.4375 1.125 0
v 2.25 0.9375 0
v 2.4375 0.9375 0
v 1.875 1.3125 0
v 2.0625 1.3125 0
v 1.6875 1.3125 0
v 1.6875 1.125 0
v 1.6875 0.9375 0
v 2.0625 0.9375 0
v 2.0625 0.75 0
v 2.0625 1.125 0
v 1.875 0.9375 0
v 1.6875 0.75 0
v 1.875 0.5625 0
v 2.0625 0.5625 0
v 1.6875 0.5625 0
v 1.6875 0.375 0
v 1.6875 0.1875 0
v 2.8125 1.125 0
v 3 1.3125 0
v 2.4375 0.75 0
v 2.625 0.9375 0
v 2.8125 0.9375 0
v 2.8125 0.75 0
v 3 0.9375 0
v 2.0625 0.375 0
v 2.25 0.5625 0
v 1.6875 0 0
v 1.875 0.1875 0
v 2.0625 0.1875 0
v 2.0625 0 0
v 2.25 0.1875 0
v 2.625 0.5625 0
v 2.8125 0.5625 0
v 2.4375 0.5625 0
v 2.4375 0.375 0
v 2.4375 0.1875 0
v 2.8125 0.375 0
v 3 0.5625 0
v 2.4375 0 0
v 2.625 0.1875 0
v 2.8125 0.1875 0
v 2.8125 0 0
v 3 0.1875 0
v 0 2.8125 0
v 0.1875 2.8125 0
v 0.1875 3 0
v 0 2.4375 0
v 0.1875 2.4375 0
v 0.1875 2.625 0
v 0.375 2.8125 0
v 0.5625 2.8125 0
v 0.5625 3 0
v 0 2.0625 0
v 0.1875 2.0625 0
v 0.1875 2.25 0
v 0 1.6875 0
v 0.1875 1.6875 0
v 0.1875 1.875 0
v 0.375 2.0625 0
v 0.5625 2.0625 0
v 0.5625 2.25 0
v 0.5625 2.625 0
v 0.75 2.8125 0
v 0.375 2.4375 0
v 0.5625 2.4375 0
v 0.75 2.4375 0
v 0.9375 2.8125 0
v 0.9375 3 0
v 0.9375 2.4375 0
v 0.9375 2.625 0
v 1.125 2.8125 0
v 1.3125 2.8125 0
v 1.3125 3 0
v 0 1.3125 0
v 0.1875 1.3125 0
v 0.1875 1.5 0
v 0 0.9375 0
v 0.1875 0.9375 0
v 0.1875 1.125 0
v 0.375 1.3125 0
v 0.5625 1.3125 0
v 0.5625 1.5 0
v 0 0.5625 0
v 0.1875 0.5625 0
v 0.1875 0.75 0
v 0 0.1875 0
v 0.1875 0.375 0
v 0.375 0.5625 0
v 0.5625 0.75 0
v 0.5625 1.125 0
v 0.75 1.3125 0
v 0.375 0.9375 0
v 0.5625 0.9375 0
v 0.75 0.9375 0
v 0.9375 1.3125 0
v 0.9375 1.5 0
v 0.9375 1.125 0
v 1.125 1.3125 0
v 1.3125 1.5 0
v 1.3125 2.625 0
v 1.5 2.8125 0
v 0.9375 2.25 0
v 1.125 2.4375 0
v 1.3125 2.4375 0
v 1.3125 2.25 0
v 1.5 2.4375 0
v 0.5625 1.875 0
v 0.75 2.0625 0
v 0.375 1.6875 0
v 0.5625 1.6875 0
v 0.75 1.6875 0
v 1.125 2.0625 0
v 1.3125 2.0625 0
v 0.9375 2.0625 0
v 0.9375 1.875 0
v 0.9375 1.6875 0
v 1.3125 1.875 0
v 1.5 2.0625 0
v 1.125 1.6875 0
v 1.3125 1.6875 0
v 1.5 1.6875 0
v 1.6875 2.8125 0
v 1.6875 3 0
v 1.6875 2.4375 0
v 1.6875 2.625 0
v 1.875 2.8125 0
v 2.0625 2.8125 0
v 2.0625 3 0
v 1.6875 2.0625 0
v 1.6875 2.25 0
v 1.6875 1.875 0
v 1.875 2.0625 0
v 2.0625 2.25 0
v 2.0625 2.625 0
v 2.25 2.8125 0
v 1.875 2.4375 0
v 2.0625 2.4375 0
v 2.25 2.4375 0
v 2.4375 2.8125 0
v 2.4375 3 0
v 2.4375 2.625 0
v 2.625 2.8125 0
v 2.8125 3 0
v 2.90625 2.90625 0
v 2.90625 2.8125 0
v 3 2.90625 0
v 2.71875 2.71875 0
v 2.71875 2.625 0
v 2.8125 2.71875 0
v 2.90625 2.71875 0
v 2.90625 2.625 0
v 3 2.71875 0
v 2.53125 2.53125 0
v 2.53125 2.4375 0
v 2.625 2.53125 0
v 2.34375 2.34375 0
v 2.34375 2.25 0
v 2.4375 2.34375 0
v 2.53125 2.34375 0
v 2.53125 2.25 0
v 2.625 2.34375 0
v 2.8125 2.53125 0
v 2.90625 2.53125 0
v 2.71875 2.53125 0
v 2.71875 2.4375 0
v 2.71875 2.34375 0
v 2.90625 2.4375 0
v 3 2.53125 0
v 2.71875 2.25 0
v 2.8125 2.34375 0
v 2.90625 2.34375 0
v 2.90625 2.25 0
v 3 2.34375 0
v 2.15625 2.15625 0
v 2.15625 2.0625 0
v 2.25 2.15625 0
v 1.96875 1.96875 0
v 1.96875 1.875 0
v 2.0625 1.96875 0
v 2.15625 1.96875 0
v 2.15625 1.875 0
v 2.25 1.96875 0
v 1.78125 1.78125 0
v 1.78125 1.6875 0
v 1.875 1.78125 0
v 1.59375 1.59375 0
v 1.59375 1.5 0
v 1.6875 1.59375 0
v 1.78125 1.59375 0
v 1.78125 1.5 0
v 1.875 1.59375 0
v 2.0625 1.78125 0
v 2.15625 1.78125 0
v 1.96875 1.78125 0
v 1.96875 1.6875 0
v 1.96875 1.59375 0
v 2.15625 1.6875 0
v 2.25 1.78125 0
v 1.96875 1.5 0
v 2.0625 1.59375 0
v 2.15625 1.59375 0
v 2.15625 1.5 0
v 2.25 1.59375 0
v 2.8125 2.15625 0
v 2.90625 2.15625 0
v 2.625 2.15625 0
v 2.71875 2.15625 0
v 2.71875 2.0625 0
v 2.625 1.96875 0
v 2.71875 1.96875 0
v 2.4375 2.15625 0
v 2.53125 2.15625 0
v 2.34375 2.15625 0
v 2.34375 2.0625 0
v 2.34375 1.96875 0
v 2.53125 1.96875 0
v 2.53125 1.875 0
v 2.53125 2.0625 0
v 2.4375 1.96875 0
v 2.34375 1.875 0
v 2.4375 1.78125 0
v 2.53125 1.78125 0
v 2.34375 1.78125 0
v 2.34375 1.6875 0
v 2.34375 1.59375 0
v 2.90625 2.0625 0
v 3 2.15625 0
v 2.71875 1.875 0
v 2.8125 1.96875 0
v 2.90625 1.96875 0
v 2.90625 1.875 0
v 3 1.96875 0
v 2.53125 1.6875 0
v 2.625 1.78125 0
v 2.34375 1.5 0
v 2.4375 1.59375 0
v 2.53125 1.59375 0
v 2.53125 1.5 0
v 2.625 1.59375 0
v 2.8125 1.78125 0
v 2.90625 1.78125 0
v 2.71875 1.78125 0
v 2.71875 1.6875 0
v 2.71875 1.59375 0
v 2.90625 1.6875 0
v 3 1.78125 0
v 2.71875 1.5 0
v 2.8125 1.59375 0
v 2.90625 1.59375 0
v 2.90625 1.5 0
v 3 1.59375 0
v 1.40625 1.40625 0
v 1.40625 1.3125 0
v 1.5 1.40625 0
v 1.21875 1.21875 0
v 1.21875 1.125 0
v 1.3125 1.21875 0
v 1.40625 1.21875 0
v 1.40625 1.125 0
v 1.5 1.21875 0
v 1.03125 1.03125 0
v 1.03125 0.9375 0
v 1.125 1.03125 0
v 0.84375 0.84375 0
v 0.84375 0.75 0
v 0.9375 0.84375 0
v 1.03125 0.84375 0
v 1.03125 0.75 0
v 1.125 0.84375 0
v 1.3125 1.03125 0
v 1.40625 1.03125 0
v 1.21875 1.03125 0
v 1.21875 0.9375 0
v 1.21875 0.84375 0
v 1.40625 0.9375 0
v 1.5 1.03125 0
v 1.21875 0.75 0
v 1.3125 0.84375 0
v 1.40625 0.84375 0
v 1.40625 0.75 0
v 1.5 0.84375 0
v 0.65625 0.65625 0
v 0.65625 0.5625 0
v 0.75 0.65625 0
v 0.46875 0.46875 0
v 0.46875 0.375 0
v 0.5625 0.46875 0
v 0.65625 0.46875 0
v 0.65625 0.375 0
v 0.75 0.46875 0
v 0.28125 0.28125 0
v 0.28125 0.1875 0
v 0.375 0.28125 0
v 0.09375 0.09375 0
v 0.09375 0 0
v 0.1875 0.09375 0
v 0.28125 0.09375 0
v 0.28125 0 0
v 0.375 0.09375 0
v 0.5625 0.28125 0
v 0.65625 0.28125 0
v 0.46875 0.28125 0
v 0.46875 0.1875 0
v 0.46875 0.09375 0
v 0.65625 0.1875 0
v 0.75 0.28125 0
v 0.46875 0 0
v 0.5625 0.09375 0
v 0.65625 0.09375 0
v 0.65625 0 0
v 0.75 0.09375 0
v 1.3125 0.65625 0
v 1.40625 0.65625 0
v 1.125 0.65625 0
v 1.21875 0.65625 0
v 1.21875 0.5625 0
v 1.125 0.46875 0
v 1.21875 0.46875 0
v 0.9375 0.65625 0
v 1.03125 0.65625 0
v 0.84375 0.65625 0
v 0.84375 0.5625 0
v 0.84375 0.46875 0
v 1.03125 0.46875 0
v 1.03125 0.375 0
v 1.03125 0.5625 0
v 0.9375 0.46875 0
v 0.84375 0.375 0
v 0.9375 0.28125 0
v 1.03125 0.28125 0
v 0.84375 0.28125 0
v 0.84375 0.1875 0
v 0.84375 0.09375 0
v 1.40625 0.5625 0
v 1.5 0.65625 0
v 1.21875 0.375 0
v 1.3125 0.46875 0
v 1.40625 0.46875 0
v 1.40625 0.375 0
v 1.5 0.46875 0
v 1.03125 0.1875 0
v 1.125 0.28125 0
v 0.84375 0 0
v 0.9375 0.09375 0
v 1.03125 0.09375 0
v 1.03125 0 0
v 1.125 0.09375 0
v 1.3125 0.28125 0
v 1.40625 0.28125 0
v 1.21875 0.28125 0
v 1.21875 0.1875 0
v 1.21875 0.09375 0
v 1.40625 0.1875 0
v 1.5 0.28125 0
v 1.21875 0 0
v 1.3125 0.09375 0
v 1.40625 0.09375 0
v 1.40625 0 0
v 1.5 0.09375 0
v 2.8125 1.40625 0
v 2.90625 1.40625 0
v 2.625 1.40625 0
v 2.71875 1.40625 0
v 2.71875 1.3125 0
v 2.625 1.21875 0
v 2.71875 1.21875 0
v 2.4375 1.40625 0
v 2.53125 1.40625 0
v 2.25 1.40625 0
v 2.34375 1.40625 0
v 2.34375 1.3125 0
v 2.25 1.21875 0
v 2.34375 1.21875 0
v 2.53125 1.21875 0
v 2.53125 1.125 0
v 2.53125 1.3125 0
v 2.4375 1.21875 0
v 2.34375 1.125 0
v 2.4375 1.03125 0
v 2.53125 1.03125 0
v 2.25 1.03125 0
v 2.34375 1.03125 0
v 2.34375 0.9375 0
v 2.25 0.84375 0
v 2.34375 0.84375 0
v 2.0625 1.40625 0
v 2.15625 1.40625 0
v 1.875 1.40625 0
v 1.96875 1.40625 0
v 1.96875 1.3125 0
v 1.875 1.21875 0
v 1.96875 1.21875 0
v 1.6875 1.40625 0
v 1.78125 1.40625 0
v 1.59375 1.40625 0
v 1.59375 1.3125 0
v 1.59375 1.21875 0
v 1.78125 1.21875 0
v 1.78125 1.125 0
v 1.78125 1.3125 0
v 1.6875 1.21875 0
v 1.59375 1.125 0
v 1.6875 1.03125 0
v 1.78125 1.03125 0
v 1.59375 1.03125 0
v 1.59375 0.9375 0
v 1.59375 0.84375 0
v 2.15625 0.84375 0
v 2.15625 0.75 0
v 2.15625 1.03125 0
v 2.15625 0.9375 0
v 2.0625 0.84375 0
v 1.96875 0.84375 0
v 1.96875 0.75 0
v 2.15625 1.21875 0
v 2.15625 1.125 0
v 2.15625 1.3125 0
v 2.0625 1.21875 0
v 1.96875 1.125 0
v 1.96875 0.9375 0
v 1.875 0.84375 0
v 2.0625 1.03125 0
v 1.96875 1.03125 0
v 1.875 1.03125 0
v 1.78125 0.84375 0
v 1.78125 0.75 0
v 1.78125 0.9375 0
v 1.6875 0.84375 0
v 1.59375 0.75 0
v 2.0625 0.65625 0
v 2.15625 0.65625 0
v 1.875 0.65625 0
v 1.96875 0.65625 0
v 1.96875 0.5625 0
v 1.875 0.46875 0
v 1.96875 0.46875 0
v 1.6875 0.65625 0
v 1.78125 0.65625 0
v 1.59375 0.65625 0
v 1.59375 0.5625 0
v 1.59375 0.46875 0
v 1.78125 0.46875 0
v 1.78125 0.375 0
v 1.78125 0.5625 0
v 1.6875 0.46875 0
v 1.59375 0.375 0
v 1.6875 0.28125 0
v 1.78125 0.28125 0
v 1.59375 0.28125 0
v 1.59375 0.1875 0
v 1.59375 0.09375 0
v 2.90625 1.3125 0
v 3 1.40625 0
v 2.71875 1.125 0
v 2.8125 1.21875 0
v 2.90625 1.21875 0
v 2.90625 1.125 0
v 3 1.21875 0
v 2.53125 0.9375 0
v 2.625 1.03125 0
v 2.34375 0.75 0
v 2.4375 0.84375 0
v 2.53125 0.84375 0
v 2.53125 0.75 0
v 2.625 0.84375 0
v 2.8125 1.03125 0
v 2.90625 1.03125 0
v 2.71875 1.03125 0
v 2.71875 0.9375 0
v 2.71875 0.84375 0
v 2.90625 0.9375 0
v 3 1.03125 0
v 2.71875 0.75 0
v 2.8125 0.84375 0
v 2.90625 0.84375 0
v 2.90625 0.75 0
v 3 0.84375 0
v 2.15625 0.5625 0
v 2.25 0.65625 0
v 1.96875 0.375 0
v 2.0625 0.46875 0
v 2.15625 0.46875 0
v 2.15625 0.375 0
v 2.25 0.46875 0
v 1.78125 0.1875 0
v 1.875 0.28125 0
v 1.59375 0 0
v 1.6875 0.09375 0
v 1.78125 0.09375 0
v 1.78125 0 0
v 1.875 0.09375 0
v 2.0625 0.28125 0
v 2.15625 0.28125 0
v 1.96875 0.28125 0
v 1.96875 0.1875 0
v 1.96875 0.09375 0
v 2.15625 0.1875 0
v 2.25 0.28125 0
v 1.96875 0 0
v 2.0625 0.09375 0
v 2.15625 0.09375 0
v 2.15625 0 0
v 2.25 0.09375 0
v 2.8125 0.65625 0
v 2.90625 0.65625 0
v 2.625 0.65625 0
v 2.71875 0.65625 0
v 2.71875 0.5625 0
v 2.625 0.46875 0
v 2.71875 0.46875 0
v 2.4375 0.65625 0
v 2.53125 0.65625 0
v 2.34375 0.65625 0
v 2.34375 0.5625 0
v 2.34375 0.46875 0
v 2.53125 0.46875 0
v 2.53125 0.375 0
v 2.53125 0.5625 0
v 2.4375 0.46875 0
v 2.34375 0.375 0
v 2.4375 0.28125 0
v 2.53125 0.28125 0
v 2.34375 0.28125 0
v 2.34375 0.1875 0
v 2.34375 0.09375 0
v 2.90625 0.5625 0
v 3 0.65625 0
v 2.71875 0.375 0
v 2.8125 0.46875 0
v 2.90625 0.46875 0
v 2.90625 0.375 0
v 3 0.46875 0
v 2.53125 0.1875 0
v 2.625 0.28125 0
v 2.34375 0 0
v 2.4375 0.09375 0
v 2.53125 0.09375 0
v 2.53125 0 0
v 2.625 0.09375 0
v 2.8125 0.28125 0
v 2.90625 0.28125 0
v 2.71875 0.28125 0
v 2.71875 0.1875 0
v 2.71875 0.09375 0
v 2.90625 0.1875 0
v 3 0.28125 0
v 2.71875 0 0
v 2.8125 0.09375 0
v 2.90625 0.09375 0
v 2.90625 0 0
v 3 0.09375 0
v 0 2.90625 0
v 0.09375 2.90625 0
v 0.09375 3 0
v 0 2.71875 0
v 0.09375 2.71875 0
v 0.09375 2.8125 0
v 0.1875 2.90625 0
v 0.28125 2.90625 0
v 0.28125 3 0
v 0 2.53125 0
v 0.09375 2.53125 0
v 0.09375 2.625 0
v 0 2.34375 0
v 0.09375 2.34375 0
v 0.09375 2.4375 0
v 0.1875 2.53125 0
v 0.28125 2.53125 0
v 0.28125 2.625 0
v 0.28125 2.8125 0
v 0.375 2.90625 0
v 0.1875 2.71875 0
v 0.28125 2.71875 0
v 0.375 2.71875 0
v 0.46875 2.90625 0
v 0.46875 3 0
v 0.46875 2.71875 0
v 0.46875 2.8125 0
v 0.5625 2.90625 0
v 0.65625 2.90625 0
v 0.65625 3 0
v 0 2.15625 0
v 0.09375 2.15625 0
v 0.09375 2.25 0
v 0 1.96875 0
v 0.09375 1.96875 0
v 0.09375 2.0625 0
v 0.1875 2.15625 0
v 0.28125 2.15625 0
v 0.28125 2.25 0
v 0 1.78125 0
v 0.09375 1.78125 0
v 0.09375 1.875 0
v 0 1.59375 0
v 0.09375 1.59375 0
v 0.09375 1.6875 0
v 0.1875 1.78125 0
v 0.28125 1.78125 0
v 0.28125 1.875 0
v 0.28125 2.0625 0
v 0.375 2.15625 0
v 0.1875 1.96875 0
v 0.28125 1.96875 0
v 0.375 1.96875 0
v 0.46875 2.15625 0
v 0.46875 2.25 0
v 0.46875 1.96875 0
v 0.46875 2.0625 0
v 0.5625 2.15625 0
v 0.65625 2.15625 0
v 0.65625 2.25 0
v 0.65625 2.8125 0
v 0.75 2.90625 0
v 0.46875 2.625 0
v 0.5625 2.71875 0
v 0.65625 2.71875 0
v 0.65625 2.625 0
v 0.75 2.71875 0
v 0.28125 2.4375 0
v 0.375 2.53125 0
v 0.1875 2.34375 0
v 0.28125 2.34375 0
v 0.375 2.34375 0
v 0.5625 2.53125 0
v 0.65625 2.53125 0
v 0.46875 2.53125 0
v 0.46875 2.4375 0
v 0.46875 2.34375 0
v 0.65625 2.4375 0
v 0.75 2.53125 0
v 0.5625 2.34375 0
v 0.65625 2.34375 0
v 0.75 2.34375 0
v 0.84375 2.90625 0
v 0.84375 3 0
v 0.84375 2.71875 0
v 0.84375 2.8125 0
v 0.9375 2.90625 0
v 1.03125 2.90625 0
v 1.03125 3 0
v 0.84375 2.53125 0
v 0.84375 2.625 0
v 0.84375 2.34375 0
v 0.84375 2.4375 0
v 0.9375 2.53125 0
v 1.03125 2.53125 0
v 1.03125 2.625 0
v 1.03125 2.8125 0
v 1.125 2.90625 0
v 0.9375 2.71875 0
v 1.03125 2.71875 0
v 1.125 2.71875 0
v 1.21875 2.90625 0
v 1.21875 3 0
v 1.21875 2.71875 0
v 1.21875 2.8125 0
v 1.3125 2.90625 0
v 1.40625 2.90625 0
v 1.40625 3 0
v 0 1.40625 0
v 0.09375 1.40625 0
v 0.09375 1.5 0
v 0 1.21875 0
v 0.09375 1.21875 0
v 0.09375 1.3125 0
v 0.1875 1.40625 0
v 0.28125 1.40625 0
v 0.28125 1.5 0
v 0 1.03125 0
v 0.09375 1.03125 0
v 0.09375 1.125 0
v 0 0.84375 0
v 0.09375 0.84375 0
v 0.09375 0.9375 0
v 0.1875 1.03125 0
v 0.28125 1.03125 0
v 0.28125 1.125 0
v 0.28125 1.3125 0
v 0.375 1.40625 0
v 0.1875 1.21875 0
v 0.28125 1.21875 0
v 0.375 1.21875 0
v 0.46875 1.40625 0
v 0.46875 1.5 0
v 0.46875 1.21875 0
v 0.46875 1.3125 0
v 0.5625 1.40625 0
v 0.65625 1.40625 0
v 0.65625 1.5 0
v 0 0.65625 0
v 0.09375 0.65625 0
v 0.09375 0.75 0
v 0 0.46875 0
v 0.09375 0.46875 0
v 0.09375 0.5625 0
v 0.1875 0.65625 0
v 0.28125 0.65625 0
v 0.28125 0.75 0
v 0 0.28125 0
v 0.09375 0.28125 0
v 0.09375 0.375 0
v 0 0.09375 0
v 0.09375 0.1875 0
v 0.1875 0.28125 0
v 0.28125 0.375 0
v 0.28125 0.5625 0
v 0.375 0.65625 0
v 0.1875 0.46875 0
v 0.28125 0.46875 0
v 0.375 0.46875 0
v 0.46875 0.65625 0
v 0.46875 0.75 0
v 0.46875 0.5625 0
v 0.5625 0.65625 0
v 0.65625 0.75 0
v 0.65625 1.3125 0
v 0.75 1.40625 0
v 0.46875 1.125 0
v 0.5625 1.21875 0
v 0.65625 1.21875 0
v 0.65625 1.125 0
v 0.75 1.21875 0
v 0.28125 0.9375 0
v 0.375 1.03125 0
v 0.1875 0.84375 0
v 0.28125 0.84375 0
v 0.375 0.84375 0
v 0.5625 1.03125 0
v 0.65625 1.03125 0
v 0.46875 1.03125 0
v 0.46875 0.9375 0
v 0.46875 0.84375 0
v 0.65625 0.9375 0
v 0.75 1.03125 0
v 0.5625 0.84375 0
v 0.65625 0.84375 0
v 0.75 0.84375 0
v 0.84375 1.40625 0
v 0.84375 1.5 0
v 0.84375 1.21875 0
v 0.84375 1.3125 0
v 0.9375 1.40625 0
v 1.03125 1.40625 0
v 1.03125 1.5 0
v 0.84375 1.03125 0
v 0.84375 1.125 0
v 0.84375 0.9375 0
v 0.9375 1.03125 0
v 1.03125 1.125 0
v 1.03125 1.3125 0
v 1.125 1.40625 0
v 0.9375 1.21875 0
v 1.03125 1.21875 0
v 1.125 1.21875 0
v 1.21875 1.40625 0
v 1.21875 1.5 0
v 1.21875 1.3125 0
v 1.3125 1.40625 0
v 1.40625 1.5 0
v 1.40625 2.8125 0
v 1.5 2.90625 0
v 1.21875 2.625 0
v 1.3125 2.71875 0
v 1.40625 2.71875 0
v 1.40625 2.625 0
v 1.5 2.71875 0
v 1.03125 2.4375 0
v 1.125 2.53125 0
v 0.84375 2.25 0
v 0.9375 2.34375 0
v 1.03125 2.34375 0
v 1.03125 2.25 0
v 1.125 2.34375 0
v 1.3125 2.53125 0
v 1.40625 2.53125 0
v 1.21875 2.53125 0
v 1.21875 2.4375 0
v 1.21875 2.34375 0
v 1.40625 2.4375 0
v 1.5 2.53125 0
v 1.21875 2.25 0
v 1.3125 2.34375 0
v 1.40625 2.34375 0
v 1.40625 2.25 0
v 1.5 2.34375 0
v 0.65625 2.0625 0
v 0.75 2.15625 0
v 0.46875 1.875 0
v 0.5625 1.96875 0
v 0.65625 1.96875 0
v 0.65625 1.875 0
v 0.75 1.96875 0
v 0.28125 1.6875 0
v 0.375 1.78125 0
v 0.1875 1.59375 0
v 0.28125 1.59375 0
v 0.375 1.59375 0
v 0.5625 1.78125 0
v 0.65625 1.78125 0
v 0.46875 1.78125 0
v 0.46875 1.6875 0
v 0.46875 1.59375 0
v 0.65625 1.6875 0
v 0.75 1.78125 0
v 0.5625 1.59375 0
v 0.65625 1.59375 0
v 0.75 1.59375 0
v 1.3125 2.15625 0
v 1.40625 2.15625 0
v 1.125 2.15625 0
v 1.21875 2.15625 0
v 1.21875 2.0625 0
v 1.125 1.96875 0
v 1.21875 1.96875 0
v 0.9375 2.15625 0
v 1.03125 2.15625 0
v 0.84375 2.15625 0
v 0.84375 2.0625 0
v 0.84375 1.96875 0
v 1.03125 1.96875 0
v 1.03125 1.875 0
v 1.03125 2.0625 0
v 0.9375 1.96875 0
v 0.84375 1.875 0
v 0.9375 1.78125 0
v 1.03125 1.78125 0
v 0.84375 1.78125 0
v 0.84375 1.6875 0
v 0.84375 1.59375 0
v 1.40625 2.0625 0
v 1.5 2.15625 0
v 1.21875 1.875 0
v 1.3125 1.96875 0
v 1.40625 1.96875 0
v 1.40625 1.875 0
v 1.5 1.96875 0
v 1.03125 1.6875 0
v 1.125 1.78125 0
v 0.9375 1.59375 0
v 1.03125 1.59375 0
v 1.125 1.59375 0
v 1.3125 1.78125 0
v 1.40625 1.78125 0
v 1.21875 1.78125 0
v 1.21875 1.6875 0
v 1.21875 1.59375 0
v 1.40625 1.6875 0
v 1.5 1.78125 0
v 1.3125 1.59375 0
v 1.40625 1.59375 0
v 1.5 1.59375 0
v 1.59375 2.90625 0
v 1.59375 3 0
v 1.59375 2.71875 0
v 1.59375 2.8125 0
v 1.6875 2.90625 0
v 1.78125 2.90625 0
v 1.78125 3 0
v 1.59375 2.53125 0
v 1.59375 2.625 0
v 1.59375 2.34375 0
v 1.59375 2.4375 0
v 1.6875 2.53125 0
v 1.78125 2.53125 0
v 1.78125 2.625 0
v 1.78125 2.8125 0
v 1.875 2.90625 0
v 1.6875 2.71875 0
v 1.78125 2.71875 0
v 1.875 2.71875 0
v 1.96875 2.90625 0
v 1.96875 3 0
v 1.96875 2.71875 0
v 1.96875 2.8125 0
v 2.0625 2.90625 0
v 2.15625 2.90625 0
v 2.15625 3 0
v 1.59375 2.15625 0
v 1.59375 2.25 0
v 1.59375 1.96875 0
v 1.59375 2.0625 0
v 1.6875 2.15625 0
v 1.78125 2.15625 0
v 1.78125 2.25 0
v 1.59375 1.78125 0
v 1.59375 1.875 0
v 1.59375 1.6875 0
v 1.6875 1.78125 0
v 1.78125 1.875 0
v 1.78125 2.0625 0
v 1.875 2.15625 0
v 1.6875 1.96875 0
v 1.78125 1.96875 0
v 1.875 1.96875 0
v 1.96875 2.15625 0
v 1.96875 2.25 0
v 1.96875 2.0625 0
v 2.0625 2.15625 0
v 2.15625 2.25 0
v 2.15625 2.8125 0
v 2.25 2.90625 0
v 1.96875 2.625 0
v 2.0625 2.71875 0
v 2.15625 2.71875 0
v 2.15625 2.625 0
v 2.25 2.71875 0
v 1.78125 2.4375 0
v 1.875 2.53125 0
v 1.6875 2.34375 0
v 1.78125 2.34375 0
v 1.875 2.34375 0
v 2.0625 2.53125 0
v 2.15625 2.53125 0
v 1.96875 2.53125 0
v 1.96875 2.4375 0
v 1.96875 2.34375 0
v 2.15625 2.4375 0
v 2.25 2.53125 0
v 2.0625 2.34375 0
v 2.15625 2.34375 0
v 2.25 2.34375 0
v 2.34375 2.90625 0
v 2.34375 3 0
v 2.34375 2.71875 0
v 2.34375 2.8125 0
v 2.4375 2.90625 0
v 2.53125 2.90625 0
v 2.53125 3 0
v 2.34375 2.53125 0
v 2.34375 2.625 0
v 2.34375 2.4375 0
v 2.4375 2.53125 0
v 2.53125 2.625 0
v 2.53125 2.8125 0
v 2.625 2.90625 0
v 2.4375 2.71875 0
v 2.53125 2.71875 0
v 2.625 2.71875 0
v 2.71875 2.90625 0
v 2.71875 3 0
v 2.71875 2.8125 0
v 2.8125 2.90625 0
v 2.90625 3 0
v 2.953125 2.953125 0
v 2.953125 2.90625 0
v 3 2.953125 0
v 2.859375 2.859375 0
v 2.859375 2.8125 0
v 2.90625 2.859375 0
v 2.953125 2.859375 0
v 2.953125 2.8125 0
v 3 2.859375 0
v 2.765625 2.765625 0
v 2.765625 2.71875 0
v 2.8125 2.765625 0
v 2.671875 2.671875 0
v 2.671875 2.625 0
v 2.71875 2.671875 0
v 2.765625 2.671875 0
v 2.765625 2.625 0
v 2.8125 2.671875 0
v 2.90625 2.765625 0
v 2.953125 2.765625 0
v 2.859375 2.765625 0
v 2.859375 2.71875 0
v 2.859375 2.671875 0
v 2.953125 2.71875 0
v 3 2.765625 0
v 2.859375 2.625 0
v 2.90625 2.671875 0
v 2.953125 2.671875 0
v 2.953125 2.625 0
v 3 2.671875 0
v 2.578125 2.578125 0
v 2.578125 2.53125 0
v 2.625 2.578125 0
v 2.484375 2.484375 0
v 2.484375 2.4375 0
v 2.53125 2.484375 0
v 2.578125 2.484375 0
v 2.578125 2.4375 0
v 2.625 2.484375 0
v 2.390625 2.390625 0
v 2.390625 2.34375 0
v 2.4375 2.390625 0
v 2.296875 2.296875 0
v 2.296875 2.25 0
v 2.34375 2.296875 0
v 2.390625 2.296875 0
v 2.390625 2.25 0
v 2.4375 2.296875 0
v 2.53125 2.390625 0
v 2.578125 2.390625 0
v 2.484375 2.390625 0
v 2.484375 2.34375 0
v 2.484375 2.296875 0
v 2.578125 2.34375 0
v 2.625 2.390625 0
v 2.484375 2.25 0
v 2.53125 2.296875 0
v 2.578125 2.296875 0
v 2.578125 2.25 0
v 2.625 2.296875 0
v 2.90625 2.578125 0
v 2.953125 2.578125 0
v 2.8125 2.578125 0
v 2.859375 2.578125 0
v 2.859375 2.53125 0
v 2.8125 2.484375 0
v 2.859375 2.484375 0
v 2.71875 2.578125 0
v 2.765625 2.578125 0
v 2.671875 2.578125 0
v 2.671875 2.53125 0
v 2.671875 2.484375 0
v 2.765625 2.484375 0
v 2.765625 2.4375 0
v 2.765625 2.53125 0
v 2.71875 2.484375 0
v 2.671875 2.4375 0
v 2.71875 2.390625 0
v 2.765625 2.390625 0
v 2.671875 2.390625 0
v 2.671875 2.34375 0
v 2.671875 2.296875 0
v 2.953125 2.53125 0
v 3 2.578125 0
v 2.859375 2.4375 0
v 2.90625 2.484375 0
v 2.953125 2.484375 0
v 2.953125 2.4375 0
v 3 2.484375 0
v 2.765625 2.34375 0
v 2.8125 2.390625 0
v 2.671875 2.25 0
v 2.71875 2.296875 0
v 2.765625 2.296875 0
v 2.765625 2.25 0
v 2.8125 2.296875 0
v 2.90625 2.390625 0
v 2.953125 2.390625 0
v 2.859375 2.390625 0
v 2.859375 2.34375 0
v 2.859375 2.296875 0
v 2.953125 2.34375 0
v 3 2.390625 0
v 2.859375 2.25 0
v 2.90625 2.296875 0
v 2.953125 2.296875 0
v 2.953125 2.25 0
v 3 2.296875 0
v 2.203125 2.203125 0
v 2.203125 2.15625 0
v 2.25 2.203125 0
v 2.109375 2.109375 0
v 2.109375 2.0625 0
v 2.15625 2.109375 0
v 2.203125 2.109375 0
v 2.203125 2.0625 0
v 2.25 2.109375 0
v 2.015625 2.015625 0
v 2.015625 1.96875 0
v 2.0625 2.015625 0
v 1.921875 1.921875 0
v 1.921875 1.875 0
v 1.96875 1.921875 0
v 2.015625 1.921875 0
v 2.015625 1.875 0
v 2.0625 1.921875 0
v 2.15625 2.015625 0
v 2.203125 2.015625 0
v 2.109375 2.015625 0
v 2.109375 1.96875 0
v 2.109375 1.921875 0
v 2.203125 1.96875 0
v 2.25 2.015625 0
v 2.109375 1.875 0
v 2.15625 1.921875 0
v 2.203125 1.921875 0
v 2.203125 1.875 0
v 2.25 1.921875 0
v 1.828125 1.828125 0
v 1.828125 1.78125 0
v 1.875 1.828125 0
v 1.734375 1.734375 0
v 1.734375 1.6875 0
v 1.78125 1.734375 0
v 1.828125 1.734375 0
v 1.828125 1.6875 0
v 1.875 1.734375 0
v 1.640625 1.640625 0
v 1.640625 1.59375 0
v 1.6875 1.640625 0
v 1.546875 1.546875 0
v 1.546875 1.5 0
v 1.59375 1.546875 0
v 1.640625 1.546875 0
v 1.640625 1.5 0
v 1.6875 1.546875 0
v 1.78125 1.640625 0
v 1.828125 1.640625 0
v 1.734375 1.640625 0
v 1.734375 1.59375 0
v 1.734375 1.546875 0
v 1.828125 1.59375 0
v 1.875 1.640625 0
v 1.734375 1.5 0
v 1.78125 1.546875 0
v 1.828125 1.546875 0
v 1.828125 1.5 0
v 1.875 1.546875 0
v 2.15625 1.828125 0
v 2.203125 1.828125 0
v 2.0625 1.828125 0
v 2.109375 1.828125 0
v 2.109375 1.78125 0
v 2.0625 1.734375 0
v 2.109375 1.734375 0
v 1.96875 1.828125 0
v 2.015625 1.828125 0
v 1.921875 1.828125 0
v 1.921875 1.78125 0
v 1.921875 1.734375 0
v 2.015625 1.734375 0
v 2.015625 1.6875 0
v 2.015625 1.78125 0
v 1.96875 1.734375 0
v 1.921875 1.6875 0
v 1.96875 1.640625 0
v 2.015625 1.640625 0
v 1.921875 1.640625 0
v 1.921875 1.59375 0
v 1.921875 1.546875 0
v 2.203125 1.78125 0
v 2.25 1.828125 0
v 2.109375 1.6875 0
v 2.15625 1.734375 0
v 2.203125 1.734375 0
v 2.203125 1.6875 0
v 2.25 1.734375 0
v 2.015625 1.59375 0
v 2.0625 1.640625 0
v 1.921875 1.5 0
v 1.96875 1.546875 0
v 2.015625 1.546875 0
v 2.015625 1.5 0
v 2.0625 1.546875 0
v 2.15625 1.640625 0
v 2.203125 1.640625 0
v 2.109375 1.640625 0
v 2.109375 1.59375 0
v 2.109375 1.546875 0
v 2.203125 1.59375 0
v 2.25 1.640625 0
v 2.109375 1.5 0
v 2.15625 1.546875 0
v 2.203125 1.546875 0
v 2.203125 1.5 0
v 2.25 1.546875 0
v 2.90625 2.203125 0
v 2.953125 2.203125 0
v 2.8125 2.203125 0
v 2.859375 2.203125 0
v 2.859375 2.15625 0
v 2.8125 2.109375 0
v 2.859375 2.109375 0
v 2.71875 2.203125 0
v 2.765625 2.203125 0
v 2.625 2.203125 0
v 2.671875 2.203125 0
v 2.671875 2.15625 0
v 2.625 2.109375 0
v 2.671875 2.109375 0
v 2.765625 2.109375 0
v 2.765625 2.0625 0
v 2.765625 2.15625 0
v 2.71875 2.109375 0
v 2.671875 2.0625 0
v 2.71875 2.015625 0
v 2.765625 2.015625 0
v 2.625 2.015625 0
v 2.671875 2.015625 0
v 2.671875 1.96875 0
v 2.625 1.921875 0
v 2.671875 1.921875 0
v 2.53125 2.203125 0
v 2.578125 2.203125 0
v 2.4375 2.203125 0
v 2.484375 2.203125 0
v 2.484375 2.15625 0
v 2.4375 2.109375 0
v 2.484375 2.109375 0
v 2.34375 2.203125 0
v 2.390625 2.203125 0
v 2.296875 2.203125 0
v 2.296875 2.15625 0
v 2.296875 2.109375 0
v 2.390625 2.109375 0
v 2.390625 2.0625 0
v 2.390625 2.15625 0
v 2.34375 2.109375 0
v 2.296875 2.0625 0
v 2.34375 2.015625 0
v 2.390625 2.015625 0
v 2.296875 2.015625 0
v 2.296875 1.96875 0
v 2.296875 1.921875 0
v 2.578125 1.921875 0
v 2.578125 1.875 0
v 2.578125 2.015625 0
v 2.578125 1.96875 0
v 2.53125 1.921875 0
v 2.484375 1.921875 0
v 2.484375 1.875 0
v 2.578125 2.109375 0
v 2.578125 2.0625 0
v 2.578125 2.15625 0
v 2.53125 2.109375 0
v 2.484375 2.0625 0
v 2.484375 1.96875 0
v 2.4375 1.921875 0
v 2.53125 2.015625 0
v 2.484375 2.015625 0
v 2.4375 2.015625 0
v 2.390625 1.921875 0
v 2.390625 1.875 0
v 2.390625 1.96875 0
v 2.34375 1.921875 0
v 2.296875 1.875 0
v 2.53125 1.828125 0
v 2.578125 1.828125 0
v 2.4375 1.828125 0
v 2.484375 1.828125 0
v 2.484375 1.78125 0
v 2.4375 1.734375 0
v 2.484375 1.734375 0
v 2.34375 1.828125 0
v 2.390625 1.828125 0
v 2.296875 1.828125 0
v 2.296875 1.78125 0
v 2.296875 1.734375 0
v 2.390625 1.734375 0
v 2.390625 1.6875 0
v 2.390625 1.78125 0
v 2.34375 1.734375 0
v 2.296875 1.6875 0
v 2.34375 1.640625 0
v 2.390625 1.640625 0
v 2.296875 1.640625 0
v 2.296875 1.59375 0
v 2.296875 1.546875 0
v 2.953125 2.15625 0
v 3 2.203125 0
v 2.859375 2.0625 0
v 2.90625 2.109375 0
v 2.953125 2.109375 0
v 2.953125 2.0625 0
v 3 2.109375 0
v 2.765625 1.96875 0
v 2.8125 2.015625 0
v 2.671875 1.875 0
v 2.71875 1.921875 0
v 2.765625 1.921875 0
v 2.765625 1.875 0
v 2.8125 1.921875 0
v 2.90625 2.015625 0
v 2.953125 2.015625 0
v 2.859375 2.015625 0
v 2.859375 1.96875 0
v 2.859375 1.921875 0
v 2.953125 1.96875 0
v 3 2.015625 0
v 2.859375 1.875 0
v 2.90625 1.921875 0
v 2.953125 1.921875 0
v 2.953125 1.875 0
v 3 1.921875 0
v 2.578125 1.78125 0
v 2.625 1.828125 0
v 2.484375 1.6875 0
v 2.53125 1.734375 0
v 2.578125 1.734375 0
v 2.578125 1.6875 0
v 2.625 1.734375 0
v 2.390625 1.59375 0
v 2.4375 1.640625 0
v 2.296875 1.5 0
v 2.34375 1.546875 0
v 2.390625 1.546875 0
v 2.390625 1.5 0
v 2.4375 1.546875 0
v 2.53125 1.640625 0
v 2.578125 1.640625 0
v 2.484375 1.640625 0
v 2.484375 1.59375 0
v 2.484375 1.546875 0
v 2.578125 1.59375 0
v 2.625 1.640625 0
v 2.484375 1.5 0
v 2.53125 1.546875 0
v 2.578125 1.546875 0
v 2.578125 1.5 0
v 2.625 1.546875 0
v 2.90625 1.828125 0
v 2.953125 1.828125 0
v 2.8125 1.828125 0
v 2.859375 1.828125 0
v 2.859375 1.78125 0
v 2.8125 1.734375 0
v 2.859375 1.734375 0
v 2.71875 1.828125 0
v 2.765625 1.828125 0
v 2.671875 1.828125 0
v 2.671875 1.78125 0
v 2.671875 1.734375 0
v 2.765625 1.734375 0
v 2.765625 1.6875 0
v 2.765625 1.78125 0
v 2.71875 1.734375 0
v 2.671875 1.6875 0
v 2.71875 1.640625 0
v 2.765625 1.640625 0
v 2.671875 1.640625 0
v 2.671875 1.59375 0
v 2.671875 1.546875 0
v 2.953125 1.78125 0
v 3 1.828125 0
v 2.859375 1.6875 0
v 2.90625 1.734375 0
v 2.953125 1.734375 0
v 2.953125 1.6875 0
v 3 1.734375 0
v 2.765625 1.59375 0
v 2.8125 1.640625 0
v 2.671875 1.5 0
v 2.71875 1.546875 0
v 2.765625 1.546875 0
v 2.765625 1.5 0
v 2.8125 1.546875 0
v 2.90625 1.640625 0
v 2.953125 1.640625 0
v 2.859375 1.640625 0
v 2.859375 1.59375 0
v 2.859375 1.546875 0
v 2.953125 1.59375 0
v 3 1.640625 0
v 2.859375 1.5 0
v 2.90625 1.546875 0
v 2.953125 1.546875 0
v 2.953125 1.5 0
v 3 1.546875 0
v 1.453125 1.453125 0
v 1.453125 1.40625 0
v 1.5 1.453125 0
v 1.359375 1.359375 0
v 1.359375 1.3125 0
v 1.40625 1.359375 0
v 1.453125 1.359375 0
v 1.453125 1.3125 0
v 1.5 1.359375 0
v 1.265625 1.265625 0
v 1.265625 1.21875 0
v 1.3125 1.265625 0
v 1.171875 1.171875 0
v 1.171875 1.125 0
v 1.21875 1.171875 0
v 1.265625 1.171875 0
v 1.265625 1.125 0
v 1.3125 1.171875 0
v 1.40625 1.265625 0
v 1.453125 1.265625 0
v 1.359375 1.265625 0
v 1.359375 1.21875 0
v 1.359375 1.171875 0
v 1.453125 1.21875 0
v 1.5 1.265625 0
v 1.359375 1.125 0
v 1.40625 1.171875 0
v 1.453125 1.171875 0
v 1.453125 1.125 0
v 1.5 1.171875 0
v 1.078125 1.078125 0
v 1.078125 1.03125 0
v 1.125 1.078125 0
v 0.984375 0.984375 0
v 0.984375 0.9375 0
v 1.03125 0.984375 0
v 1.078125 0.984375 0
v 1.078125 0.9375 0
v 1.125 0.984375 0
v 0.890625 0.890625 0
v 0.890625 0.84375 0
v 0.9375 0.890625 0
v 0.796875 0.796875 0
v 0.796875 0.75 0
v 0.84375 0.796875 0
v 0.890625 0.796875 0
v 0.890625 0.75 0
v 0.9375 0.796875 0
v 1.03125 0.890625 0
v 1.078125 0.890625 0
v 0.984375 0.890625 0
v 0.984375 0.84375 0
v 0.984375 0.796875 0
v 1.078125 0.84375 0
v 1.125 0.890625 0
v 0.984375 0.75 0
v 1.03125 0.796875 0
v 1.078125 0.796875 0
v 1.078125 0.75 0
v 1.125 0.796875 0
v 1.40625 1.078125 0
v 1.453125 1.078125 0
v 1.3125 1.078125 0
v 1.359375 1.078125 0
v 1.359375 1.03125 0
v 1.3125 0.984375 0
v 1.359375 0.984375 0
v 1.21875 1.078125 0
v 1.265625 1.078125 0
v 1.171875 1.078125 0
v 1.171875 1.03125 0
v 1.171875 0.984375 0
v 1.265625 0.984375 0
v 1.265625 0.9375 0
v 1.265625 1.03125 0
v 1.21875 0.984375 0
v 1.171875 0.9375 0
v 1.21875 0.890625 0
v 1.265625 0.890625 0
v 1.171875 0.890625 0
v 1.171875 0.84375 0
v 1.171875 0.796875 0
v 1.453125 1.03125 0
v 1.5 1.078125 0
v 1.359375 0.9375 0
v 1.40625 0.984375 0
v 1.453125 0.984375 0
v 1.453125 0.9375 0
v 1.5 0.984375 0
v 1.265625 0.84375 0
v 1.3125 0.890625 0
v 1.171875 0.75 0
v 1.21875 0.796875 0
v 1.265625 0.796875 0
v 1.265625 0.75 0
v 1.3125 0.796875 0
v 1.40625 0.890625 0
v 1.453125 0.890625 0
v 1.359375 0.890625 0
v 1.359375 0.84375 0
v 1.359375 0.796875 0
v 1.453125 0.84375 0
v 1.5 0.890625 0
v 1.359375 0.75 0
v 1.40625 0.796875 0
v 1.453125 0.796875 0
v 1.453125 0.75 0
v 1.5 0.796875 0
v 0.703125 0.703125 0
v 0.703125 0.65625 0
v 0.75 0.703125 0
v 0.609375 0.609375 0
v 0.609375 0.5625 0
v 0.65625 0.609375 0
v 0.703125 0.609375 0
v 0.703125 0.5625 0
v 0.75 0.609375 0
v 0.515625 0.515625 0
v 0.515625 0.46875 0
v 0.5625 0.515625 0
v 0.421875 0.421875 0
v 0.421875 0.375 0
v 0.46875 0.421875 0
v 0.515625 0.421875 0
v 0.515625 0.375 0
v 0.5625 0.421875 0
v 0.65625 0.515625 0
v 0.703125 0.515625 0
v 0.609375 0.515625 0
v 0.609375 0.46875 0
v 0.609375 0.421875 0
v 0.703125 0.46875 0
v 0.75 0.515625 0
v 0.609375 0.375 0
v 0.65625 0.421875 0
v 0.703125 0.421875 0
v 0.703125 0.375 0
v 0.75 0.421875 0
v 0.328125 0.328125 0
v 0.328125 0.28125 0
v 0.375 0.328125 0
v 0.234375 0.234375 0
v 0.234375 0.1875 0
v 0.28125 0.234375 0
v 0.328125 0.234375 0
v 0.328125 0.1875 0
v 0.375 0.234375 0
v 0.140625 0.140625 0
v 0.140625 0.09375 0
v 0.1875 0.140625 0
v 0.046875 0.046875 0
v 0.046875 0 0
v 0.09375 0.046875 0
v 0.140625 0.046875 0
v 0.140625 0 0
v 0.1875 0.046875 0
v 0.28125 0.140625 0
v 0.328125 0.140625 0
v 0.234375 0.140625 0
v 0.234375 0.09375 0
v 0.234375 0.046875 0
v 0.328125 0.09375 0
v 0.375 0.140625 0
v 0.234375 0 0
v 0.28125 0.046875 0
v 0.328125 0.046875 0
v 0.328125 0 0
v 0.375 0.046875 0
v 0.65625 0.328125 0
v 0.703125 0.328125 0
v 0.5625 0.328125 0
v 0.609375 0.328125 0
v 0.609375 0.28125 0
v 0.5625 0.234375 0
v 0.609375 0.234375 0
v 0.46875 0.328125 0
v 0.515625 0.328125 0
v 0.421875 0.328125 0
v 0.421875 0.28125 0
v 0.421875 0.234375 0
v 0.515625 0.234375 0
v 0.515625 0.1875 0
v 0.515625 0.28125 0
v 0.46875 0.234375 0
v 0.421875 0.1875 0
v 0.46875 0.140625 0
v 0.515625 0.140625 0
v 0.421875 0.140625 0
v 0.421875 0.09375 0
v 0.421875 0.046875 0
v 0.703125 0.28125 0
v 0.75 0.328125 0
v 0.609375 0.1875 0
v 0.65625 0.234375 0
v 0.703125 0.234375 0
v 0.703125 0.1875 0
v 0.75 0.234375 0
v 0.515625 0.09375 0
v 0.5625 0.140625 0
v 0.421875 0 0
v 0.46875 0.046875 0
v 0.515625 0.046875 0
v 0.515625 0 0
v 0.5625 0.046875 0
v 0.65625 0.140625 0
v 0.703125 0.140625 0
v 0.609375 0.140625 0
v 0.609375 0.09375 0
v 0.609375 0.046875 0
v 0.703125 0.09375 0
v 0.75 0.140625 0
v 0.609375 0 0
v 0.65625 0.046875 0
v 0.703125 0.046875 0
v 0.703125 0 0
v 0.75 0.046875 0
v 1.40625 0.703125 0
v 1.453125 0.703125 0
v 1.3125 0.703125 0
v 1.359375 0.703125 0
v 1.359375 0.65625 0
v 1.3125 0.609375 0
v 1.359375 0.609375 0
v 1.21875 0.703125 0
v 1.265625 0.703125 0
v 1.125 0.703125 0
v 1.171875 0.703125 0
v 1.171875 0.65625 0
v 1.125 0.609375 0
v 1.171875 0.609375 0
v 1.265625 0.609375 0
v 1.265625 0.5625 0
v 1.265625 0.65625 0
v 1.21875 0.609375 0
v 1.171875 0.5625 0
v 1.21875 0.515625 0
v 1.265625 0.515625 0
v 1.125 0.515625 0
v 1.171875 0.515625 0
v 1.171875 0.46875 0
v 1.125 0.421875 0
v 1.171875 0.421875 0
v 1.03125 0.703125 0
v 1.078125 0.703125 0
v 0.9375 0.703125 0
v 0.984375 0.703125 0
v 0.984375 0.65625 0
v 0.9375 0.609375 0
v 0.984375 0.609375 0
v 0.84375 0.703125 0
v 0.890625 0.703125 0
v 0.796875 0.703125 0
v 0.796875 0.65625 0
v 0.796875 0.609375 0
v 0.890625 0.609375 0
v 0.890625 0.5625 0
v 0.890625 0.65625 0
v 0.84375 0.609375 0
v 0.796875 0.5625 0
v 0.84375 0.515625 0
v 0.890625 0.515625 0
v 0.796875 0.515625 0
v 0.796875 0.46875 0
v 0.796875 0.421875 0
v 1.078125 0.421875 0
v 1.078125 0.375 0
v 1.078125 0.515625 0
v 1.078125 0.46875 0
v 1.03125 0.421875 0
v 0.984375 0.421875 0
v 0.984375 0.375 0
v 1.078125 0.609375 0
v 1.078125 0.5625 0
v 1.078125 0.65625 0
v 1.03125 0.609375 0
v 0.984375 0.5625 0
v 0.984375 0.46875 0
v 0.9375 0.421875 0
v 1.03125 0.515625 0
v 0.984375 0.515625 0
v 0.9375 0.515625 0
v 0.890625 0.421875 0
v 0.890625 0.375 0
v 0.890625 0.46875 0
v 0.84375 0.421875 0
v 0.796875 0.375 0
v 1.03125 0.328125 0
v 1.078125 0.328125 0
v 0.9375 0.328125 0
v 0.984375 0.328125 0
v 0.984375 0.28125 0
v 0.9375 0.234375 0
v 0.984375 0.234375 0
v 0.84375 0.328125 0
v 0.890625 0.328125 0
v 0.796875 0.328125 0
v 0.796875 0.28125 0
v 0.796875 0.234375 0
v 0.890625 0.234375 0
v 0.890625 0.1875 0
v 0.890625 0.28125 0
v 0.84375 0.234375 0
v 0.796875 0.1875 0
v 0.84375 0.140625 0
v 0.890625 0.140625 0
v 0.796875 0.140625 0
v 0.796875 0.09375 0
v 0.796875 0.046875 0
v 1.453125 0.65625 0
v 1.5 0.703125 0
v 1.359375 0.5625 0
v 1.40625 0.609375 0
v 1.453125 0.609375 0
v 1.453125 0.5625 0
v 1.5 0.609375 0
v 1.265625 0.46875 0
v 1.3125 0.515625 0
v 1.171875 0.375 0
v 1.21875 0.421875 0
v 1.265625 0.421875 0
v 1.265625 0.375 0
v 1.3125 0.421875 0
v 1.40625 0.515625 0
v 1.453125 0.515625 0
v 1.359375 0.515625 0
v 1.359375 0.46875 0
v 1.359375 0.421875 0
v 1.453125 0.46875 0
v 1.5 0.515625 0
v 1.359375 0.375 0
v 1.40625 0.421875 0
v 1.453125 0.421875 0
v 1.453125 0.375 0
v 1.5 0.421875 0
v 1.078125 0.28125 0
v 1.125 0.328125 0
v 0.984375 0.1875 0
v 1.03125 0.234375 0
v 1.078125 0.234375 0
v 1.078125 0.1875 0
v 1.125 0.234375 0
v 0.890625 0.09375 0
v 0.9375 0.140625 0
v 0.796875 0 0
v 0.84375 0.046875 0
v 0.890625 0.046875 0
v 0.890625 0 0
v 0.9375 0.046875 0
v 1.03125 0.140625 0
v 1.078125 0.140625 0
v 0.984375 0.140625 0
v 0.984375 0.09375 0
v 0.984375 0.046875 0
v 1.078125 0.09375 0
v 1.125 0.140625 0
v 0.984375 0 0
v 1.03125 0.046875 0
v 1.078125 0.046875 0
v 1.078125 0 0
v 1.125 0.046875 0
v 1.40625 0.328125 0
v 1.453125 0.328125 0
v 1.3125 0.328125 0
v 1.359375 0.328125 0
v 1.359375 0.28125 0
v 1.3125 0.234375 0
v 1.359375 0.234375 0
v 1.21875 0.328125 0
v 1.265625 0.328125 0
v 1.171875 0.328125 0
v 1.171875 0.28125 0
v 1.171875 0.234375 0
v 1.265625 0.234375 0
v 1.265625 0.1875 0
v 1.265625 0.28125 0
v 1.21875 0.234375 0
v 1.171875 0.1875 0
v 1.21875 0.140625 0
v 1.265625 0.140625 0
v 1.171875 0.140625 0
v 1.171875 0.09375 0
v 1.171875 0.046875 0
v 1.453125 0.28125 0
v 1.5 0.328125 0
v 1.359375 0.1875 0
v 1.40625 0.234375 0
v 1.453125 0.234375 0
v 1.453125 0.1875 0
v 1.5 0.234375 0
v 1.265625 0.09375 0
v 1.3125 0.140625 0
v 1.171875 0 0
v 1.21875 0.046875 0
v 1.265625 0.046875 0
v 1.265625 0 0
v 1.3125 0.046875 0
v 1.40625 0.140625 0
v 1.453125 0.140625 0
v 1.359375 0.140625 0
v 1.359375 0.09375 0
v 1.359375 0.046875 0
v 1.453125 0.09375 0
v 1.5 0.140625 0
v 1.359375 0 0
v 1.40625 0.046875 0
v 1.453125 0.046875 0
v 1.453125 0 0
v 1.5 0.046875 0
v 2.90625 1.453125 0
v 2.953125 1.453125 0
v 2.8125 1.453125 0
v 2.859375 1.453125 0
v 2.859375 1.40625 0
v 2.8125 1.359375 0
v 2.859375 1.359375 0
v 2.71875 1.453125 0
v 2.765625 1.453125 0
v 2.625 1.453125 0
v 2.671875 1.453125 0
v 2.671875 1.40625 0
v 2.625 1.359375 0
v 2.671875 1.359375 0
v 2.765625 1.359375 0
v 2.765625 1.3125 0
v 2.765625 1.40625 0
v 2.71875 1.359375 0
v 2.671875 1.3125 0
v 2.71875 1.265625 0
v 2.765625 1.265625 0
v 2.625 1.265625 0
v 2.671875 1.265625 0
v 2.671875 1.21875 0
v 2.625 1.171875 0
v 2.671875 1.171875 0
v 2.53125 1.453125 0
v 2.578125 1.453125 0
v 2.4375 1.453125 0
v 2.484375 1.453125 0
v 2.484375 1.40625 0
v 2.4375 1.359375 0
v 2.484375 1.359375 0
v 2.34375 1.453125 0
v 2.390625 1.453125 0
v 2.25 1.453125 0
v 2.296875 1.453125 0
v 2.296875 1.40625 0
v 2.25 1.359375 0
v 2.296875 1.359375 0
v 2.390625 1.359375 0
v 2.390625 1.3125 0
v 2.390625 1.40625 0
v 2.34375 1.359375 0
v 2.296875 1.3125 0
v 2.34375 1.265625 0
v 2.390625 1.265625 0
v 2.25 1.265625 0
v 2.296875 1.265625 0
v 2.296875 1.21875 0
v 2.25 1.171875 0
v 2.296875 1.171875 0
v 2.578125 1.171875 0
v 2.578125 1.125 0
v 2.578125 1.265625 0
v 2.578125 1.21875 0
v 2.53125 1.171875 0
v 2.484375 1.171875 0
v 2.484375 1.125 0
v 2.578125 1.359375 0
v 2.578125 1.3125 0
v 2.578125 1.40625 0
v 2.53125 1.359375 0
v 2.484375 1.3125 0
v 2.484375 1.21875 0
v 2.4375 1.171875 0
v 2.53125 1.265625 0
v 2.484375 1.265625 0
v 2.4375 1.265625 0
v 2.390625 1.171875 0
v 2.390625 1.125 0
v 2.390625 1.21875 0
v 2.34375 1.171875 0
v 2.296875 1.125 0
v 2.53125 1.078125 0
v 2.578125 1.078125 0
v 2.4375 1.078125 0
v 2.484375 1.078125 0
v 2.484375 1.03125 0
v 2.4375 0.984375 0
v 2.484375 0.984375 0
v 2.34375 1.078125 0
v 2.390625 1.078125 0
v 2.25 1.078125 0
v 2.296875 1.078125 0
v 2.296875 1.03125 0
v 2.25 0.984375 0
v 2.296875 0.984375 0
v 2.390625 0.984375 0
v 2.390625 0.9375 0
v 2.390625 1.03125 0
v 2.34375 0.984375 0
v 2.296875 0.9375 0
v 2.34375 0.890625 0
v 2.390625 0.890625 0
v 2.25 0.890625 0
v 2.296875 0.890625 0
v 2.296875 0.84375 0
v 2.25 0.796875 0
v 2.296875 0.796875 0
v 2.15625 1.453125 0
v 2.203125 1.453125 0
v 2.0625 1.453125 0
v 2.109375 1.453125 0
v 2.109375 1.40625 0
v 2.0625 1.359375 0
v 2.109375 1.359375 0
v 1.96875 1.453125 0
v 2.015625 1.453125 0
v 1.875 1.453125 0
v 1.921875 1.453125 0
v 1.921875 1.40625 0
v 1.875 1.359375 0
v 1.921875 1.359375 0
v 2.015625 1.359375 0
v 2.015625 1.3125 0
v 2.015625 1.40625 0
v 1.96875 1.359375 0
v 1.921875 1.3125 0
v 1.96875 1.265625 0
v 2.015625 1.265625 0
v 1.875 1.265625 0
v 1.921875 1.265625 0
v 1.921875 1.21875 0
v 1.875 1.171875 0
v 1.921875 1.171875 0
v 1.78125 1.453125 0
v 1.828125 1.453125 0
v 1.6875 1.453125 0
v 1.734375 1.453125 0
v 1.734375 1.40625 0
v 1.6875 1.359375 0
v 1.734375 1.359375 0
v 1.59375 1.453125 0
v 1.640625 1.453125 0
v 1.546875 1.453125 0
v 1.546875 1.40625 0
v 1.546875 1.359375 0
v 1.640625 1.359375 0
v 1.640625 1.3125 0
v 1.640625 1.40625 0
v 1.59375 1.359375 0
v 1.546875 1.3125 0
v 1.59375 1.265625 0
v 1.640625 1.265625 0
v 1.546875 1.265625 0
v 1.546875 1.21875 0
v 1.546875 1.171875 0
v 1.828125 1.171875 0
v 1.828125 1.125 0
v 1.828125 1.265625 0
v 1.828125 1.21875 0
v 1.78125 1.171875 0
v 1.734375 1.171875 0
v 1.734375 1.125 0
v 1.828125 1.359375 0
v 1.828125 1.3125 0
v 1.828125 1.40625 0
v 1.78125 1.359375 0
v 1.734375 1.3125 0
v 1.734375 1.21875 0
v 1.6875 1.171875 0
v 1.78125 1.265625 0
v 1.734375 1.265625 0
v 1.6875 1.265625 0
v 1.640625 1.171875 0
v 1.640625 1.125 0
v 1.640625 1.21875 0
v 1.59375 1.171875 0
v 1.546875 1.125 0
v 1.78125 1.078125 0
v 1.828125 1.078125 0
v 1.6875 1.078125 0
v 1.734375 1.078125 0
v 1.734375 1.03125 0
v 1.6875 0.984375 0
v 1.734375 0.984375 0
v 1.59375 1.078125 0
v 1.640625 1.078125 0
v 1.546875 1.078125 0
v 1.546875 1.03125 0
v 1.546875 0.984375 0
v 1.640625 0.984375 0
v 1.640625 0.9375 0
v 1.640625 1.03125 0
v 1.59375 0.984375 0
v 1.546875 0.9375 0
v 1.59375 0.890625 0
v 1.640625 0.890625 0
v 1.546875 0.890625 0
v 1.546875 0.84375 0
v 1.546875 0.796875 0
v 2.203125 0.796875 0
v 2.203125 0.75 0
v 2.203125 0.890625 0
v 2.203125 0.84375 0
v 2.15625 0.796875 0
v 2.109375 0.796875 0
v 2.109375 0.75 0
v 2.203125 0.984375 0
v 2.203125 0.9375 0
v 2.203125 1.078125 0
v 2.203125 1.03125 0
v 2.15625 0.984375 0
v 2.109375 0.984375 0
v 2.109375 0.9375 0
v 2.109375 0.84375 0
v 2.0625 0.796875 0
v 2.15625 0.890625 0
v 2.109375 0.890625 0
v 2.0625 0.890625 0
v 2.015625 0.796875 0
v 2.015625 0.75 0
v 2.015625 0.890625 0
v 2.015625 0.84375 0
v 1.96875 0.796875 0
v 1.921875 0.796875 0
v 1.921875 0.75 0
v 2.203125 1.171875 0
v 2.203125 1.125 0
v 2.203125 1.265625 0
v 2.203125 1.21875 0
v 2.15625 1.171875 0
v 2.109375 1.171875 0
v 2.109375 1.125 0
v 2.203125 1.359375 0
v 2.203125 1.3125 0
v 2.203125 1.40625 0
v 2.15625 1.359375 0
v 2.109375 1.3125 0
v 2.109375 1.21875 0
v 2.0625 1.171875 0
v 2.15625 1.265625 0
v 2.109375 1.265625 0
v 2.0625 1.265625 0
v 2.015625 1.171875 0
v 2.015625 1.125 0
v 2.015625 1.21875 0
v 1.96875 1.171875 0
v 1.921875 1.125 0
v 1.921875 0.84375 0
v 1.875 0.796875 0
v 2.015625 0.9375 0
v 1.96875 0.890625 0
v 1.921875 0.890625 0
v 1.921875 0.9375 0
v 1.875 0.890625 0
v 2.109375 1.03125 0
v 2.0625 0.984375 0
v 2.15625 1.078125 0
v 2.109375 1.078125 0
v 2.0625 1.078125 0
v 1.96875 0.984375 0
v 1.921875 0.984375 0
v 2.015625 0.984375 0
v 2.015625 1.03125 0
v 2.015625 1.078125 0
v 1.921875 1.03125 0
v 1.875 0.984375 0
v 1.96875 1.078125 0
v 1.921875 1.078125 0
v 1.875 1.078125 0
v 1.828125 0.796875 0
v 1.828125 0.75 0
v 1.828125 0.890625 0
v 1.828125 0.84375 0
v 1.78125 0.796875 0
v 1.734375 0.796875 0
v 1.734375 0.75 0
v 1.828125 0.984375 0
v 1.828125 0.9375 0
v 1.828125 1.03125 0
v 1.78125 0.984375 0
v 1.734375 0.9375 0
v 1.734375 0.84375 0
v 1.6875 0.796875 0
v 1.78125 0.890625 0
v 1.734375 0.890625 0
v 1.6875 0.890625 0
v 1.640625 0.796875 0
v 1.640625 0.75 0
v 1.640625 0.84375 0
v 1.59375 0.796875 0
v 1.546875 0.75 0
v 2.15625 0.703125 0
v 2.203125 0.703125 0
v 2.0625 0.703125 0
v 2.109375 0.703125 0
v 2.109375 0.65625 0
v 2.0625 0.609375 0
v 2.109375 0.609375 0
v 1.96875 0.703125 0
v 2.015625 0.703125 0
v 1.875 0.703125 0
v 1.921875 0.703125 0
v 1.921875 0.65625 0
v 1.875 0.609375 0
v 1.921875 0.609375 0
v 2.015625 0.609375 0
v 2.015625 0.5625 0
v 2.015625 0.65625 0
v 1.96875 0.609375 0
v 1.921875 0.5625 0
v 1.96875 0.515625 0
v 2.015625 0.515625 0
v 1.875 0.515625 0
v 1.921875 0.515625 0
v 1.921875 0.46875 0
v 1.875 0.421875 0
v 1.921875 0.421875 0
v 1.78125 0.703125 0
v 1.828125 0.703125 0
v 1.6875 0.703125 0
v 1.734375 0.703125 0
v 1.734375 0.65625 0
v 1.6875 0.609375 0
v 1.734375 0.609375 0
v 1.59375 0.703125 0
v 1.640625 0.703125 0
v 1.546875 0.703125 0
v 1.546875 0.65625 0
v 1.546875 0.609375 0
v 1.640625 0.609375 0
v 1.640625 0.5625 0
v 1.640625 0.65625 0
v 1.59375 0.609375 0
v 1.546875 0.5625 0
v 1.59375 0.515625 0
v 1.640625 0.515625 0
v 1.546875 0.515625 0
v 1.546875 0.46875 0
v 1.546875 0.421875 0
v 1.828125 0.421875 0
v 1.828125 0.375 0
v 1.828125 0.515625 0
v 1.828125 0.46875 0
v 1.78125 0.421875 0
v 1.734375 0.421875 0
v 1.734375 0.375 0
v 1.828125 0.609375 0
v 1.828125 0.5625 0
v 1.828125 0.65625 0
v 1.78125 0.609375 0
v 1.734375 0.5625 0
v 1.734375 0.46875 0
v 1.6875 0.421875 0
v 1.78125 0.515625 0
v 1.734375 0.515625 0
v 1.6875 0.515625 0
v 1.640625 0.421875 0
v 1.640625 0.375 0
v 1.640625 0.46875 0
v 1.59375 0.421875 0
v 1.546875 0.375 0
v 1.78125 0.328125 0
v 1.828125 0.328125 0
v 1.6875 0.328125 0
v 1.734375 0.328125 0
v 1.734375 0.28125 0
v 1.6875 0.234375 0
v 1.734375 0.234375 0
v 1.59375 0.328125 0
v 1.640625 0.328125 0
v 1.546875 0.328125 0
v 1.546875 0.28125 0
v 1.546875 0.234375 0
v 1.640625 0.234375 0
v 1.640625 0.1875 0
v 1.640625 0.28125 0
v 1.59375 0.234375 0
v 1.546875 0.1875 0
v 1.59375 0.140625 0
v 1.640625 0.140625 0
v 1.546875 0.140625 0
v 1.546875 0.09375 0
v 1.546875 0.046875 0
v 2.953125 1.40625 0
v 3 1.453125 0
v 2.859375 1.3125 0
v 2.90625 1.359375 0
v 2.953125 1.359375 0
v 2.953125 1.3125 0
v 3 1.359375 0
v 2.765625 1.21875 0
v 2.8125 1.265625 0
v 2.671875 1.125 0
v 2.71875 1.171875 0
v 2.765625 1.171875 0
v 2.765625 1.125 0
v 2.8125 1.171875 0
v 2.90625 1.265625 0
v 2.953125 1.265625 0
v 2.859375 1.265625 0
v 2.859375 1.21875 0
v 2.859375 1.171875 0
v 2.953125 1.21875 0
v 3 1.265625 0
v 2.859375 1.125 0
v 2.90625 1.171875 0
v 2.953125 1.171875 0
v 2.953125 1.125 0
v 3 1.171875 0
v 2.578125 1.03125 0
v 2.625 1.078125 0
v 2.484375 0.9375 0
v 2.53125 0.984375 0
v 2.578125 0.984375 0
v 2.578125 0.9375 0
v 2.625 0.984375 0
v 2.390625 0.84375 0
v 2.4375 0.890625 0
v 2.296875 0.75 0
v 2.34375 0.796875 0
v 2.390625 0.796875 0
v 2.390625 0.75 0
v 2.4375 0.796875 0
v 2.53125 0.890625 0
v 2.578125 0.890625 0
v 2.484375 0.890625 0
v 2.484375 0.84375 0
v 2.484375 0.796875 0
v 2.578125 0.84375 0
v 2.625 0.890625 0
v 2.484375 0.75 0
v 2.53125 0.796875 0
v 2.578125 0.796875 0
v 2.578125 0.75 0
v 2.625 0.796875 0
v 2.90625 1.078125 0
v 2.953125 1.078125 0
v 2.8125 1.078125 0
v 2.859375 1.078125 0
v 2.859375 1.03125 0
v 2.8125 0.984375 0
v 2.859375 0.984375 0
v 2.71875 1.078125 0
v 2.765625 1.078125 0
v 2.671875 1.078125 0
v 2.671875 1.03125 0
v 2.671875 0.984375 0
v 2.765625 0.984375 0
v 2.765625 0.9375 0
v 2.765625 1.03125 0
v 2.71875 0.984375 0
v 2.671875 0.9375 0
v 2.71875 0.890625 0
v 2.765625 0.890625 0
v 2.671875 0.890625 0
v 2.671875 0.84375 0
v 2.671875 0.796875 0
v 2.953125 1.03125 0
v 3 1.078125 0
v 2.859375 0.9375 0
v 2.90625 0.984375 0
v 2.953125 0.984375 0
v 2.953125 0.9375 0
v 3 0.984375 0
v 2.765625 0.84375 0
v 2.8125 0.890625 0
v 2.671875 0.75 0
v 2.71875 0.796875 0
v 2.765625 0.796875 0
v 2.765625 0.75 0
v 2.8125 0.796875 0
v 2.90625 0.890625 0
v 2.953125 0.890625 0
v 2.859375 0.890625 0
v 2.859375 0.84375 0
v 2.859375 0.796875 0
v 2.953125 0.84375 0
v 3 0.890625 0
v 2.859375 0.75 0
v 2.90625 0.796875 0
v 2.953125 0.796875 0
v 2.953125 0.75 0
v 3 0.796875 0
v 2.203125 0.65625 0
v 2.25 0.703125 0
v 2.109375 0.5625 0
v 2.15625 0.609375 0
v 2.203125 0.609375 0
v 2.203125 0.5625 0
v 2.25 0.609375 0
v 2.015625 0.46875 0
v 2.0625 0.515625 0
v 1.921875 0.375 0
v 1.96875 0.421875 0
v 2.015625 0.421875 0
v 2.015625 0.375 0
v 2.0625 0.421875 0
v 2.15625 0.515625 0
v 2.203125 0.515625 0
v 2.109375 0.515625 0
v 2.109375 0.46875 0
v 2.109375 0.421875 0
v 2.203125 0.46875 0
v 2.25 0.515625 0
v 2.109375 0.375 0
v 2.15625 0.421875 0
v 2.203125 0.421875 0
v 2.203125 0.375 0
v 2.25 0.421875 0
v 1.828125 0.28125 0
v 1.875 0.328125 0
v 1.734375 0.1875 0
v 1.78125 0.234375 0
v 1.828125 0.234375 0
v 1.828125 0.1875 0
v 1.875 0.234375 0
v 1.640625 0.09375 0
v 1.6875 0.140625 0
v 1.546875 0 0
v 1.59375 0.046875 0
v 1.640625 0.046875 0
v 1.640625 0 0
v 1.6875 0.046875 0
v 1.78125 0.140625 0
v 1.828125 0.140625 0
v 1.734375 0.140625 0
v 1.734375 0.09375 0
v 1.734375 0.046875 0
v 1.828125 0.09375 0
v 1.875 0.140625 0
v 1.734375 0 0
v 1.78125 0.046875 0
v 1.828125 0.046875 0
v 1.828125 0 0
v 1.875 0.046875 0
v 2.15625 0.328125 0
v 2.203125 0.328125 0
v 2.0625 0.328125 0
v 2.109375 0.328125 0
v 2.109375 0.28125 0
v 2.0625 0.234375 0
v 2.109375 0.234375 0
v 1.96875 0.328125 0
v 2.015625 0.328125 0
v 1.921875 0.328125 0
v 1.921875 0.28125 0
v 1.921875 0.234375 0
v 2.015625 0.234375 0
v 2.015625 0.1875 0
v 2.015625 0.28125 0
v 1.96875 0.234375 0
v 1.921875 0.1875 0
v 1.96875 0.140625 0
v 2.015625 0.140625 0
v 1.921875 0.140625 0
v 1.921875 0.09375 0
v 1.921875 0.046875 0
v 2.203125 0.28125 0
v 2.25 0.328125 0
v 2.109375 0.1875 0
v 2.15625 0.234375 0
v 2.203125 0.234375 0
v 2.203125 0.1875 0
v 2.25 0.234375 0
v 2.015625 0.09375 0
v 2.0625 0.140625 0
v 1.921875 0 0
v 1.96875 0.046875 0
v 2.015625 0.046875 0
v 2.015625 0 0
v 2.0625 0.046875 0
v 2.15625 0.140625 0
v 2.203125 0.140625 0
v 2.109375 0.140625 0
v 2.109375 0.09375 0
v 2.109375 0.046875 0
v 2.203125 0.09375 0
v 2.25 0.140625 0
v 2.109375 0 0
v 2.15625 0.046875 0
v 2.203125 0.046875 0
v 2.203125 0 0
v 2.25 0.046875 0
v 2.90625 0.703125 0
v 2.953125 0.703125 0
v 2.8125 0.703125 0
v 2.859375 0.703125 0
v 2.859375 0.65625 0
v 2.8125 0.609375 0
v 2.859375 0.609375 0
v 2.71875 0.703125 0
v 2.765625 0.703125 0
v 2.625 0.703125 0
v 2.671875 0.703125 0
v 2.671875 0.65625 0
v 2.625 0.609375 0
v 2.671875 0.609375 0
v 2.765625 0.609375 0
v 2.765625 0.5625 0
v 2.765625 0.65625 0
v 2.71875 0.609375 0
v 2.671875 0.5625 0
v 2.71875 0.515625 0
v 2.765625 0.515625 0
v 2.625 0.515625 0
v 2.671875 0.515625 0
v 2.671875 0.46875 0
v 2.625 0.421875 0
v 2.671875 0.421875 0
v 2.53125 0.703125 0
v 2.578125 0.703125 0
v 2.4375 0.703125 0
v 2.484375 0.703125 0
v 2.484375 0.65625 0
v 2.4375 0.609375 0
v 2.484375 0.609375 0
v 2.34375 0.703125 0
v 2.390625 0.703125 0
v 2.296875 0.703125 0
v 2.296875 0.65625 0
v 2.296875 0.609375 0
v 2.390625 0.609375 0
v 2.390625 0.5625 0
v 2.390625 0.65625 0
v 2.34375 0.609375 0
v 2.296875 0.5625 0
v 2.34375 0.515625 0
v 2.390625 0.515625 0
v 2.296875 0.515625 0
v 2.296875 0.46875 0
v 2.296875 0.421875 0
v 2.578125 0.421875 0
v 2.578125 0.375 0
v 2.578125 0.515625 0
v 2.578125 0.46875 0
v 2.53125 0.421875 0
v 2.484375 0.421875 0
v 2.484375 0.375 0
v 2.578125 0.609375 0
v 2.578125 0.5625 0
v 2.578125 0.65625 0
v 2.53125 0.609375 0
v 2.484375 0.5625 0
v 2.484375 0.46875 0
v 2.4375 0.421875 0
v 2.53125 0.515625 0
v 2.484375 0.515625 0
v 2.4375 0.515625 0
v 2.390625 0.421875 0
v 2.390625 0.375 0
v 2.390625 0.46875 0
v 2.34375 0.421875 0
v 2.296875 0.375 0
v 2.53125 0.328125 0
v 2.578125 0.328125 0
v 2.4375 0.328125 0
v 2.484375 0.328125 0
v 2.484375 0.28125 0
v 2.4375 0.234375 0
v 2.484375 0.234375 0
v 2.34375 0.328125 0
v 2.390625 0.328125 0
v 2.296875 0.328125 0
v 2.296875 0.28125 0
v 2.296875 0.234375 0
v 2.390625 0.234375 0
v 2.390625 0.1875 0
v 2.390625 0.28125 0
v 2.34375 0.234375 0
v 2.296875 0.1875 0
v 2.34375 0.140625 0
v 2.390625 0.140625 0
v 2.296875 0.140625 0
v 2.296875 0.09375 0
v 2.296875 0.046875 0
v 2.953125 0.65625 0
v 3 0.703125 0
v 2.859375 0.5625 0
v 2.90625 0.609375 0
v 2.953125 0.609375 0
v 2.953125 0.5625 0
v 3 0.609375 0
v 2.765625 0.46875 0
v 2.8125 0.515625 0
v 2.671875 0.375 0
v 2.71875 0.421875 0
v 2.765625 0.421875 0
v 2.765625 0.375 0
v 2.8125 0.421875 0
v 2.90625 0.515625 0
v 2.953125 0.515625 0
v 2.859375 0.515625 0
v 2.859375 0.46875 0
v 2.859375 0.421875 0
v 2.953125 0.46875 0
v 3 0.515625 0
v 2.859375 0.375 0
v 2.90625 0.421875 0
v 2.953125 0.421875 0
v 2.953125 0.375 0
v 3 0.421875 0
v 2.578125 0.28125 0
v 2.625 0.328125 0
v 2.484375 0.1875 0
v 2.53125 0.234375 0
v 2.578125 0.234375 0
v 2.578125 0.1875 0
v 2.625 0.234375 0
v 2.390625 0.09375 0
v 2.4375 0.140625 0
v 2.296875 0 0
v 2.34375 0.046875 0
v 2.390625 0.046875 0
v 2.390625 0 0
v 2.4375 0.046875 0
v 2.53125 0.140625 0
v 2.578125 0.140625 0
v 2.484375 0.140625 0
v 2.484375 0.09375 0
v 2.484375 0.046875 0
v 2.578125 0.09375 0
v 2.625 0.140625 0
v 2.484375 0 0
v 2.53125 0.046875 0
v 2.578125 0.046875 0
v 2.578125 0 0
v 2.625 0.046875 0
v 2.90625 0.328125 0
v 2.953125 0.328125 0
v 2.8125 0.328125 0
v 2.859375 0.328125 0
v 2.859375 0.28125 0
v 2.8125 0.234375 0
v 2.859375 0.234375 0
v 2.71875 0.328125 0
v 2.765625 0.328125 0
v 2.671875 0.328125 0
v 2.671875 0.28125 0
v 2.671875 0.234375 0
v 2.765625 0.234375 0
v 2.765625 0.1875 0
v 2.765625 0.28125 0
v 2.71875 0.234375 0
v 2.671875 0.1875 0
v 2.71875 0.140625 0
v 2.765625 0.140625 0
v 2.671875 0.140625 0
v 2.671875 0.09375 0
v 2.671875 0.046875 0
v 2.953125 0.28125 0
v 3 0.328125 0
v 2.859375 0.1875 0
v 2.90625 0.234375 0
v 2.953125 0.234375 0
v 2.953125 0.1875 0
v 3 0.234375 0
v 2.765625 0.09375 0
v 2.8125 0.140625 0
v 2.671875 0 0
v 2.71875 0.046875 0
v 2.765625 0.046875 0
v 2.765625 0 0
v 2.8125 0.046875 0
v 2.90625 0.140625 0
v 2.953125 0.140625 0
v 2.859375 0.140625 0
v 2.859375 0.09375 0
v 2.859375 0.046875 0
v 2.953125 0.09375 0
v 3 0.140625 0
v 2.859375 0 0
v 2.90625 0.046875 0
v 2.953125 0.046875 0
v 2.953125 0 0
v 3 0.046875 0
v 0 2.953125 0
v 0.046875 2.953125 0
v 0.046875 3 0
v 0 2.859375 0
v 0.046875 2.859375 0
v 0.046875 2.90625 0
v 0.09375 2.953125 0
v 0.140625 2.953125 0
v 0.140625 3 0
v 0 2.765625 0
v 0.046875 2.765625 0
v 0.046875 2.8125 0
v 0 2.671875 0
v 0.046875 2.671875 0
v 0.046875 2.71875 0
v 0.09375 2.765625 0
v 0.140625 2.765625 0
v 0.140625 2.8125 0
v 0.140625 2.90625 0
v 0.1875 2.953125 0
v 0.09375 2.859375 0
v 0.140625 2.859375 0
v 0.1875 2.859375 0
v 0.234375 2.953125 0
v 0.234375 3 0
v 0.234375 2.859375 0
v 0.234375 2.90625 0
v 0.28125 2.953125 0
v 0.328125 2.953125 0
v 0.328125 3 0
v 0 2.578125 0
v 0.046875 2.578125 0
v 0.046875 2.625 0
v 0 2.484375 0
v 0.046875 2.484375 0
v 0.046875 2.53125 0
v 0.09375 2.578125 0
v 0.140625 2.578125 0
v 0.140625 2.625 0
v 0 2.390625 0
v 0.046875 2.390625 0
v 0.046875 2.4375 0
v 0 2.296875 0
v 0.046875 2.296875 0
v 0.046875 2.34375 0
v 0.09375 2.390625 0
v 0.140625 2.390625 0
v 0.140625 2.4375 0
v 0.140625 2.53125 0
v 0.1875 2.578125 0
v 0.09375 2.484375 0
v 0.140625 2.484375 0
v 0.1875 2.484375 0
v 0.234375 2.578125 0
v 0.234375 2.625 0
v 0.234375 2.484375 0
v 0.234375 2.53125 0
v 0.28125 2.578125 0
v 0.328125 2.578125 0
v 0.328125 2.625 0
v 0.328125 2.90625 0
v 0.375 2.953125 0
v 0.234375 2.8125 0
v 0.28125 2.859375 0
v 0.328125 2.859375 0
v 0.328125 2.8125 0
v 0.375 2.859375 0
v 0.140625 2.71875 0
v 0.1875 2.765625 0
v 0.09375 2.671875 0
v 0.140625 2.671875 0
v 0.1875 2.671875 0
v 0.28125 2.765625 0
v 0.328125 2.765625 0
v 0.234375 2.765625 0
v 0.234375 2.71875 0
v 0.234375 2.671875 0
v 0.328125 2.71875 0
v 0.375 2.765625 0
v 0.28125 2.671875 0
v 0.328125 2.671875 0
v 0.375 2.671875 0
v 0.421875 2.953125 0
v 0.421875 3 0
v 0.421875 2.859375 0
v 0.421875 2.90625 0
v 0.46875 2.953125 0
v 0.515625 2.953125 0
v 0.515625 3 0
v 0.421875 2.765625 0
v 0.421875 2.8125 0
v 0.421875 2.671875 0
v 0.421875 2.71875 0
v 0.46875 2.765625 0
v 0.515625 2.765625 0
v 0.515625 2.8125 0
v 0.515625 2.90625 0
v 0.5625 2.953125 0
v 0.46875 2.859375 0
v 0.515625 2.859375 0
v 0.5625 2.859375 0
v 0.609375 2.953125 0
v 0.609375 3 0
v 0.609375 2.859375 0
v 0.609375 2.90625 0
v 0.65625 2.953125 0
v 0.703125 2.953125 0
v 0.703125 3 0
v 0 2.203125 0
v 0.046875 2.203125 0
v 0.046875 2.25 0
v 0 2.109375 0
v 0.046875 2.109375 0
v 0.046875 2.15625 0
v 0.09375 2.203125 0
v 0.140625 2.203125 0
v 0.140625 2.25 0
v 0 2.015625 0
v 0.046875 2.015625 0
v 0.046875 2.0625 0
v 0 1.921875 0
v 0.046875 1.921875 0
v 0.046875 1.96875 0
v 0.09375 2.015625 0
v 0.140625 2.015625 0
v 0.140625 2.0625 0
v 0.140625 2.15625 0
v 0.1875 2.203125 0
v 0.09375 2.109375 0
v 0.140625 2.109375 0
v 0.1875 2.109375 0
v 0.234375 2.203125 0
v 0.234375 2.25 0
v 0.234375 2.109375 0
v 0.234375 2.15625 0
v 0.28125 2.203125 0
v 0.328125 2.203125 0
v 0.328125 2.25 0
v 0 1.828125 0
v 0.046875 1.828125 0
v 0.046875 1.875 0
v 0 1.734375 0
v 0.046875 1.734375 0
v 0.046875 1.78125 0
v 0.09375 1.828125 0
v 0.140625 1.828125 0
v 0.140625 1.875 0
v 0 1.640625 0
v 0.046875 1.640625 0
v 0.046875 1.6875 0
v 0 1.546875 0
v 0.046875 1.546875 0
v 0.046875 1.59375 0
v 0.09375 1.640625 0
v 0.140625 1.640625 0
v 0.140625 1.6875 0
v 0.140625 1.78125 0
v 0.1875 1.828125 0
v 0.09375 1.734375 0
v 0.140625 1.734375 0
v 0.1875 1.734375 0
v 0.234375 1.828125 0
v 0.234375 1.875 0
v 0.234375 1.734375 0
v 0.234375 1.78125 0
v 0.28125 1.828125 0
v 0.328125 1.828125 0
v 0.328125 1.875 0
v 0.328125 2.15625 0
v 0.375 2.203125 0
v 0.234375 2.0625 0
v 0.28125 2.109375 0
v 0.328125 2.109375 0
v 0.328125 2.0625 0
v 0.375 2.109375 0
v 0.140625 1.96875 0
v 0.1875 2.015625 0
v 0.09375 1.921875 0
v 0.140625 1.921875 0
v 0.1875 1.921875 0
v 0.28125 2.015625 0
v 0.328125 2.015625 0
v 0.234375 2.015625 0
v 0.234375 1.96875 0
v 0.234375 1.921875 0
v 0.328125 1.96875 0
v 0.375 2.015625 0
v 0.28125 1.921875 0
v 0.328125 1.921875 0
v 0.375 1.921875 0
v 0.421875 2.203125 0
v 0.421875 2.25 0
v 0.421875 2.109375 0
v 0.421875 2.15625 0
v 0.46875 2.203125 0
v 0.515625 2.203125 0
v 0.515625 2.25 0
v 0.421875 2.015625 0
v 0.421875 2.0625 0
v 0.421875 1.921875 0
v 0.421875 1.96875 0
v 0.46875 2.015625 0
v 0.515625 2.015625 0
v 0.515625 2.0625 0
v 0.515625 2.15625 0
v 0.5625 2.203125 0
v 0.46875 2.109375 0
v 0.515625 2.109375 0
v 0.5625 2.109375 0
v 0.609375 2.203125 0
v 0.609375 2.25 0
v 0.609375 2.109375 0
v 0.609375 2.15625 0
v 0.65625 2.203125 0
v 0.703125 2.203125 0
v 0.703125 2.25 0
v 0.703125 2.90625 0
v 0.75 2.953125 0
v 0.609375 2.8125 0
v 0.65625 2.859375 0
v 0.703125 2.859375 0
v 0.703125 2.8125 0
v 0.75 2.859375 0
v 0.515625 2.71875 0
v 0.5625 2.765625 0
v 0.421875 2.625 0
v 0.46875 2.671875 0
v 0.515625 2.671875 0
v 0.515625 2.625 0
v 0.5625 2.671875 0
v 0.65625 2.765625 0
v 0.703125 2.765625 0
v 0.609375 2.765625 0
v 0.609375 2.71875 0
v 0.609375 2.671875 0
v 0.703125 2.71875 0
v 0.75 2.765625 0
v 0.609375 2.625 0
v 0.65625 2.671875 0
v 0.703125 2.671875 0
v 0.703125 2.625 0
v 0.75 2.671875 0
v 0.328125 2.53125 0
v 0.375 2.578125 0
v 0.234375 2.4375 0
v 0.28125 2.484375 0
v 0.328125 2.484375 0
v 0.328125 2.4375 0
v 0.375 2.484375 0
v 0.140625 2.34375 0
v 0.1875 2.390625 0
v 0.09375 2.296875 0
v 0.140625 2.296875 0
v 0.1875 2.296875 0
v 0.28125 2.390625 0
v 0.328125 2.390625 0
v 0.234375 2.390625 0
v 0.234375 2.34375 0
v 0.234375 2.296875 0
v 0.328125 2.34375 0
v 0.375 2.390625 0
v 0.28125 2.296875 0
v 0.328125 2.296875 0
v 0.375 2.296875 0
v 0.65625 2.578125 0
v 0.703125 2.578125 0
v 0.5625 2.578125 0
v 0.609375 2.578125 0
v 0.609375 2.53125 0
v 0.5625 2.484375 0
v 0.609375 2.484375 0
v 0.46875 2.578125 0
v 0.515625 2.578125 0
v 0.421875 2.578125 0
v 0.421875 2.53125 0
v 0.421875 2.484375 0
v 0.515625 2.484375 0
v 0.515625 2.4375 0
v 0.515625 2.53125 0
v 0.46875 2.484375 0
v 0.421875 2.4375 0
v 0.46875 2.390625 0
v 0.515625 2.390625 0
v 0.421875 2.390625 0
v 0.421875 2.34375 0
v 0.421875 2.296875 0
v 0.703125 2.53125 0
v 0.75 2.578125 0
v 0.609375 2.4375 0
v 0.65625 2.484375 0
v 0.703125 2.484375 0
v 0.703125 2.4375 0
v 0.75 2.484375 0
v 0.515625 2.34375 0
v 0.5625 2.390625 0
v 0.46875 2.296875 0
v 0.515625 2.296875 0
v 0.5625 2.296875 0
v 0.65625 2.390625 0
v 0.703125 2.390625 0
v 0.609375 2.390625 0
v 0.609375 2.34375 0
v 0.609375 2.296875 0
v 0.703125 2.34375 0
v 0.75 2.390625 0
v 0.65625 2.296875 0
v 0.703125 2.296875 0
v 0.75 2.296875 0
v 0.796875 2.953125 0
v 0.796875 3 0
v 0.796875 2.859375 0
v 0.796875 2.90625 0
v 0.84375 2.953125 0
v 0.890625 2.953125 0
v 0.890625 3 0
v 0.796875 2.765625 0
v 0.796875 2.8125 0
v 0.796875 2.671875 0
v 0.796875 2.71875 0
v 0.84375 2.765625 0
v 0.890625 2.765625 0
v 0.890625 2.8125 0
v 0.890625 2.90625 0
v 0.9375 2.953125 0
v 0.84375 2.859375 0
v 0.890625 2.859375 0
v 0.9375 2.859375 0
v 0.984375 2.953125 0
v 0.984375 3 0
v 0.984375 2.859375 0
v 0.984375 2.90625 0
v 1.03125 2.953125 0
v 1.078125 2.953125 0
v 1.078125 3 0
v 0.796875 2.578125 0
v 0.796875 2.625 0
v 0.796875 2.484375 0
v 0.796875 2.53125 0
v 0.84375 2.578125 0
v 0.890625 2.578125 0
v 0.890625 2.625 0
v 0.796875 2.390625 0
v 0.796875 2.4375 0
v 0.796875 2.296875 0
v 0.796875 2.34375 0
v 0.84375 2.390625 0
v 0.890625 2.390625 0
v 0.890625 2.4375 0
v 0.890625 2.53125 0
v 0.9375 2.578125 0
v 0.84375 2.484375 0
v 0.890625 2.484375 0
v 0.9375 2.484375 0
v 0.984375 2.578125 0
v 0.984375 2.625 0
v 0.984375 2.484375 0
v 0.984375 2.53125 0
v 1.03125 2.578125 0
v 1.078125 2.578125 0
v 1.078125 2.625 0
v 1.078125 2.90625 0
v 1.125 2.953125 0
v 0.984375 2.8125 0
v 1.03125 2.859375 0
v 1.078125 2.859375 0
v 1.078125 2.8125 0
v 1.125 2.859375 0
v 0.890625 2.71875 0
v 0.9375 2.765625 0
v 0.84375 2.671875 0
v 0.890625 2.671875 0
v 0.9375 2.671875 0
v 1.03125 2.765625 0
v 1.078125 2.765625 0
v 0.984375 2.765625 0
v 0.984375 2.71875 0
v 0.984375 2.671875 0
v 1.078125 2.71875 0
v 1.125 2.765625 0
v 1.03125 2.671875 0
v 1.078125 2.671875 0
v 1.125 2.671875 0
v 1.171875 2.953125 0
v 1.171875 3 0
v 1.171875 2.859375 0
v 1.171875 2.90625 0
v 1.21875 2.953125 0
v 1.265625 2.953125 0
v 1.265625 3 0
v 1.171875 2.765625 0
v 1.171875 2.8125 0
v 1.171875 2.671875 0
v 1.171875 2.71875 0
v 1.21875 2.765625 0
v 1.265625 2.765625 0
v 1.265625 2.8125 0
v 1.265625 2.90625 0
v 1.3125 2.953125 0
v 1.21875 2.859375 0
v 1.265625 2.859375 0
v 1.3125 2.859375 0
v 1.359375 2.953125 0
v 1.359375 3 0
v 1.359375 2.859375 0
v 1.359375 2.90625 0
v 1.40625 2.953125 0
v 1.453125 2.953125 0
v 1.453125 3 0
v 0 1.453125 0
v 0.046875 1.453125 0
v 0.046875 1.5 0
v 0 1.359375 0
v 0.046875 1.359375 0
v 0.046875 1.40625 0
v 0.09375 1.453125 0
v 0.140625 1.453125 0
v 0.140625 1.5 0
v 0 1.265625 0
v 0.046875 1.265625 0
v 0.046875 1.3125 0
v 0 1.171875 0
v 0.046875 1.171875 0
v 0.046875 1.21875 0
v 0.09375 1.265625 0
v 0.140625 1.265625 0
v 0.140625 1.3125 0
v 0.140625 1.40625 0
v 0.1875 1.453125 0
v 0.09375 1.359375 0
v 0.140625 1.359375 0
v 0.1875 1.359375 0
v 0.234375 1.453125 0
v 0.234375 1.5 0
v 0.234375 1.359375 0
v 0.234375 1.40625 0
v 0.28125 1.453125 0
v 0.328125 1.453125 0
v 0.328125 1.5 0
v 0 1.078125 0
v 0.046875 1.078125 0
v 0.046875 1.125 0
v 0 0.984375 0
v 0.046875 0.984375 0
v 0.046875 1.03125 0
v 0.09375 1.078125 0
v 0.140625 1.078125 0
v 0.140625 1.125 0
v 0 0.890625 0
v 0.046875 0.890625 0
v 0.046875 0.9375 0
v 0 0.796875 0
v 0.046875 0.796875 0
v 0.046875 0.84375 0
v 0.09375 0.890625 0
v 0.140625 0.890625 0
v 0.140625 0.9375 0
v 0.140625 1.03125 0
v 0.1875 1.078125 0
v 0.09375 0.984375 0
v 0.140625 0.984375 0
v 0.1875 0.984375 0
v 0.234375 1.078125 0
v 0.234375 1.125 0
v 0.234375 0.984375 0
v 0.234375 1.03125 0
v 0.28125 1.078125 0
v 0.328125 1.078125 0
v 0.328125 1.125 0
v 0.328125 1.40625 0
v 0.375 1.453125 0
v 0.234375 1.3125 0
v 0.28125 1.359375 0
v 0.328125 1.359375 0
v 0.328125 1.3125 0
v 0.375 1.359375 0
v 0.140625 1.21875 0
v 0.1875 1.265625 0
v 0.09375 1.171875 0
v 0.140625 1.171875 0
v 0.1875 1.171875 0
v 0.28125 1.265625 0
v 0.328125 1.265625 0
v 0.234375 1.265625 0
v 0.234375 1.21875 0
v 0.234375 1.171875 0
v 0.328125 1.21875 0
v 0.375 1.265625 0
v 0.28125 1.171875 0
v 0.328125 1.171875 0
v 0.375 1.171875 0
v 0.421875 1.453125 0
v 0.421875 1.5 0
v 0.421875 1.359375 0
v 0.421875 1.40625 0
v 0.46875 1.453125 0
v 0.515625 1.453125 0
v 0.515625 1.5 0
v 0.421875 1.265625 0
v 0.421875 1.3125 0
v 0.421875 1.171875 0
v 0.421875 1.21875 0
v 0.46875 1.265625 0
v 0.515625 1.265625 0
v 0.515625 1.3125 0
v 0.515625 1.40625 0
v 0.5625 1.453125 0
v 0.46875 1.359375 0
v 0.515625 1.359375 0
v 0.5625 1.359375 0
v 0.609375 1.453125 0
v 0.609375 1.5 0
v 0.609375 1.359375 0
v 0.609375 1.40625 0
v 0.65625 1.453125 0
v 0.703125 1.453125 0
v 0.703125 1.5 0
v 0 0.703125 0
v 0.046875 0.703125 0
v 0.046875 0.75 0
v 0 0.609375 0
v 0.046875 0.609375 0
v 0.046875 0.65625 0
v 0.09375 0.703125 0
v 0.140625 0.703125 0
v 0.140625 0.75 0
v 0 0.515625 0
v 0.046875 0.515625 0
v 0.046875 0.5625 0
v 0 0.421875 0
v 0.046875 0.421875 0
v 0.046875 0.46875 0
v 0.09375 0.515625 0
v 0.140625 0.515625 0
v 0.140625 0.5625 0
v 0.140625 0.65625 0
v 0.1875 0.703125 0
v 0.09375 0.609375 0
v 0.140625 0.609375 0
v 0.1875 0.609375 0
v 0.234375 0.703125 0
v 0.234375 0.75 0
v 0.234375 0.609375 0
v 0.234375 0.65625 0
v 0.28125 0.703125 0
v 0.328125 0.703125 0
v 0.328125 0.75 0
v 0 0.328125 0
v 0.046875 0.328125 0
v 0.046875 0.375 0
v 0 0.234375 0
v 0.046875 0.234375 0
v 0.046875 0.28125 0
v 0.09375 0.328125 0
v 0.140625 0.328125 0
v 0.140625 0.375 0
v 0 0.140625 0
v 0.046875 0.140625 0
v 0.046875 0.1875 0
v 0 0.046875 0
v 0.046875 0.09375 0
v 0.09375 0.140625 0
v 0.140625 0.1875 0
v 0.140625 0.28125 0
v 0.1875 0.328125 0
v 0.09375 0.234375 0
v 0.140625 0.234375 0
v 0.1875 0.234375 0
v 0.234375 0.328125 0
v 0.234375 0.375 0
v 0.234375 0.28125 0
v 0.28125 0.328125 0
v 0.328125 0.375 0
v 0.328125 0.65625 0
v 0.375 0.703125 0
v 0.234375 0.5625 0
v 0.28125 0.609375 0
v 0.328125 0.609375 0
v 0.328125 0.5625 0
v 0.375 0.609375 0
v 0.140625 0.46875 0
v 0.1875 0.515625 0
v 0.09375 0.421875 0
v 0.140625 0.421875 0
v 0.1875 0.421875 0
v 0.28125 0.515625 0
v 0.328125 0.515625 0
v 0.234375 0.515625 0
v 0.234375 0.46875 0
v 0.234375 0.421875 0
v 0.328125 0.46875 0
v 0.375 0.515625 0
v 0.28125 0.421875 0
v 0.328125 0.421875 0
v 0.375 0.421875 0
v 0.421875 0.703125 0
v 0.421875 0.75 0
v 0.421875 0.609375 0
v 0.421875 0.65625 0
v 0.46875 0.703125 0
v 0.515625 0.703125 0
v 0.515625 0.75 0
v 0.421875 0.515625 0
v 0.421875 0.5625 0
v 0.421875 0.46875 0
v 0.46875 0.515625 0
v 0.515625 0.5625 0
v 0.515625 0.65625 0
v 0.5625 0.703125 0
v 0.46875 0.609375 0
v 0.515625 0.609375 0
v 0.5625 0.609375 0
v 0.609375 0.703125 0
v 0.609375 0.75 0
v 0.609375 0.65625 0
v 0.65625 0.703125 0
v 0.703125 0.75 0
v 0.703125 1.40625 0
v 0.75 1.453125 0
v 0.609375 1.3125 0
v 0.65625 1.359375 0
v 0.703125 1.359375 0
v 0.703125 1.3125 0
v 0.75 1.359375 0
v 0.515625 1.21875 0
v 0.5625 1.265625 0
v 0.421875 1.125 0
v 0.46875 1.171875 0
v 0.515625 1.171875 0
v 0.515625 1.125 0
v 0.5625 1.171875 0
v 0.65625 1.265625 0
v 0.703125 1.265625 0
v 0.609375 1.265625 0
v 0.609375 1.21875 0
v 0.609375 1.171875 0
v 0.703125 1.21875 0
v 0.75 1.265625 0
v 0.609375 1.125 0
v 0.65625 1.171875 0
v 0.703125 1.171875 0
v 0.703125 1.125 0
v 0.75 1.171875 0
v 0.328125 1.03125 0
v 0.375 1.078125 0
v 0.234375 0.9375 0
v 0.28125 0.984375 0
v 0.328125 0.984375 0
v 0.328125 0.9375 0
v 0.375 0.984375 0
v 0.140625 0.84375 0
v 0.1875 0.890625 0
v 0.09375 0.796875 0
v 0.140625 0.796875 0
v 0.1875 0.796875 0
v 0.28125 0.890625 0
v 0.328125 0.890625 0
v 0.234375 0.890625 0
v 0.234375 0.84375 0
v 0.234375 0.796875 0
v 0.328125 0.84375 0
v 0.375 0.890625 0
v 0.28125 0.796875 0
v 0.328125 0.796875 0
v 0.375 0.796875 0
v 0.65625 1.078125 0
v 0.703125 1.078125 0
v 0.5625 1.078125 0
v 0.609375 1.078125 0
v 0.609375 1.03125 0
v 0.5625 0.984375 0
v 0.609375 0.984375 0
v 0.46875 1.078125 0
v 0.515625 1.078125 0
v 0.421875 1.078125 0
v 0.421875 1.03125 0
v 0.421875 0.984375 0
v 0.515625 0.984375 0
v 0.515625 0.9375 0
v 0.515625 1.03125 0
v 0.46875 0.984375 0
v 0.421875 0.9375 0
v 0.46875 0.890625 0
v 0.515625 0.890625 0
v 0.421875 0.890625 0
v 0.421875 0.84375 0
v 0.421875 0.796875 0
v 0.703125 1.03125 0
v 0.75 1.078125 0
v 0.609375 0.9375 0
v 0.65625 0.984375 0
v 0.703125 0.984375 0
v 0.703125 0.9375 0
v 0.75 0.984375 0
v 0.515625 0.84375 0
v 0.5625 0.890625 0
v 0.46875 0.796875 0
v 0.515625 0.796875 0
v 0.5625 0.796875 0
v 0.65625 0.890625 0
v 0.703125 0.890625 0
v 0.609375 0.890625 0
v 0.609375 0.84375 0
v 0.609375 0.796875 0
v 0.703125 0.84375 0
v 0.75 0.890625 0
v 0.65625 0.796875 0
v 0.703125 0.796875 0
v 0.75 0.796875 0
v 0.796875 1.453125 0
v 0.796875 1.5 0
v 0.796875 1.359375 0
v 0.796875 1.40625 0
v 0.84375 1.453125 0
v 0.890625 1.453125 0
v 0.890625 1.5 0
v 0.796875 1.265625 0
v 0.796875 1.3125 0
v 0.796875 1.171875 0
v 0.796875 1.21875 0
v 0.84375 1.265625 0
v 0.890625 1.265625 0
v 0.890625 1.3125 0
v 0.890625 1.40625 0
v 0.9375 1.453125 0
v 0.84375 1.359375 0
v 0.890625 1.359375 0
v 0.9375 1.359375 0
v 0.984375 1.453125 0
v 0.984375 1.5 0
v 0.984375 1.359375 0
v 0.984375 1.40625 0
v 1.03125 1.453125 0
v 1.078125 1.453125 0
v 1.078125 1.5 0
v 0.796875 1.078125 0
v 0.796875 1.125 0
v 0.796875 0.984375 0
v 0.796875 1.03125 0
v 0.84375 1.078125 0
v 0.890625 1.078125 0
v 0.890625 1.125 0
v 0.796875 0.890625 0
v 0.796875 0.9375 0
v 0.796875 0.84375 0
v 0.84375 0.890625 0
v 0.890625 0.9375 0
v 0.890625 1.03125 0
v 0.9375 1.078125 0
v 0.84375 0.984375 0
v 0.890625 0.984375 0
v 0.9375 0.984375 0
v 0.984375 1.078125 0
v 0.984375 1.125 0
v 0.984375 1.03125 0
v 1.03125 1.078125 0
v 1.078125 1.125 0
v 1.078125 1.40625 0
v 1.125 1.453125 0
v 0.984375 1.3125 0
v 1.03125 1.359375 0
v 1.078125 1.359375 0
v 1.078125 1.3125 0
v 1.125 1.359375 0
v 0.890625 1.21875 0
v 0.9375 1.265625 0
v 0.84375 1.171875 0
v 0.890625 1.171875 0
v 0.9375 1.171875 0
v 1.03125 1.265625 0
v 1.078125 1.265625 0
v 0.984375 1.265625 0
v 0.984375 1.21875 0
v 0.984375 1.171875 0
v 1.078125 1.21875 0
v 1.125 1.265625 0
v 1.03125 1.171875 0
v 1.078125 1.171875 0
v 1.125 1.171875 0
v 1.171875 1.453125 0
v 1.171875 1.5 0
v 1.171875 1.359375 0
v 1.171875 1.40625 0
v 1.21875 1.453125 0
v 1.265625 1.453125 0
v 1.265625 1.5 0
v 1.171875 1.265625 0
v 1.171875 1.3125 0
v 1.171875 1.21875 0
v 1.21875 1.265625 0
v 1.265625 1.3125 0
v 1.265625 1.40625 0
v 1.3125 1.453125 0
v 1.21875 1.359375 0
v 1.265625 1.359375 0
v 1.3125 1.359375 0
v 1.359375 1.453125 0
v 1.359375 1.5 0
v 1.359375 1.40625 0
v 1.40625 1.453125 0
v 1.453125 1.5 0
v 1.453125 2.90625 0
v 1.5 2.953125 0
v 1.359375 2.8125 0
v 1.40625 2.859375 0
v 1.453125 2.859375 0
v 1.453125 2.8125 0
v 1.5 2.859375 0
v 1.265625 2.71875 0
v 1.3125 2.765625 0
v 1.171875 2.625 0
v 1.21875 2.671875 0
v 1.265625 2.671875 0
v 1.265625 2.625 0
v 1.3125 2.671875 0
v 1.40625 2.765625 0
v 1.453125 2.765625 0
v 1.359375 2.765625 0
v 1.359375 2.71875 0
v 1.359375 2.671875 0
v 1.453125 2.71875 0
v 1.5 2.765625 0
v 1.359375 2.625 0
v 1.40625 2.671875 0
v 1.453125 2.671875 0
v 1.453125 2.625 0
v 1.5 2.671875 0
v 1.078125 2.53125 0
v 1.125 2.578125 0
v 0.984375 2.4375 0
v 1.03125 2.484375 0
v 1.078125 2.484375 0
v 1.078125 2.4375 0
v 1.125 2.484375 0
v 0.890625 2.34375 0
v 0.9375 2.390625 0
v 0.796875 2.25 0
v 0.84375 2.296875 0
v 0.890625 2.296875 0
v 0.890625 2.25 0
v 0.9375 2.296875 0
v 1.03125 2.390625 0
v 1.078125 2.390625 0
v 0.984375 2.390625 0
v 0.984375 2.34375 0
v 0.984375 2.296875 0
v 1.078125 2.34375 0
v 1.125 2.390625 0
v 0.984375 2.25 0
v 1.03125 2.296875 0
v 1.078125 2.296875 0
v 1.078125 2.25 0
v 1.125 2.296875 0
v 1.40625 2.578125 0
v 1.453125 2.578125 0
v 1.3125 2.578125 0
v 1.359375 2.578125 0
v 1.359375 2.53125 0
v 1.3125 2.484375 0
v 1.359375 2.484375 0
v 1.21875 2.578125 0
v 1.265625 2.578125 0
v 1.171875 2.578125 0
v 1.171875 2.53125 0
v 1.171875 2.484375 0
v 1.265625 2.484375 0
v 1.265625 2.4375 0
v 1.265625 2.53125 0
v 1.21875 2.484375 0
v 1.171875 2.4375 0
v 1.21875 2.390625 0
v 1.265625 2.390625 0
v 1.171875 2.390625 0
v 1.171875 2.34375 0
v 1.171875 2.296875 0
v 1.453125 2.53125 0
v 1.5 2.578125 0
v 1.359375 2.4375 0
v 1.40625 2.484375 0
v 1.453125 2.484375 0
v 1.453125 2.4375 0
v 1.5 2.484375 0
v 1.265625 2.34375 0
v 1.3125 2.390625 0
v 1.171875 2.25 0
v 1.21875 2.296875 0
v 1.265625 2.296875 0
v 1.265625 2.25 0
v 1.3125 2.296875 0
v 1.40625 2.390625 0
v 1.453125 2.390625 0
v 1.359375 2.390625 0
v 1.359375 2.34375 0
v 1.359375 2.296875 0
v 1.453125 2.34375 0
v 1.5 2.390625 0
v 1.359375 2.25 0
v 1.40625 2.296875 0
v 1.453125 2.296875 0
v 1.453125 2.25 0
v 1.5 2.296875 0
v 0.703125 2.15625 0
v 0.75 2.203125 0
v 0.609375 2.0625 0
v 0.65625 2.109375 0
v 0.703125 2.109375 0
v 0.703125 2.0625 0
v 0.75 2.109375 0
v 0.515625 1.96875 0
v 0.5625 2.015625 0
v 0.421875 1.875 0
v 0.46875 1.921875 0
v 0.515625 1.921875 0
v 0.515625 1.875 0
v 0.5625 1.921875 0
v 0.65625 2.015625 0
v 0.703125 2.015625 0
v 0.609375 2.015625 0
v 0.609375 1.96875 0
v 0.609375 1.921875 0
v 0.703125 1.96875 0
v 0.75 2.015625 0
v 0.609375 1.875 0
v 0.65625 1.921875 0
v 0.703125 1.921875 0
v 0.703125 1.875 0
v 0.75 1.921875 0
v 0.328125 1.78125 0
v 0.375 1.828125 0
v 0.234375 1.6875 0
v 0.28125 1.734375 0
v 0.328125 1.734375 0
v 0.328125 1.6875 0
v 0.375 1.734375 0
v 0.140625 1.59375 0
v 0.1875 1.640625 0
v 0.09375 1.546875 0
v 0.140625 1.546875 0
v 0.1875 1.546875 0
v 0.28125 1.640625 0
v 0.328125 1.640625 0
v 0.234375 1.640625 0
v 0.234375 1.59375 0
v 0.234375 1.546875 0
v 0.328125 1.59375 0
v 0.375 1.640625 0
v 0.28125 1.546875 0
v 0.328125 1.546875 0
v 0.375 1.546875 0
v 0.65625 1.828125 0
v 0.703125 1.828125 0
v 0.5625 1.828125 0
v 0.609375 1.828125 0
v 0.609375 1.78125 0
v 0.5625 1.734375 0
v 0.609375 1.734375 0
v 0.46875 1.828125 0
v 0.515625 1.828125 0
v 0.421875 1.828125 0
v 0.421875 1.78125 0
v 0.421875 1.734375 0
v 0.515625 1.734375 0
v 0.515625 1.6875 0
v 0.515625 1.78125 0
v 0.46875 1.734375 0
v 0.421875 1.6875 0
v 0.46875 1.640625 0
v 0.515625 1.640625 0
v 0.421875 1.640625 0
v 0.421875 1.59375 0
v 0.421875 1.546875 0
v 0.703125 1.78125 0
v 0.75 1.828125 0
v 0.609375 1.6875 0
v 0.65625 1.734375 0
v 0.703125 1.734375 0
v 0.703125 1.6875 0
v 0.75 1.734375 0
v 0.515625 1.59375 0
v 0.5625 1.640625 0
v 0.46875 1.546875 0
v 0.515625 1.546875 0
v 0.5625 1.546875 0
v 0.65625 1.640625 0
v 0.703125 1.640625 0
v 0.609375 1.640625 0
v 0.609375 1.59375 0
v 0.609375 1.546875 0
v 0.703125 1.59375 0
v 0.75 1.640625 0
v 0.65625 1.546875 0
v 0.703125 1.546875 0
v 0.75 1.546875 0
v 1.40625 2.203125 0
v 1.453125 2.203125 0
v 1.3125 2.203125 0
v 1.359375 2.203125 0
v 1.359375 2.15625 0
v 1.3125 2.109375 0
v 1.359375 2.109375 0
v 1.21875 2.203125 0
v 1.265625 2.203125 0
v 1.125 2.203125 0
v 1.171875 2.203125 0
v 1.171875 2.15625 0
v 1.125 2.109375 0
v 1.171875 2.109375 0
v 1.265625 2.109375 0
v 1.265625 2.0625 0
v 1.265625 2.15625 0
v 1.21875 2.109375 0
v 1.171875 2.0625 0
v 1.21875 2.015625 0
v 1.265625 2.015625 0
v 1.125 2.015625 0
v 1.171875 2.015625 0
v 1.171875 1.96875 0
v 1.125 1.921875 0
v 1.171875 1.921875 0
v 1.03125 2.203125 0
v 1.078125 2.203125 0
v 0.9375 2.203125 0
v 0.984375 2.203125 0
v 0.984375 2.15625 0
v 0.9375 2.109375 0
v 0.984375 2.109375 0
v 0.84375 2.203125 0
v 0.890625 2.203125 0
v 0.796875 2.203125 0
v 0.796875 2.15625 0
v 0.796875 2.109375 0
v 0.890625 2.109375 0
v 0.890625 2.0625 0
v 0.890625 2.15625 0
v 0.84375 2.109375 0
v 0.796875 2.0625 0
v 0.84375 2.015625 0
v 0.890625 2.015625 0
v 0.796875 2.015625 0
v 0.796875 1.96875 0
v 0.796875 1.921875 0
v 1.078125 1.921875 0
v 1.078125 1.875 0
v 1.078125 2.015625 0
v 1.078125 1.96875 0
v 1.03125 1.921875 0
v 0.984375 1.921875 0
v 0.984375 1.875 0
v 1.078125 2.109375 0
v 1.078125 2.0625 0
v 1.078125 2.15625 0
v 1.03125 2.109375 0
v 0.984375 2.0625 0
v 0.984375 1.96875 0
v 0.9375 1.921875 0
v 1.03125 2.015625 0
v 0.984375 2.015625 0
v 0.9375 2.015625 0
v 0.890625 1.921875 0
v 0.890625 1.875 0
v 0.890625 1.96875 0
v 0.84375 1.921875 0
v 0.796875 1.875 0
v 1.03125 1.828125 0
v 1.078125 1.828125 0
v 0.9375 1.828125 0
v 0.984375 1.828125 0
v 0.984375 1.78125 0
v 0.9375 1.734375 0
v 0.984375 1.734375 0
v 0.84375 1.828125 0
v 0.890625 1.828125 0
v 0.796875 1.828125 0
v 0.796875 1.78125 0
v 0.796875 1.734375 0
v 0.890625 1.734375 0
v 0.890625 1.6875 0
v 0.890625 1.78125 0
v 0.84375 1.734375 0
v 0.796875 1.6875 0
v 0.84375 1.640625 0
v 0.890625 1.640625 0
v 0.796875 1.640625 0
v 0.796875 1.59375 0
v 0.796875 1.546875 0
v 1.453125 2.15625 0
v 1.5 2.203125 0
v 1.359375 2.0625 0
v 1.40625 2.109375 0
v 1.453125 2.109375 0
v 1.453125 2.0625 0
v 1.5 2.109375 0
v 1.265625 1.96875 0
v 1.3125 2.015625 0
v 1.171875 1.875 0
v 1.21875 1.921875 0
v 1.265625 1.921875 0
v 1.265625 1.875 0
v 1.3125 1.921875 0
v 1.40625 2.015625 0
v 1.453125 2.015625 0
v 1.359375 2.015625 0
v 1.359375 1.96875 0
v 1.359375 1.921875 0
v 1.453125 1.96875 0
v 1.5 2.015625 0
v 1.359375 1.875 0
v 1.40625 1.921875 0
v 1.453125 1.921875 0
v 1.453125 1.875 0
v 1.5 1.921875 0
v 1.078125 1.78125 0
v 1.125 1.828125 0
v 0.984375 1.6875 0
v 1.03125 1.734375 0
v 1.078125 1.734375 0
v 1.078125 1.6875 0
v 1.125 1.734375 0
v 0.890625 1.59375 0
v 0.9375 1.640625 0
v 0.84375 1.546875 0
v 0.890625 1.546875 0
v 0.9375 1.546875 0
v 1.03125 1.640625 0
v 1.078125 1.640625 0
v 0.984375 1.640625 0
v 0.984375 1.59375 0
v 0.984375 1.546875 0
v 1.078125 1.59375 0
v 1.125 1.640625 0
v 1.03125 1.546875 0
v 1.078125 1.546875 0
v 1.125 1.546875 0
v 1.40625 1.828125 0
v 1.453125 1.828125 0
v 1.3125 1.828125 0
v 1.359375 1.828125 0
v 1.359375 1.78125 0
v 1.3125 1.734375 0
v 1.359375 1.734375 0
v 1.21875 1.828125 0
v 1.265625 1.828125 0
v 1.171875 1.828125 0
v 1.171875 1.78125 0
v 1.171875 1.734375 0
v 1.265625 1.734375 0
v 1.265625 1.6875 0
v 1.265625 1.78125 0
v 1.21875 1.734375 0
v 1.171875 1.6875 0
v 1.21875 1.640625 0
v 1.265625 1.640625 0
v 1.171875 1.640625 0
v 1.171875 1.59375 0
v 1.171875 1.546875 0
v 1.453125 1.78125 0
v 1.5 1.828125 0
v 1.359375 1.6875 0
v 1.40625 1.734375 0
v 1.453125 1.734375 0
v 1.453125 1.6875 0
v 1.5 1.734375 0
v 1.265625 1.59375 0
v 1.3125 1.640625 0
v 1.21875 1.546875 0
v 1.265625 1.546875 0
v 1.3125 1.546875 0
v 1.40625 1.640625 0
v 1.453125 1.640625 0
v 1.359375 1.640625 0
v 1.359375 1.59375 0
v 1.359375 1.546875 0
v 1.453125 1.59375 0
v 1.5 1.640625 0
v 1.40625 1.546875 0
v 1.453125 1.546875 0
v 1.5 1.546875 0
v 1.546875 2.953125 0
v 1.546875 3 0
v 1.546875 2.859375 0
v 1.546875 2.90625 0
v 1.59375 2.953125 0
v 1.640625 2.953125 0
v 1.640625 3 0
v 1.546875 2.765625 0
v 1.546875 2.8125 0
v 1.546875 2.671875 0
v 1.546875 2.71875 0
v 1.59375 2.765625 0
v 1.640625 2.765625 0
v 1.640625 2.8125 0
v 1.640625 2.90625 0
v 1.6875 2.953125 0
v 1.59375 2.859375 0
v 1.640625 2.859375 0
v 1.6875 2.859375 0
v 1.734375 2.953125 0
v 1.734375 3 0
v 1.734375 2.859375 0
v 1.734375 2.90625 0
v 1.78125 2.953125 0
v 1.828125 2.953125 0
v 1.828125 3 0
v 1.546875 2.578125 0
v 1.546875 2.625 0
v 1.546875 2.484375 0
v 1.546875 2.53125 0
v 1.59375 2.578125 0
v 1.640625 2.578125 0
v 1.640625 2.625 0
v 1.546875 2.390625 0
v 1.546875 2.4375 0
v 1.546875 2.296875 0
v 1.546875 2.34375 0
v 1.59375 2.390625 0
v 1.640625 2.390625 0
v 1.640625 2.4375 0
v 1.640625 2.53125 0
v 1.6875 2.578125 0
v 1.59375 2.484375 0
v 1.640625 2.484375 0
v 1.6875 2.484375 0
v 1.734375 2.578125 0
v 1.734375 2.625 0
v 1.734375 2.484375 0
v 1.734375 2.53125 0
v 1.78125 2.578125 0
v 1.828125 2.578125 0
v 1.828125 2.625 0
v 1.828125 2.90625 0
v 1.875 2.953125 0
v 1.734375 2.8125 0
v 1.78125 2.859375 0
v 1.828125 2.859375 0
v 1.828125 2.8125 0
v 1.875 2.859375 0
v 1.640625 2.71875 0
v 1.6875 2.765625 0
v 1.59375 2.671875 0
v 1.640625 2.671875 0
v 1.6875 2.671875 0
v 1.78125 2.765625 0
v 1.828125 2.765625 0
v 1.734375 2.765625 0
v 1.734375 2.71875 0
v 1.734375 2.671875 0
v 1.828125 2.71875 0
v 1.875 2.765625 0
v 1.78125 2.671875 0
v 1.828125 2.671875 0
v 1.875 2.671875 0
v 1.921875 2.953125 0
v 1.921875 3 0
v 1.921875 2.859375 0
v 1.921875 2.90625 0
v 1.96875 2.953125 0
v 2.015625 2.953125 0
v 2.015625 3 0
v 1.921875 2.765625 0
v 1.921875 2.8125 0
v 1.921875 2.671875 0
v 1.921875 2.71875 0
v 1.96875 2.765625 0
v 2.015625 2.765625 0
v 2.015625 2.8125 0
v 2.015625 2.90625 0
v 2.0625 2.953125 0
v 1.96875 2.859375 0
v 2.015625 2.859375 0
v 2.0625 2.859375 0
v 2.109375 2.953125 0
v 2.109375 3 0
v 2.109375 2.859375 0
v 2.109375 2.90625 0
v 2.15625 2.953125 0
v 2.203125 2.953125 0
v 2.203125 3 0
v 1.546875 2.203125 0
v 1.546875 2.25 0
v 1.546875 2.109375 0
v 1.546875 2.15625 0
v 1.59375 2.203125 0
v 1.640625 2.203125 0
v 1.640625 2.25 0
v 1.546875 2.015625 0
v 1.546875 2.0625 0
v 1.546875 1.921875 0
v 1.546875 1.96875 0
v 1.59375 2.015625 0
v 1.640625 2.015625 0
v 1.640625 2.0625 0
v 1.640625 2.15625 0
v 1.6875 2.203125 0
v 1.59375 2.109375 0
v 1.640625 2.109375 0
v 1.6875 2.109375 0
v 1.734375 2.203125 0
v 1.734375 2.25 0
v 1.734375 2.109375 0
v 1.734375 2.15625 0
v 1.78125 2.203125 0
v 1.828125 2.203125 0
v 1.828125 2.25 0
v 1.546875 1.828125 0
v 1.546875 1.875 0
v 1.546875 1.734375 0
v 1.546875 1.78125 0
v 1.59375 1.828125 0
v 1.640625 1.828125 0
v 1.640625 1.875 0
v 1.546875 1.640625 0
v 1.546875 1.6875 0
v 1.546875 1.59375 0
v 1.59375 1.640625 0
v 1.640625 1.6875 0
v 1.640625 1.78125 0
v 1.6875 1.828125 0
v 1.59375 1.734375 0
v 1.640625 1.734375 0
v 1.6875 1.734375 0
v 1.734375 1.828125 0
v 1.734375 1.875 0
v 1.734375 1.78125 0
v 1.78125 1.828125 0
v 1.828125 1.875 0
v 1.828125 2.15625 0
v 1.875 2.203125 0
v 1.734375 2.0625 0
v 1.78125 2.109375 0
v 1.828125 2.109375 0
v 1.828125 2.0625 0
v 1.875 2.109375 0
v 1.640625 1.96875 0
v 1.6875 2.015625 0
v 1.59375 1.921875 0
v 1.640625 1.921875 0
v 1.6875 1.921875 0
v 1.78125 2.015625 0
v 1.828125 2.015625 0
v 1.734375 2.015625 0
v 1.734375 1.96875 0
v 1.734375 1.921875 0
v 1.828125 1.96875 0
v 1.875 2.015625 0
v 1.78125 1.921875 0
v 1.828125 1.921875 0
v 1.875 1.921875 0
v 1.921875 2.203125 0
v 1.921875 2.25 0
v 1.921875 2.109375 0
v 1.921875 2.15625 0
v 1.96875 2.203125 0
v 2.015625 2.203125 0
v 2.015625 2.25 0
v 1.921875 2.015625 0
v 1.921875 2.0625 0
v 1.921875 1.96875 0
v 1.96875 2.015625 0
v 2.015625 2.0625 0
v 2.015625 2.15625 0
v 2.0625 2.203125 0
v 1.96875 2.109375 0
v 2.015625 2.109375 0
v 2.0625 2.109375 0
v 2.109375 2.203125 0
v 2.109375 2.25 0
v 2.109375 2.15625 0
v 2.15625 2.203125 0
v 2.203125 2.25 0
v 2.203125 2.90625 0
v 2.25 2.953125 0
v 2.109375 2.8125 0
v 2.15625 2.859375 0
v 2.203125 2.859375 0
v 2.203125 2.8125 0
v 2.25 2.859375 0
v 2.015625 2.71875 0
v 2.0625 2.765625 0
v 1.921875 2.625 0
v 1.96875 2.671875 0
v 2.015625 2.671875 0
v 2.015625 2.625 0
v 2.0625 2.671875 0
v 2.15625 2.765625 0
v 2.203125 2.765625 0
v 2.109375 2.765625 0
v 2.109375 2.71875 0
v 2.109375 2.671875 0
v 2.203125 2.71875 0
v 2.25 2.765625 0
v 2.109375 2.625 0
v 2.15625 2.671875 0
v 2.203125 2.671875 0
v 2.203125 2.625 0
v 2.25 2.671875 0
v 1.828125 2.53125 0
v 1.875 2.578125 0
v 1.734375 2.4375 0
v 1.78125 2.484375 0
v 1.828125 2.484375 0
v 1.828125 2.4375 0
v 1.875 2.484375 0
v 1.640625 2.34375 0
v 1.6875 2.390625 0
v 1.59375 2.296875 0
v 1.640625 2.296875 0
v 1.6875 2.296875 0
v 1.78125 2.390625 0
v 1.828125 2.390625 0
v 1.734375 2.390625 0
v 1.734375 2.34375 0
v 1.734375 2.296875 0
v 1.828125 2.34375 0
v 1.875 2.390625 0
v 1.78125 2.296875 0
v 1.828125 2.296875 0
v 1.875 2.296875 0
v 2.15625 2.578125 0
v 2.203125 2.578125 0
v 2.0625 2.578125 0
v 2.109375 2.578125 0
v 2.109375 2.53125 0
v 2.0625 2.484375 0
v 2.109375 2.484375 0
v 1.96875 2.578125 0
v 2.015625 2.578125 0
v 1.921875 2.578125 0
v 1.921875 2.53125 0
v 1.921875 2.484375 0
v 2.015625 2.484375 0
v 2.015625 2.4375 0
v 2.015625 2.53125 0
v 1.96875 2.484375 0
v 1.921875 2.4375 0
v 1.96875 2.390625 0
v 2.015625 2.390625 0
v 1.921875 2.390625 0
v 1.921875 2.34375 0
v 1.921875 2.296875 0
v 2.203125 2.53125 0
v 2.25 2.578125 0
v 2.109375 2.4375 0
v 2.15625 2.484375 0
v 2.203125 2.484375 0
v 2.203125 2.4375 0
v 2.25 2.484375 0
v 2.015625 2.34375 0
v 2.0625 2.390625 0
v 1.96875 2.296875 0
v 2.015625 2.296875 0
v 2.0625 2.296875 0
v 2.15625 2.390625 0
v 2.203125 2.390625 0
v 2.109375 2.390625 0
v 2.109375 2.34375 0
v 2.109375 2.296875 0
v 2.203125 2.34375 0
v 2.25 2.390625 0
v 2.15625 2.296875 0
v 2.203125 2.296875 0
v 2.25 2.296875 0
v 2.296875 2.953125 0
v 2.296875 3 0
v 2.296875 2.859375 0
v 2.296875 2.90625 0
v 2.34375 2.953125 0
v 2.390625 2.953125 0
v 2.390625 3 0
v 2.296875 2.765625 0
v 2.296875 2.8125 0
v 2.296875 2.671875 0
v 2.296875 2.71875 0
v 2.34375 2.765625 0
v 2.390625 2.765625 0
v 2.390625 2.8125 0
v 2.390625 2.90625 0
v 2.4375 2.953125 0
v 2.34375 2.859375 0
v 2.390625 2.859375 0
v 2.4375 2.859375 0
v 2.484375 2.953125 0
v 2.484375 3 0
v 2.484375 2.859375 0
v 2.484375 2.90625 0
v 2.53125 2.953125 0
v 2.578125 2.953125 0
v 2.578125 3 0
v 2.296875 2.578125 0
v 2.296875 2.625 0
v 2.296875 2.484375 0
v 2.296875 2.53125 0
v 2.34375 2.578125 0
v 2.390625 2.578125 0
v 2.390625 2.625 0
v 2.296875 2.390625 0
v 2.296875 2.4375 0
v 2.296875 2.34375 0
v 2.34375 2.390625 0
v 2.390625 2.4375 0
v 2.390625 2.53125 0
v 2.4375 2.578125 0
v 2.34375 2.484375 0
v 2.390625 2.484375 0
v 2.4375 2.484375 0
v 2.484375 2.578125 0
v 2.484375 2.625 0
v 2.484375 2.53125 0
v 2.53125 2.578125 0
v 2.578125 2.625 0
v 2.578125 2.90625 0
v 2.625 2.953125 0
v 2.484375 2.8125 0
v 2.53125 2.859375 0
v 2.578125 2.859375 0
v 2.578125 2.8125 0
v 2.625 2.859375 0
v 2.390625 2.71875 0
v 2.4375 2.765625 0
v 2.34375 2.671875 0
v 2.390625 2.671875 0
v 2.4375 2.671875 0
v 2.53125 2.765625 0
v 2.578125 2.765625 0
v 2.484375 2.765625 0
v 2.484375 2.71875 0
v 2.484375 2.671875 0
v 2.578125 2.71875 0
v 2.625 2.765625 0
v 2.53125 2.671875 0
v 2.578125 2.671875 0
v 2.625 2.671875 0
v 2.671875 2.953125 0
v 2.671875 3 0
v 2.671875 2.859375 0
v 2.671875 2.90625 0
v 2.71875 2.953125 0
v 2.765625 2.953125 0
v 2.765625 3 0
v 2.671875 2.765625 0
v 2.671875 2.8125 0
v 2.671875 2.71875 0
v 2.71875 2.765625 0
v 2.765625 2.8125 0
v 2.765625 2.90625 0
v 2.8125 2.953125 0
v 2.71875 2.859375 0
v 2.765625 2.859375 0
v 2.8125 2.859375 0
v 2.859375 2.953125 0
v 2.859375 3 0
v 2.859375 2.90625 0
v 2.90625 2.953125 0
v 2.953125 3 0
v 2.9765625 2.9765625 0
v 2.9296875 2.9296875 0
v 2.9765625 2.9296875 0
v 2.8828125 2.8828125 0
v 2.8359375 2.8359375 0
v 2.8828125 2.8359375 0
v 2.9765625 2.8828125 0
v 2.9296875 2.8828125 0
v 2.9296875 2.8359375 0
v 2.9765625 2.8359375 0
v 2.7890625 2.7890625 0
v 2.7421875 2.7421875 0
v 2.7890625 2.7421875 0
v 2.6953125 2.6953125 0
v 2.6484375 2.6484375 0
v 2.6953125 2.6484375 0
v 2.7890625 2.6953125 0
v 2.7421875 2.6953125 0
v 2.7421875 2.6484375 0
v 2.7890625 2.6484375 0
v 2.9765625 2.7890625 0
v 2.9296875 2.7890625 0
v 2.9296875 2.7421875 0
v 2.8828125 2.7890625 0
v 2.8359375 2.7890625 0
v 2.8359375 2.7421875 0
v 2.8828125 2.7421875 0
v 2.8828125 2.6953125 0
v 2.8359375 2.6953125 0
v 2.8359375 2.6484375 0
v 2.9765625 2.7421875 0
v 2.8828125 2.6484375 0
v 2.9765625 2.6953125 0
v 2.9296875 2.6953125 0
v 2.9296875 2.6484375 0
v 2.9765625 2.6484375 0
v 2.6015625 2.6015625 0
v 2.5546875 2.5546875 0
v 2.6015625 2.5546875 0
v 2.5078125 2.5078125 0
v 2.4609375 2.4609375 0
v 2.5078125 2.4609375 0
v 2.6015625 2.5078125 0
v 2.5546875 2.5078125 0
v 2.5546875 2.4609375 0
v 2.6015625 2.4609375 0
v 2.4140625 2.4140625 0
v 2.3671875 2.3671875 0
v 2.4140625 2.3671875 0
v 2.3203125 2.3203125 0
v 2.2734375 2.2734375 0
v 2.3203125 2.2734375 0
v 2.4140625 2.3203125 0
v 2.3671875 2.3203125 0
v 2.3671875 2.2734375 0
v 2.4140625 2.2734375 0
v 2.6015625 2.4140625 0
v 2.5546875 2.4140625 0
v 2.5546875 2.3671875 0
v 2.5078125 2.4140625 0
v 2.4609375 2.4140625 0
v 2.4609375 2.3671875 0
v 2.5078125 2.3671875 0
v 2.5078125 2.3203125 0
v 2.4609375 2.3203125 0
v 2.4609375 2.2734375 0
v 2.6015625 2.3671875 0
v 2.5078125 2.2734375 0
v 2.6015625 2.3203125 0
v 2.5546875 2.3203125 0
v 2.5546875 2.2734375 0
v 2.6015625 2.2734375 0
v 2.9765625 2.6015625 0
v 2.9296875 2.6015625 0
v 2.9296875 2.5546875 0
v 2.8828125 2.6015625 0
v 2.8359375 2.6015625 0
v 2.8359375 2.5546875 0
v 2.8828125 2.5546875 0
v 2.8828125 2.5078125 0
v 2.8359375 2.5078125 0
v 2.8359375 2.4609375 0
v 2.7890625 2.6015625 0
v 2.7421875 2.6015625 0
v 2.7421875 2.5546875 0
v 2.6953125 2.6015625 0
v 2.6484375 2.6015625 0
v 2.6484375 2.5546875 0
v 2.6953125 2.5546875 0
v 2.6953125 2.5078125 0
v 2.6484375 2.5078125 0
v 2.6484375 2.4609375 0
v 2.7890625 2.4609375 0
v 2.7890625 2.5078125 0
v 2.7421875 2.4609375 0
v 2.7890625 2.5546875 0
v 2.7421875 2.5078125 0
v 2.6953125 2.4609375 0
v 2.7890625 2.4140625 0
v 2.7421875 2.4140625 0
v 2.7421875 2.3671875 0
v 2.6953125 2.4140625 0
v 2.6484375 2.4140625 0
v 2.6484375 2.3671875 0
v 2.6953125 2.3671875 0
v 2.6953125 2.3203125 0
v 2.6484375 2.3203125 0
v 2.6484375 2.2734375 0
v 2.9765625 2.5546875 0
v 2.8828125 2.4609375 0
v 2.9765625 2.5078125 0
v 2.9296875 2.5078125 0
v 2.9296875 2.4609375 0
v 2.9765625 2.4609375 0
v 2.7890625 2.3671875 0
v 2.6953125 2.2734375 0
v 2.7890625 2.3203125 0
v 2.7421875 2.3203125 0
v 2.7421875 2.2734375 0
v 2.7890625 2.2734375 0
v 2.9765625 2.4140625 0
v 2.9296875 2.4140625 0
v 2.9296875 2.3671875 0
v 2.8828125 2.4140625 0
v 2.8359375 2.4140625 0
v 2.8359375 2.3671875 0
v 2.8828125 2.3671875 0
v 2.8828125 2.3203125 0
v 2.8359375 2.3203125 0
v 2.8359375 2.2734375 0
v 2.9765625 2.3671875 0
v 2.8828125 2.2734375 0
v 2.9765625 2.3203125 0
v 2.9296875 2.3203125 0
v 2.9296875 2.2734375 0
v 2.9765625 2.2734375 0
v 2.2265625 2.2265625 0
v 2.1796875 2.1796875 0
v 2.2265625 2.1796875 0
v 2.1328125 2.1328125 0
v 2.0859375 2.0859375 0
v 2.1328125 2.0859375 0
v 2.2265625 2.1328125 0
v 2.1796875 2.1328125 0
v 2.1796875 2.0859375 0
v 2.2265625 2.0859375 0
v 2.0390625 2.0390625 0
v 1.9921875 1.9921875 0
v 2.0390625 1.9921875 0
v 1.9453125 1.9453125 0
v 1.8984375 1.8984375 0
v 1.9453125 1.8984375 0
v 2.0390625 1.9453125 0
v 1.9921875 1.9453125 0
v 1.9921875 1.8984375 0
v 2.0390625 1.8984375 0
v 2.2265625 2.0390625 0
v 2.1796875 2.0390625 0
v 2.1796875 1.9921875 0
v 2.1328125 2.0390625 0
v 2.0859375 2.0390625 0
v 2.0859375 1.9921875 0
v 2.1328125 1.9921875 0
v 2.1328125 1.9453125 0
v 2.0859375 1.9453125 0
v 2.0859375 1.8984375 0
v 2.2265625 1.9921875 0
v 2.1328125 1.8984375 0
v 2.2265625 1.9453125 0
v 2.1796875 1.9453125 0
v 2.1796875 1.8984375 0
v 2.2265625 1.8984375 0
v 1.8515625 1.8515625 0
v 1.8046875 1.8046875 0
v 1.8515625 1.8046875 0
v 1.7578125 1.7578125 0
v 1.7109375 1.7109375 0
v 1.7578125 1.7109375 0
v 1.8515625 1.7578125 0
v 1.8046875 1.7578125 0
v 1.8046875 1.7109375 0
v 1.8515625 1.7109375 0
v 1.6640625 1.6640625 0
v 1.6171875 1.6171875 0
v 1.6640625 1.6171875 0
v 1.5703125 1.5703125 0
v 1.5234375 1.5234375 0
v 1.5703125 1.5234375 0
v 1.6640625 1.5703125 0
v 1.6171875 1.5703125 0
v 1.6171875 1.5234375 0
v 1.6640625 1.5234375 0
v 1.8515625 1.6640625 0
v 1.8046875 1.6640625 0
v 1.8046875 1.6171875 0
v 1.7578125 1.6640625 0
v 1.7109375 1.6640625 0
v 1.7109375 1.6171875 0
v 1.7578125 1.6171875 0
v 1.7578125 1.5703125 0
v 1.7109375 1.5703125 0
v 1.7109375 1.5234375 0
v 1.8515625 1.6171875 0
v 1.7578125 1.5234375 0
v 1.8515625 1.5703125 0
v 1.8046875 1.5703125 0
v 1.8046875 1.5234375 0
v 1.8515625 1.5234375 0
v 2.2265625 1.8515625 0
v 2.1796875 1.8515625 0
v 2.1796875 1.8046875 0
v 2.1328125 1.8515625 0
v 2.0859375 1.8515625 0
v 2.0859375 1.8046875 0
v 2.1328125 1.8046875 0
v 2.1328125 1.7578125 0
v 2.0859375 1.7578125 0
v 2.0859375 1.7109375 0
v 2.0390625 1.8515625 0
v 1.9921875 1.8515625 0
v 1.9921875 1.8046875 0
v 1.9453125 1.8515625 0
v 1.8984375 1.8515625 0
v 1.8984375 1.8046875 0
v 1.9453125 1.8046875 0
v 1.9453125 1.7578125 0
v 1.8984375 1.7578125 0
v 1.8984375 1.7109375 0
v 2.0390625 1.7109375 0
v 2.0390625 1.7578125 0
v 1.9921875 1.7109375 0
v 2.0390625 1.8046875 0
v 1.9921875 1.7578125 0
v 1.9453125 1.7109375 0
v 2.0390625 1.6640625 0
v 1.9921875 1.6640625 0
v 1.9921875 1.6171875 0
v 1.9453125 1.6640625 0
v 1.8984375 1.6640625 0
v 1.8984375 1.6171875 0
v 1.9453125 1.6171875 0
v 1.9453125 1.5703125 0
v 1.8984375 1.5703125 0
v 1.8984375 1.5234375 0
v 2.2265625 1.8046875 0
v 2.1328125 1.7109375 0
v 2.2265625 1.7578125 0
v 2.1796875 1.7578125 0
v 2.1796875 1.7109375 0
v 2.2265625 1.7109375 0
v 2.0390625 1.6171875 0
v 1.9453125 1.5234375 0
v 2.0390625 1.5703125 0
v 1.9921875 1.5703125 0
v 1.9921875 1.5234375 0
v 2.0390625 1.5234375 0
v 2.2265625 1.6640625 0
v 2.1796875 1.6640625 0
v 2.1796875 1.6171875 0
v 2.1328125 1.6640625 0
v 2.0859375 1.6640625 0
v 2.0859375 1.6171875 0
v 2.1328125 1.6171875 0
v 2.1328125 1.5703125 0
v 2.0859375 1.5703125 0
v 2.0859375 1.5234375 0
v 2.2265625 1.6171875 0
v 2.1328125 1.5234375 0
v 2.2265625 1.5703125 0
v 2.1796875 1.5703125 0
v 2.1796875 1.5234375 0
v 2.2265625 1.5234375 0
v 2.9765625 2.2265625 0
v 2.9296875 2.2265625 0
v 2.9296875 2.1796875 0
v 2.8828125 2.2265625 0
v 2.8359375 2.2265625 0
v 2.8359375 2.1796875 0
v 2.8828125 2.1796875 0
v 2.8828125 2.1328125 0
v 2.8359375 2.1328125 0
v 2.8359375 2.0859375 0
v 2.7890625 2.2265625 0
v 2.7421875 2.2265625 0
v 2.7421875 2.1796875 0
v 2.6953125 2.2265625 0
v 2.6484375 2.2265625 0
v 2.6484375 2.1796875 0
v 2.6953125 2.1796875 0
v 2.6953125 2.1328125 0
v 2.6484375 2.1328125 0
v 2.6484375 2.0859375 0
v 2.7890625 2.0859375 0
v 2.7890625 2.1328125 0
v 2.7421875 2.0859375 0
v 2.7890625 2.1796875 0
v 2.7421875 2.1328125 0
v 2.6953125 2.0859375 0
v 2.7890625 2.0390625 0
v 2.7421875 2.0390625 0
v 2.7421875 1.9921875 0
v 2.6953125 2.0390625 0
v 2.6484375 2.0390625 0
v 2.6484375 1.9921875 0
v 2.6953125 1.9921875 0
v 2.6953125 1.9453125 0
v 2.6484375 1.9453125 0
v 2.6484375 1.8984375 0
v 2.6015625 2.2265625 0
v 2.5546875 2.2265625 0
v 2.5546875 2.1796875 0
v 2.5078125 2.2265625 0
v 2.4609375 2.2265625 0
v 2.4609375 2.1796875 0
v 2.5078125 2.1796875 0
v 2.5078125 2.1328125 0
v 2.4609375 2.1328125 0
v 2.4609375 2.0859375 0
v 2.4140625 2.2265625 0
v 2.3671875 2.2265625 0
v 2.3671875 2.1796875 0
v 2.3203125 2.2265625 0
v 2.2734375 2.2265625 0
v 2.2734375 2.1796875 0
v 2.3203125 2.1796875 0
v 2.3203125 2.1328125 0
v 2.2734375 2.1328125 0
v 2.2734375 2.0859375 0
v 2.4140625 2.0859375 0
v 2.4140625 2.1328125 0
v 2.3671875 2.0859375 0
v 2.4140625 2.1796875 0
v 2.3671875 2.1328125 0
v 2.3203125 2.0859375 0
v 2.4140625 2.0390625 0
v 2.3671875 2.0390625 0
v 2.3671875 1.9921875 0
v 2.3203125 2.0390625 0
v 2.2734375 2.0390625 0
v 2.2734375 1.9921875 0
v 2.3203125 1.9921875 0
v 2.3203125 1.9453125 0
v 2.2734375 1.9453125 0
v 2.2734375 1.8984375 0
v 2.6015625 1.8984375 0
v 2.6015625 1.9453125 0
v 2.5546875 1.8984375 0
v 2.6015625 1.9921875 0
v 2.6015625 2.0390625 0
v 2.5546875 1.9921875 0
v 2.5546875 1.9453125 0
v 2.5078125 1.8984375 0
v 2.5078125 1.9453125 0
v 2.4609375 1.8984375 0
v 2.6015625 2.0859375 0
v 2.6015625 2.1328125 0
v 2.5546875 2.0859375 0
v 2.6015625 2.1796875 0
v 2.5546875 2.1328125 0
v 2.5078125 2.0859375 0
v 2.4609375 1.9453125 0
v 2.5546875 2.0390625 0
v 2.4609375 1.9921875 0
v 2.5078125 1.9921875 0
v 2.5078125 2.0390625 0
v 2.4609375 2.0390625 0
v 2.4140625 1.8984375 0
v 2.4140625 1.9453125 0
v 2.3671875 1.8984375 0
v 2.4140625 1.9921875 0
v 2.3671875 1.9453125 0
v 2.3203125 1.8984375 0
v 2.6015625 1.8515625 0
v 2.5546875 1.8515625 0
v 2.5546875 1.8046875 0
v 2.5078125 1.8515625 0
v 2.4609375 1.8515625 0
v 2.4609375 1.8046875 0
v 2.5078125 1.8046875 0
v 2.5078125 1.7578125 0
v 2.4609375 1.7578125 0
v 2.4609375 1.7109375 0
v 2.4140625 1.8515625 0
v 2.3671875 1.8515625 0
v 2.3671875 1.8046875 0
v 2.3203125 1.8515625 0
v 2.2734375 1.8515625 0
v 2.2734375 1.8046875 0
v 2.3203125 1.8046875 0
v 2.3203125 1.7578125 0
v 2.2734375 1.7578125 0
v 2.2734375 1.7109375 0
v 2.4140625 1.7109375 0
v 2.4140625 1.7578125 0
v 2.3671875 1.7109375 0
v 2.4140625 1.8046875 0
v 2.3671875 1.7578125 0
v 2.3203125 1.7109375 0
v 2.4140625 1.6640625 0
v 2.3671875 1.6640625 0
v 2.3671875 1.6171875 0
v 2.3203125 1.6640625 0
v 2.2734375 1.6640625 0
v 2.2734375 1.6171875 0
v 2.3203125 1.6171875 0
v 2.3203125 1.5703125 0
v 2.2734375 1.5703125 0
v 2.2734375 1.5234375 0
v 2.9765625 2.1796875 0
v 2.8828125 2.0859375 0
v 2.9765625 2.1328125 0
v 2.9296875 2.1328125 0
v 2.9296875 2.0859375 0
v 2.9765625 2.0859375 0
v 2.7890625 1.9921875 0
v 2.6953125 1.8984375 0
v 2.7890625 1.9453125 0
v 2.7421875 1.9453125 0
v 2.7421875 1.8984375 0
v 2.7890625 1.8984375 0
v 2.9765625 2.0390625 0
v 2.9296875 2.0390625 0
v 2.9296875 1.9921875 0
v 2.8828125 2.0390625 0
v 2.8359375 2.0390625 0
v 2.8359375 1.9921875 0
v 2.8828125 1.9921875 0
v 2.8828125 1.9453125 0
v 2.8359375 1.9453125 0
v 2.8359375 1.8984375 0
v 2.9765625 1.9921875 0
v 2.8828125 1.8984375 0
v 2.9765625 1.9453125 0
v 2.9296875 1.9453125 0
v 2.9296875 1.8984375 0
v 2.9765625 1.8984375 0
v 2.6015625 1.8046875 0
v 2.5078125 1.7109375 0
v 2.6015625 1.7578125 0
v 2.5546875 1.7578125 0
v 2.5546875 1.7109375 0
v 2.6015625 1.7109375 0
v 2.4140625 1.6171875 0
v 2.3203125 1.5234375 0
v 2.4140625 1.5703125 0
v 2.3671875 1.5703125 0
v 2.3671875 1.5234375 0
v 2.4140625 1.5234375 0
v 2.6015625 1.6640625 0
v 2.5546875 1.6640625 0
v 2.5546875 1.6171875 0
v 2.5078125 1.6640625 0
v 2.4609375 1.6640625 0
v 2.4609375 1.6171875 0
v 2.5078125 1.6171875 0
v 2.5078125 1.5703125 0
v 2.4609375 1.5703125 0
v 2.4609375 1.5234375 0
v 2.6015625 1.6171875 0
v 2.5078125 1.5234375 0
v 2.6015625 1.5703125 0
v 2.5546875 1.5703125 0
v 2.5546875 1.5234375 0
v 2.6015625 1.5234375 0
v 2.9765625 1.8515625 0
v 2.9296875 1.8515625 0
v 2.9296875 1.8046875 0
v 2.8828125 1.8515625 0
v 2.8359375 1.8515625 0
v 2.8359375 1.8046875 0
v 2.8828125 1.8046875 0
v 2.8828125 1.7578125 0
v 2.8359375 1.7578125 0
v 2.8359375 1.7109375 0
v 2.7890625 1.8515625 0
v 2.7421875 1.8515625 0
v 2.7421875 1.8046875 0
v 2.6953125 1.8515625 0
v 2.6484375 1.8515625 0
v 2.6484375 1.8046875 0
v 2.6953125 1.8046875 0
v 2.6953125 1.7578125 0
v 2.6484375 1.7578125 0
v 2.6484375 1.7109375 0
v 2.7890625 1.7109375 0
v 2.7890625 1.7578125 0
v 2.7421875 1.7109375 0
v 2.7890625 1.8046875 0
v 2.7421875 1.7578125 0
v 2.6953125 1.7109375 0
v 2.7890625 1.6640625 0
v 2.7421875 1.6640625 0
v 2.7421875 1.6171875 0
v 2.6953125 1.6640625 0
v 2.6484375 1.6640625 0
v 2.6484375 1.6171875 0
v 2.6953125 1.6171875 0
v 2.6953125 1.5703125 0
v 2.6484375 1.5703125 0
v 2.6484375 1.5234375 0
v 2.9765625 1.8046875 0
v 2.8828125 1.7109375 0
v 2.9765625 1.7578125 0
v 2.9296875 1.7578125 0
v 2.9296875 1.7109375 0
v 2.9765625 1.7109375 0
v 2.7890625 1.6171875 0
v 2.6953125 1.5234375 0
v 2.7890625 1.5703125 0
v 2.7421875 1.5703125 0
v 2.7421875 1.5234375 0
v 2.7890625 1.5234375 0
v 2.9765625 1.6640625 0
v 2.9296875 1.6640625 0
v 2.9296875 1.6171875 0
v 2.8828125 1.6640625 0
v 2.8359375 1.6640625 0
v 2.8359375 1.6171875 0
v 2.8828125 1.6171875 0
v 2.8828125 1.5703125 0
v 2.8359375 1.5703125 0
v 2.8359375 1.5234375 0
v 2.9765625 1.6171875 0
v 2.8828125 1.5234375 0
v 2.9765625 1.5703125 0
v 2.9296875 1.5703125 0
v 2.9296875 1.5234375 0
v 2.9765625 1.5234375 0
v 1.4765625 1.4765625 0
v 1.4296875 1.4296875 0
v 1.4765625 1.4296875 0
v 1.3828125 1.3828125 0
v 1.3359375 1.3359375 0
v 1.3828125 1.3359375 0
v 1.4765625 1.3828125 0
v 1.4296875 1.3828125 0
v 1.4296875 1.3359375 0
v 1.4765625 1.3359375 0
v 1.2890625 1.2890625 0
v 1.2421875 1.2421875 0
v 1.2890625 1.2421875 0
v 1.1953125 1.1953125 0
v 1.1484375 1.1484375 0
v 1.1953125 1.1484375 0
v 1.2890625 1.1953125 0
v 1.2421875 1.1953125 0
v 1.2421875 1.1484375 0
v 1.2890625 1.1484375 0
v 1.4765625 1.2890625 0
v 1.4296875 1.2890625 0
v 1.4296875 1.2421875 0
v 1.3828125 1.2890625 0
v 1.3359375 1.2890625 0
v 1.3359375 1.2421875 0
v 1.3828125 1.2421875 0
v 1.3828125 1.1953125 0
v 1.3359375 1.1953125 0
v 1.3359375 1.1484375 0
v 1.4765625 1.2421875 0
v 1.3828125 1.1484375 0
v 1.4765625 1.1953125 0
v 1.4296875 1.1953125 0
v 1.4296875 1.1484375 0
v 1.4765625 1.1484375 0
v 1.1015625 1.1015625 0
v 1.0546875 1.0546875 0
v 1.1015625 1.0546875 0
v 1.0078125 1.0078125 0
v 0.9609375 0.9609375 0
v 1.0078125 0.9609375 0
v 1.1015625 1.0078125 0
v 1.0546875 1.0078125 0
v 1.0546875 0.9609375 0
v 1.1015625 0.9609375 0
v 0.9140625 0.9140625 0
v 0.8671875 0.8671875 0
v 0.9140625 0.8671875 0
v 0.8203125 0.8203125 0
v 0.7734375 0.7734375 0
v 0.8203125 0.7734375 0
v 0.9140625 0.8203125 0
v 0.8671875 0.8203125 0
v 0.8671875 0.7734375 0
v 0.9140625 0.7734375 0
v 1.1015625 0.9140625 0
v 1.0546875 0.9140625 0
v 1.0546875 0.8671875 0
v 1.0078125 0.9140625 0
v 0.9609375 0.9140625 0
v 0.9609375 0.8671875 0
v 1.0078125 0.8671875 0
v 1.0078125 0.8203125 0
v 0.9609375 0.8203125 0
v 0.9609375 0.7734375 0
v 1.1015625 0.8671875 0
v 1.0078125 0.7734375 0
v 1.1015625 0.8203125 0
v 1.0546875 0.8203125 0
v 1.0546875 0.7734375 0
v 1.1015625 0.7734375 0
v 1.4765625 1.1015625 0
v 1.4296875 1.1015625 0
v 1.4296875 1.0546875 0
v 1.3828125 1.1015625 0
v 1.3359375 1.1015625 0
v 1.3359375 1.0546875 0
v 1.3828125 1.0546875 0
v 1.3828125 1.0078125 0
v 1.3359375 1.0078125 0
v 1.3359375 0.9609375 0
v 1.2890625 1.1015625 0
v 1.2421875 1.1015625 0
v 1.2421875 1.0546875 0
v 1.1953125 1.1015625 0
v 1.1484375 1.1015625 0
v 1.1484375 1.0546875 0
v 1.1953125 1.0546875 0
v 1.1953125 1.0078125 0
v 1.1484375 1.0078125 0
v 1.1484375 0.9609375 0
v 1.2890625 0.9609375 0
v 1.2890625 1.0078125 0
v 1.2421875 0.9609375 0
v 1.2890625 1.0546875 0
v 1.2421875 1.0078125 0
v 1.1953125 0.9609375 0
v 1.2890625 0.9140625 0
v 1.2421875 0.9140625 0
v 1.2421875 0.8671875 0
v 1.1953125 0.9140625 0
v 1.1484375 0.9140625 0
v 1.1484375 0.8671875 0
v 1.1953125 0.8671875 0
v 1.1953125 0.8203125 0
v 1.1484375 0.8203125 0
v 1.1484375 0.7734375 0
v 1.4765625 1.0546875 0
v 1.3828125 0.9609375 0
v 1.4765625 1.0078125 0
v 1.4296875 1.0078125 0
v 1.4296875 0.9609375 0
v 1.4765625 0.9609375 0
v 1.2890625 0.8671875 0
v 1.1953125 0.7734375 0
v 1.2890625 0.8203125 0
v 1.2421875 0.8203125 0
v 1.2421875 0.7734375 0
v 1.2890625 0.7734375 0
v 1.4765625 0.9140625 0
v 1.4296875 0.9140625 0
v 1.4296875 0.8671875 0
v 1.3828125 0.9140625 0
v 1.3359375 0.9140625 0
v 1.3359375 0.8671875 0
v 1.3828125 0.8671875 0
v 1.3828125 0.8203125 0
v 1.3359375 0.8203125 0
v 1.3359375 0.7734375 0
v 1.4765625 0.8671875 0
v 1.3828125 0.7734375 0
v 1.4765625 0.8203125 0
v 1.4296875 0.8203125 0
v 1.4296875 0.7734375 0
v 1.4765625 0.7734375 0
v 0.7265625 0.7265625 0
v 0.6796875 0.6796875 0
v 0.7265625 0.6796875 0
v 0.6328125 0.6328125 0
v 0.5859375 0.5859375 0
v 0.6328125 0.5859375 0
v 0.7265625 0.6328125 0
v 0.6796875 0.6328125 0
v 0.6796875 0.5859375 0
v 0.7265625 0.5859375 0
v 0.5390625 0.5390625 0
v 0.4921875 0.4921875 0
v 0.5390625 0.4921875 0
v 0.4453125 0.4453125 0
v 0.3984375 0.3984375 0
v 0.4453125 0.3984375 0
v 0.5390625 0.4453125 0
v 0.4921875 0.4453125 0
v 0.4921875 0.3984375 0
v 0.5390625 0.3984375 0
v 0.7265625 0.5390625 0
v 0.6796875 0.5390625 0
v 0.6796875 0.4921875 0
v 0.6328125 0.5390625 0
v 0.5859375 0.5390625 0
v 0.5859375 0.4921875 0
v 0.6328125 0.4921875 0
v 0.6328125 0.4453125 0
v 0.5859375 0.4453125 0
v 0.5859375 0.3984375 0
v 0.7265625 0.4921875 0
v 0.6328125 0.3984375 0
v 0.7265625 0.4453125 0
v 0.6796875 0.4453125 0
v 0.6796875 0.3984375 0
v 0.7265625 0.3984375 0
v 0.3515625 0.3515625 0
v 0.3046875 0.3046875 0
v 0.3515625 0.3046875 0
v 0.2578125 0.2578125 0
v 0.2109375 0.2109375 0
v 0.2578125 0.2109375 0
v 0.3515625 0.2578125 0
v 0.3046875 0.2578125 0
v 0.3046875 0.2109375 0
v 0.3515625 0.2109375 0
v 0.1640625 0.1640625 0
v 0.1171875 0.1171875 0
v 0.1640625 0.1171875 0
v 0.0703125 0.0703125 0
v 0.0234375 0.0234375 0
v 0.0703125 0.0234375 0
v 0.1640625 0.0703125 0
v 0.1171875 0.0703125 0
v 0.1171875 0.0234375 0
v 0.1640625 0.0234375 0
v 0.3515625 0.1640625 0
v 0.3046875 0.1640625 0
v 0.3046875 0.1171875 0
v 0.2578125 0.1640625 0
v 0.2109375 0.1640625 0
v 0.2109375 0.1171875 0
v 0.2578125 0.1171875 0
v 0.2578125 0.0703125 0
v 0.2109375 0.0703125 0
v 0.2109375 0.0234375 0
v 0.3515625 0.1171875 0
v 0.2578125 0.0234375 0
v 0.3515625 0.0703125 0
v 0.3046875 0.0703125 0
v 0.3046875 0.0234375 0
v 0.3515625 0.0234375 0
v 0.7265625 0.3515625 0
v 0.6796875 0.3515625 0
v 0.6796875 0.3046875 0
v 0.6328125 0.3515625 0
v 0.5859375 0.3515625 0
v 0.5859375 0.3046875 0
v 0.6328125 0.3046875 0
v 0.6328125 0.2578125 0
v 0.5859375 0.2578125 0
v 0.5859375 0.2109375 0
v 0.5390625 0.3515625 0
v 0.4921875 0.3515625 0
v 0.4921875 0.3046875 0
v 0.4453125 0.3515625 0
v 0.3984375 0.3515625 0
v 0.3984375 0.3046875 0
v 0.4453125 0.3046875 0
v 0.4453125 0.2578125 0
v 0.3984375 0.2578125 0
v 0.3984375 0.2109375 0
v 0.5390625 0.2109375 0
v 0.5390625 0.2578125 0
v 0.4921875 0.2109375 0
v 0.5390625 0.3046875 0
v 0.4921875 0.2578125 0
v 0.4453125 0.2109375 0
v 0.5390625 0.1640625 0
v 0.4921875 0.1640625 0
v 0.4921875 0.1171875 0
v 0.4453125 0.1640625 0
v 0.3984375 0.1640625 0
v 0.3984375 0.1171875 0
v 0.4453125 0.1171875 0
v 0.4453125 0.0703125 0
v 0.3984375 0.0703125 0
v 0.3984375 0.0234375 0
v 0.7265625 0.3046875 0
v 0.6328125 0.2109375 0
v 0.7265625 0.2578125 0
v 0.6796875 0.2578125 0
v 0.6796875 0.2109375 0
v 0.7265625 0.2109375 0
v 0.5390625 0.1171875 0
v 0.4453125 0.0234375 0
v 0.5390625 0.0703125 0
v 0.4921875 0.0703125 0
v 0.4921875 0.0234375 0
v 0.5390625 0.0234375 0
v 0.7265625 0.1640625 0
v 0.6796875 0.1640625 0
v 0.6796875 0.1171875 0
v 0.6328125 0.1640625 0
v 0.5859375 0.1640625 0
v 0.5859375 0.1171875 0
v 0.6328125 0.1171875 0
v 0.6328125 0.0703125 0
v 0.5859375 0.0703125 0
v 0.5859375 0.0234375 0
v 0.7265625 0.1171875 0
v 0.6328125 0.0234375 0
v 0.7265625 0.0703125 0
v 0.6796875 0.0703125 0
v 0.6796875 0.0234375 0
v 0.7265625 0.0234375 0
v 1.4765625 0.7265625 0
v 1.4296875 0.7265625 0
v 1.4296875 0.6796875 0
v 1.3828125 0.7265625 0
v 1.3359375 0.7265625 0
v 1.3359375 0.6796875 0
v 1.3828125 0.6796875 0
v 1.3828125 0.6328125 0
v 1.3359375 0.6328125 0
v 1.3359375 0.5859375 0
v 1.2890625 0.7265625 0
v 1.2421875 0.7265625 0
v 1.2421875 0.6796875 0
v 1.1953125 0.7265625 0
v 1.1484375 0.7265625 0
v 1.1484375 0.6796875 0
v 1.1953125 0.6796875 0
v 1.1953125 0.6328125 0
v 1.1484375 0.6328125 0
v 1.1484375 0.5859375 0
v 1.2890625 0.5859375 0
v 1.2890625 0.6328125 0
v 1.2421875 0.5859375 0
v 1.2890625 0.6796875 0
v 1.2421875 0.6328125 0
v 1.1953125 0.5859375 0
v 1.2890625 0.5390625 0
v 1.2421875 0.5390625 0
v 1.2421875 0.4921875 0
v 1.1953125 0.5390625 0
v 1.1484375 0.5390625 0
v 1.1484375 0.4921875 0
v 1.1953125 0.4921875 0
v 1.1953125 0.4453125 0
v 1.1484375 0.4453125 0
v 1.1484375 0.3984375 0
v 1.1015625 0.7265625 0
v 1.0546875 0.7265625 0
v 1.0546875 0.6796875 0
v 1.0078125 0.7265625 0
v 0.9609375 0.7265625 0
v 0.9609375 0.6796875 0
v 1.0078125 0.6796875 0
v 1.0078125 0.6328125 0
v 0.9609375 0.6328125 0
v 0.9609375 0.5859375 0
v 0.9140625 0.7265625 0
v 0.8671875 0.7265625 0
v 0.8671875 0.6796875 0
v 0.8203125 0.7265625 0
v 0.7734375 0.7265625 0
v 0.7734375 0.6796875 0
v 0.8203125 0.6796875 0
v 0.8203125 0.6328125 0
v 0.7734375 0.6328125 0
v 0.7734375 0.5859375 0
v 0.9140625 0.5859375 0
v 0.9140625 0.6328125 0
v 0.8671875 0.5859375 0
v 0.9140625 0.6796875 0
v 0.8671875 0.6328125 0
v 0.8203125 0.5859375 0
v 0.9140625 0.5390625 0
v 0.8671875 0.5390625 0
v 0.8671875 0.4921875 0
v 0.8203125 0.5390625 0
v 0.7734375 0.5390625 0
v 0.7734375 0.4921875 0
v 0.8203125 0.4921875 0
v 0.8203125 0.4453125 0
v 0.7734375 0.4453125 0
v 0.7734375 0.3984375 0
v 1.1015625 0.3984375 0
v 1.1015625 0.4453125 0
v 1.0546875 0.3984375 0
v 1.1015625 0.4921875 0
v 1.1015625 0.5390625 0
v 1.0546875 0.4921875 0
v 1.0546875 0.4453125 0
v 1.0078125 0.3984375 0
v 1.0078125 0.4453125 0
v 0.9609375 0.3984375 0
v 1.1015625 0.5859375 0
v 1.1015625 0.6328125 0
v 1.0546875 0.5859375 0
v 1.1015625 0.6796875 0
v 1.0546875 0.6328125 0
v 1.0078125 0.5859375 0
v 0.9609375 0.4453125 0
v 1.0546875 0.5390625 0
v 0.9609375 0.4921875 0
v 1.0078125 0.4921875 0
v 1.0078125 0.5390625 0
v 0.9609375 0.5390625 0
v 0.9140625 0.3984375 0
v 0.9140625 0.4453125 0
v 0.8671875 0.3984375 0
v 0.9140625 0.4921875 0
v 0.8671875 0.4453125 0
v 0.8203125 0.3984375 0
v 1.1015625 0.3515625 0
v 1.0546875 0.3515625 0
v 1.0546875 0.3046875 0
v 1.0078125 0.3515625 0
v 0.9609375 0.3515625 0
v 0.9609375 0.3046875 0
v 1.0078125 0.3046875 0
v 1.0078125 0.2578125 0
v 0.9609375 0.2578125 0
v 0.9609375 0.2109375 0
v 0.9140625 0.3515625 0
v 0.8671875 0.3515625 0
v 0.8671875 0.3046875 0
v 0.8203125 0.3515625 0
v 0.7734375 0.3515625 0
v 0.7734375 0.3046875 0
v 0.8203125 0.3046875 0
v 0.8203125 0.2578125 0
v 0.7734375 0.2578125 0
v 0.7734375 0.2109375 0
v 0.9140625 0.2109375 0
v 0.9140625 0.2578125 0
v 0.8671875 0.2109375 0
v 0.9140625 0.3046875 0
v 0.8671875 0.2578125 0
v 0.8203125 0.2109375 0
v 0.9140625 0.1640625 0
v 0.8671875 0.1640625 0
v 0.8671875 0.1171875 0
v 0.8203125 0.1640625 0
v 0.7734375 0.1640625 0
v 0.7734375 0.1171875 0
v 0.8203125 0.1171875 0
v 0.8203125 0.0703125 0
v 0.7734375 0.0703125 0
v 0.7734375 0.0234375 0
v 1.4765625 0.6796875 0
v 1.3828125 0.5859375 0
v 1.4765625 0.6328125 0
v 1.4296875 0.6328125 0
v 1.4296875 0.5859375 0
v 1.4765625 0.5859375 0
v 1.2890625 0.4921875 0
v 1.1953125 0.3984375 0
v 1.2890625 0.4453125 0
v 1.2421875 0.4453125 0
v 1.2421875 0.3984375 0
v 1.2890625 0.3984375 0
v 1.4765625 0.5390625 0
v 1.4296875 0.5390625 0
v 1.4296875 0.4921875 0
v 1.3828125 0.5390625 0
v 1.3359375 0.5390625 0
v 1.3359375 0.4921875 0
v 1.3828125 0.4921875 0
v 1.3828125 0.4453125 0
v 1.3359375 0.4453125 0
v 1.3359375 0.3984375 0
v 1.4765625 0.4921875 0
v 1.3828125 0.3984375 0
v 1.4765625 0.4453125 0
v 1.4296875 0.4453125 0
v 1.4296875 0.3984375 0
v 1.4765625 0.3984375 0
v 1.1015625 0.3046875 0
v 1.0078125 0.2109375 0
v 1.1015625 0.2578125 0
v 1.0546875 0.2578125 0
v 1.0546875 0.2109375 0
v 1.1015625 0.2109375 0
v 0.9140625 0.1171875 0
v 0.8203125 0.0234375 0
v 0.9140625 0.0703125 0
v 0.8671875 0.0703125 0
v 0.8671875 0.0234375 0
v 0.9140625 0.0234375 0
v 1.1015625 0.1640625 0
v 1.0546875 0.1640625 0
v 1.0546875 0.1171875 0
v 1.0078125 0.1640625 0
v 0.9609375 0.1640625 0
v 0.9609375 0.1171875 0
v 1.0078125 0.1171875 0
v 1.0078125 0.0703125 0
v 0.9609375 0.0703125 0
v 0.9609375 0.0234375 0
v 1.1015625 0.1171875 0
v 1.0078125 0.0234375 0
v 1.1015625 0.0703125 0
v 1.0546875 0.0703125 0
v 1.0546875 0.0234375 0
v 1.1015625 0.0234375 0
v 1.4765625 0.3515625 0
v 1.4296875 0.3515625 0
v 1.4296875 0.3046875 0
v 1.3828125 0.3515625 0
v 1.3359375 0.3515625 0
v 1.3359375 0.3046875 0
v 1.3828125 0.3046875 0
v 1.3828125 0.2578125 0
v 1.3359375 0.2578125 0
v 1.3359375 0.2109375 0
v 1.2890625 0.3515625 0
v 1.2421875 0.3515625 0
v 1.2421875 0.3046875 0
v 1.1953125 0.3515625 0
v 1.1484375 0.3515625 0
v 1.1484375 0.3046875 0
v 1.1953125 0.3046875 0
v 1.1953125 0.2578125 0
v 1.1484375 0.2578125 0
v 1.1484375 0.2109375 0
v 1.2890625 0.2109375 0
v 1.2890625 0.2578125 0
v 1.2421875 0.2109375 0
v 1.2890625 0.3046875 0
v 1.2421875 0.2578125 0
v 1.1953125 0.2109375 0
v 1.2890625 0.1640625 0
v 1.2421875 0.1640625 0
v 1.2421875 0.1171875 0
v 1.1953125 0.1640625 0
v 1.1484375 0.1640625 0
v 1.1484375 0.1171875 0
v 1.1953125 0.1171875 0
v 1.1953125 0.0703125 0
v 1.1484375 0.0703125 0
v 1.1484375 0.0234375 0
v 1.4765625 0.3046875 0
v 1.3828125 0.2109375 0
v 1.4765625 0.2578125 0
v 1.4296875 0.2578125 0
v 1.4296875 0.2109375 0
v 1.4765625 0.2109375 0
v 1.2890625 0.1171875 0
v 1.1953125 0.0234375 0
v 1.2890625 0.0703125 0
v 1.2421875 0.0703125 0
v 1.2421875 0.0234375 0
v 1.2890625 0.0234375 0
v 1.4765625 0.1640625 0
v 1.4296875 0.1640625 0
v 1.4296875 0.1171875 0
v 1.3828125 0.1640625 0
v 1.3359375 0.1640625 0
v 1.3359375 0.1171875 0
v 1.3828125 0.1171875 0
v 1.3828125 0.0703125 0
v 1.3359375 0.0703125 0
v 1.3359375 0.0234375 0
v 1.4765625 0.1171875 0
v 1.3828125 0.0234375 0
v 1.4765625 0.0703125 0
v 1.4296875 0.0703125 0
v 1.4296875 0.0234375 0
v 1.4765625 0.0234375 0
v 2.9765625 1.4765625 0
v 2.9296875 1.4765625 0
v 2.9296875 1.4296875 0
v 2.8828125 1.4765625 0
v 2.8359375 1.4765625 0
v 2.8359375 1.4296875 0
v 2.8828125 1.4296875 0
v 2.8828125 1.3828125 0
v 2.8359375 1.3828125 0
v 2.8359375 1.3359375 0
v 2.7890625 1.4765625 0
v 2.7421875 1.4765625 0
v 2.7421875 1.4296875 0
v 2.6953125 1.4765625 0
v 2.6484375 1.4765625 0
v 2.6484375 1.4296875 0
v 2.6953125 1.4296875 0
v 2.6953125 1.3828125 0
v 2.6484375 1.3828125 0
v 2.6484375 1.3359375 0
v 2.7890625 1.3359375 0
v 2.7890625 1.3828125 0
v 2.7421875 1.3359375 0
v 2.7890625 1.4296875 0
v 2.7421875 1.3828125 0
v 2.6953125 1.3359375 0
v 2.7890625 1.2890625 0
v 2.7421875 1.2890625 0
v 2.7421875 1.2421875 0
v 2.6953125 1.2890625 0
v 2.6484375 1.2890625 0
v 2.6484375 1.2421875 0
v 2.6953125 1.2421875 0
v 2.6953125 1.1953125 0
v 2.6484375 1.1953125 0
v 2.6484375 1.1484375 0
v 2.6015625 1.4765625 0
v 2.5546875 1.4765625 0
v 2.5546875 1.4296875 0
v 2.5078125 1.4765625 0
v 2.4609375 1.4765625 0
v 2.4609375 1.4296875 0
v 2.5078125 1.4296875 0
v 2.5078125 1.3828125 0
v 2.4609375 1.3828125 0
v 2.4609375 1.3359375 0
v 2.4140625 1.4765625 0
v 2.3671875 1.4765625 0
v 2.3671875 1.4296875 0
v 2.3203125 1.4765625 0
v 2.2734375 1.4765625 0
v 2.2734375 1.4296875 0
v 2.3203125 1.4296875 0
v 2.3203125 1.3828125 0
v 2.2734375 1.3828125 0
v 2.2734375 1.3359375 0
v 2.4140625 1.3359375 0
v 2.4140625 1.3828125 0
v 2.3671875 1.3359375 0
v 2.4140625 1.4296875 0
v 2.3671875 1.3828125 0
v 2.3203125 1.3359375 0
v 2.4140625 1.2890625 0
v 2.3671875 1.2890625 0
v 2.3671875 1.2421875 0
v 2.3203125 1.2890625 0
v 2.2734375 1.2890625 0
v 2.2734375 1.2421875 0
v 2.3203125 1.2421875 0
v 2.3203125 1.1953125 0
v 2.2734375 1.1953125 0
v 2.2734375 1.1484375 0
v 2.6015625 1.1484375 0
v 2.6015625 1.1953125 0
v 2.5546875 1.1484375 0
v 2.6015625 1.2421875 0
v 2.6015625 1.2890625 0
v 2.5546875 1.2421875 0
v 2.5546875 1.1953125 0
v 2.5078125 1.1484375 0
v 2.5078125 1.1953125 0
v 2.4609375 1.1484375 0
v 2.6015625 1.3359375 0
v 2.6015625 1.3828125 0
v 2.5546875 1.3359375 0
v 2.6015625 1.4296875 0
v 2.5546875 1.3828125 0
v 2.5078125 1.3359375 0
v 2.4609375 1.1953125 0
v 2.5546875 1.2890625 0
v 2.4609375 1.2421875 0
v 2.5078125 1.2421875 0
v 2.5078125 1.2890625 0
v 2.4609375 1.2890625 0
v 2.4140625 1.1484375 0
v 2.4140625 1.1953125 0
v 2.3671875 1.1484375 0
v 2.4140625 1.2421875 0
v 2.3671875 1.1953125 0
v 2.3203125 1.1484375 0
v 2.6015625 1.1015625 0
v 2.5546875 1.1015625 0
v 2.5546875 1.0546875 0
v 2.5078125 1.1015625 0
v 2.4609375 1.1015625 0
v 2.4609375 1.0546875 0
v 2.5078125 1.0546875 0
v 2.5078125 1.0078125 0
v 2.4609375 1.0078125 0
v 2.4609375 0.9609375 0
v 2.4140625 1.1015625 0
v 2.3671875 1.1015625 0
v 2.3671875 1.0546875 0
v 2.3203125 1.1015625 0
v 2.2734375 1.1015625 0
v 2.2734375 1.0546875 0
v 2.3203125 1.0546875 0
v 2.3203125 1.0078125 0
v 2.2734375 1.0078125 0
v 2.2734375 0.9609375 0
v 2.4140625 0.9609375 0
v 2.4140625 1.0078125 0
v 2.3671875 0.9609375 0
v 2.4140625 1.0546875 0
v 2.3671875 1.0078125 0
v 2.3203125 0.9609375 0
v 2.4140625 0.9140625 0
v 2.3671875 0.9140625 0
v 2.3671875 0.8671875 0
v 2.3203125 0.9140625 0
v 2.2734375 0.9140625 0
v 2.2734375 0.8671875 0
v 2.3203125 0.8671875 0
v 2.3203125 0.8203125 0
v 2.2734375 0.8203125 0
v 2.2734375 0.7734375 0
v 2.2265625 1.4765625 0
v 2.1796875 1.4765625 0
v 2.1796875 1.4296875 0
v 2.1328125 1.4765625 0
v 2.0859375 1.4765625 0
v 2.0859375 1.4296875 0
v 2.1328125 1.4296875 0
v 2.1328125 1.3828125 0
v 2.0859375 1.3828125 0
v 2.0859375 1.3359375 0
v 2.0390625 1.4765625 0
v 1.9921875 1.4765625 0
v 1.9921875 1.4296875 0
v 1.9453125 1.4765625 0
v 1.8984375 1.4765625 0
v 1.8984375 1.4296875 0
v 1.9453125 1.4296875 0
v 1.9453125 1.3828125 0
v 1.8984375 1.3828125 0
v 1.8984375 1.3359375 0
v 2.0390625 1.3359375 0
v 2.0390625 1.3828125 0
v 1.9921875 1.3359375 0
v 2.0390625 1.4296875 0
v 1.9921875 1.3828125 0
v 1.9453125 1.3359375 0
v 2.0390625 1.2890625 0
v 1.9921875 1.2890625 0
v 1.9921875 1.2421875 0
v 1.9453125 1.2890625 0
v 1.8984375 1.2890625 0
v 1.8984375 1.2421875 0
v 1.9453125 1.2421875 0
v 1.9453125 1.1953125 0
v 1.8984375 1.1953125 0
v 1.8984375 1.1484375 0
v 1.8515625 1.4765625 0
v 1.8046875 1.4765625 0
v 1.8046875 1.4296875 0
v 1.7578125 1.4765625 0
v 1.7109375 1.4765625 0
v 1.7109375 1.4296875 0
v 1.7578125 1.4296875 0
v 1.7578125 1.3828125 0
v 1.7109375 1.3828125 0
v 1.7109375 1.3359375 0
v 1.6640625 1.4765625 0
v 1.6171875 1.4765625 0
v 1.6171875 1.4296875 0
v 1.5703125 1.4765625 0
v 1.5234375 1.4765625 0
v 1.5234375 1.4296875 0
v 1.5703125 1.4296875 0
v 1.5703125 1.3828125 0
v 1.5234375 1.3828125 0
v 1.5234375 1.3359375 0
v 1.6640625 1.3359375 0
v 1.6640625 1.3828125 0
v 1.6171875 1.3359375 0
v 1.6640625 1.4296875 0
v 1.6171875 1.3828125 0
v 1.5703125 1.3359375 0
v 1.6640625 1.2890625 0
v 1.6171875 1.2890625 0
v 1.6171875 1.2421875 0
v 1.5703125 1.2890625 0
v 1.5234375 1.2890625 0
v 1.5234375 1.2421875 0
v 1.5703125 1.2421875 0
v 1.5703125 1.1953125 0
v 1.5234375 1.1953125 0
v 1.5234375 1.1484375 0
v 1.8515625 1.1484375 0
v 1.8515625 1.1953125 0
v 1.8046875 1.1484375 0
v 1.8515625 1.2421875 0
v 1.8515625 1.2890625 0
v 1.8046875 1.2421875 0
v 1.8046875 1.1953125 0
v 1.7578125 1.1484375 0
v 1.7578125 1.1953125 0
v 1.7109375 1.1484375 0
v 1.8515625 1.3359375 0
v 1.8515625 1.3828125 0
v 1.8046875 1.3359375 0
v 1.8515625 1.4296875 0
v 1.8046875 1.3828125 0
v 1.7578125 1.3359375 0
v 1.7109375 1.1953125 0
v 1.8046875 1.2890625 0
v 1.7109375 1.2421875 0
v 1.7578125 1.2421875 0
v 1.7578125 1.2890625 0
v 1.7109375 1.2890625 0
v 1.6640625 1.1484375 0
v 1.6640625 1.1953125 0
v 1.6171875 1.1484375 0
v 1.6640625 1.2421875 0
v 1.6171875 1.1953125 0
v 1.5703125 1.1484375 0
v 1.8515625 1.1015625 0
v 1.8046875 1.1015625 0
v 1.8046875 1.0546875 0
v 1.7578125 1.1015625 0
v 1.7109375 1.1015625 0
v 1.7109375 1.0546875 0
v 1.7578125 1.0546875 0
v 1.7578125 1.0078125 0
v 1.7109375 1.0078125 0
v 1.7109375 0.9609375 0
v 1.6640625 1.1015625 0
v 1.6171875 1.1015625 0
v 1.6171875 1.0546875 0
v 1.5703125 1.1015625 0
v 1.5234375 1.1015625 0
v 1.5234375 1.0546875 0
v 1.5703125 1.0546875 0
v 1.5703125 1.0078125 0
v 1.5234375 1.0078125 0
v 1.5234375 0.9609375 0
v 1.6640625 0.9609375 0
v 1.6640625 1.0078125 0
v 1.6171875 0.9609375 0
v 1.6640625 1.0546875 0
v 1.6171875 1.0078125 0
v 1.5703125 0.9609375 0
v 1.6640625 0.9140625 0
v 1.6171875 0.9140625 0
v 1.6171875 0.8671875 0
v 1.5703125 0.9140625 0
v 1.5234375 0.9140625 0
v 1.5234375 0.8671875 0
v 1.5703125 0.8671875 0
v 1.5703125 0.8203125 0
v 1.5234375 0.8203125 0
v 1.5234375 0.7734375 0
v 2.2265625 0.7734375 0
v 2.2265625 0.8203125 0
v 2.1796875 0.7734375 0
v 2.2265625 0.8671875 0
v 2.2265625 0.9140625 0
v 2.1796875 0.8671875 0
v 2.1796875 0.8203125 0
v 2.1328125 0.7734375 0
v 2.1328125 0.8203125 0
v 2.0859375 0.7734375 0
v 2.2265625 0.9609375 0
v 2.2265625 1.0078125 0
v 2.1796875 0.9609375 0
v 2.2265625 1.0546875 0
v 2.2265625 1.1015625 0
v 2.1796875 1.0546875 0
v 2.1796875 1.0078125 0
v 2.1328125 0.9609375 0
v 2.1328125 1.0078125 0
v 2.0859375 0.9609375 0
v 2.0859375 0.8203125 0
v 2.1796875 0.9140625 0
v 2.0859375 0.8671875 0
v 2.1328125 0.8671875 0
v 2.1328125 0.9140625 0
v 2.0859375 0.9140625 0
v 2.0390625 0.7734375 0
v 2.0390625 0.8203125 0
v 1.9921875 0.7734375 0
v 2.0390625 0.8671875 0
v 2.0390625 0.9140625 0
v 1.9921875 0.8671875 0
v 1.9921875 0.8203125 0
v 1.9453125 0.7734375 0
v 1.9453125 0.8203125 0
v 1.8984375 0.7734375 0
v 2.2265625 1.1484375 0
v 2.2265625 1.1953125 0
v 2.1796875 1.1484375 0
v 2.2265625 1.2421875 0
v 2.2265625 1.2890625 0
v 2.1796875 1.2421875 0
v 2.1796875 1.1953125 0
v 2.1328125 1.1484375 0
v 2.1328125 1.1953125 0
v 2.0859375 1.1484375 0
v 2.2265625 1.3359375 0
v 2.2265625 1.3828125 0
v 2.1796875 1.3359375 0
v 2.2265625 1.4296875 0
v 2.1796875 1.3828125 0
v 2.1328125 1.3359375 0
v 2.0859375 1.1953125 0
v 2.1796875 1.2890625 0
v 2.0859375 1.2421875 0
v 2.1328125 1.2421875 0
v 2.1328125 1.2890625 0
v 2.0859375 1.2890625 0
v 2.0390625 1.1484375 0
v 2.0390625 1.1953125 0
v 1.9921875 1.1484375 0
v 2.0390625 1.2421875 0
v 1.9921875 1.1953125 0
v 1.9453125 1.1484375 0
v 1.8984375 0.8203125 0
v 1.9921875 0.9140625 0
v 1.8984375 0.8671875 0
v 1.9453125 0.8671875 0
v 1.9453125 0.9140625 0
v 1.8984375 0.9140625 0
v 2.0859375 1.0078125 0
v 2.1796875 1.1015625 0
v 2.0859375 1.0546875 0
v 2.1328125 1.0546875 0
v 2.1328125 1.1015625 0
v 2.0859375 1.1015625 0
v 1.8984375 0.9609375 0
v 1.9453125 0.9609375 0
v 1.9453125 1.0078125 0
v 1.9921875 0.9609375 0
v 2.0390625 0.9609375 0
v 2.0390625 1.0078125 0
v 1.9921875 1.0078125 0
v 1.9921875 1.0546875 0
v 2.0390625 1.0546875 0
v 2.0390625 1.1015625 0
v 1.8984375 1.0078125 0
v 1.9921875 1.1015625 0
v 1.8984375 1.0546875 0
v 1.9453125 1.0546875 0
v 1.9453125 1.1015625 0
v 1.8984375 1.1015625 0
v 1.8515625 0.7734375 0
v 1.8515625 0.8203125 0
v 1.8046875 0.7734375 0
v 1.8515625 0.8671875 0
v 1.8515625 0.9140625 0
v 1.8046875 0.8671875 0
v 1.8046875 0.8203125 0
v 1.7578125 0.7734375 0
v 1.7578125 0.8203125 0
v 1.7109375 0.7734375 0
v 1.8515625 0.9609375 0
v 1.8515625 1.0078125 0
v 1.8046875 0.9609375 0
v 1.8515625 1.0546875 0
v 1.8046875 1.0078125 0
v 1.7578125 0.9609375 0
v 1.7109375 0.8203125 0
v 1.8046875 0.9140625 0
v 1.7109375 0.8671875 0
v 1.7578125 0.8671875 0
v 1.7578125 0.9140625 0
v 1.7109375 0.9140625 0
v 1.6640625 0.7734375 0
v 1.6640625 0.8203125 0
v 1.6171875 0.7734375 0
v 1.6640625 0.8671875 0
v 1.6171875 0.8203125 0
v 1.5703125 0.7734375 0
v 2.2265625 0.7265625 0
v 2.1796875 0.7265625 0
v 2.1796875 0.6796875 0
v 2.1328125 0.7265625 0
v 2.0859375 0.7265625 0
v 2.0859375 0.6796875 0
v 2.1328125 0.6796875 0
v 2.1328125 0.6328125 0
v 2.0859375 0.6328125 0
v 2.0859375 0.5859375 0
v 2.0390625 0.7265625 0
v 1.9921875 0.7265625 0
v 1.9921875 0.6796875 0
v 1.9453125 0.7265625 0
v 1.8984375 0.7265625 0
v 1.8984375 0.6796875 0
v 1.9453125 0.6796875 0
v 1.9453125 0.6328125 0
v 1.8984375 0.6328125 0
v 1.8984375 0.5859375 0
v 2.0390625 0.5859375 0
v 2.0390625 0.6328125 0
v 1.9921875 0.5859375 0
v 2.0390625 0.6796875 0
v 1.9921875 0.6328125 0
v 1.9453125 0.5859375 0
v 2.0390625 0.5390625 0
v 1.9921875 0.5390625 0
v 1.9921875 0.4921875 0
v 1.9453125 0.5390625 0
v 1.8984375 0.5390625 0
v 1.8984375 0.4921875 0
v 1.9453125 0.4921875 0
v 1.9453125 0.4453125 0
v 1.8984375 0.4453125 0
v 1.8984375 0.3984375 0
v 1.8515625 0.7265625 0
v 1.8046875 0.7265625 0
v 1.8046875 0.6796875 0
v 1.7578125 0.7265625 0
v 1.7109375 0.7265625 0
v 1.7109375 0.6796875 0
v 1.7578125 0.6796875 0
v 1.7578125 0.6328125 0
v 1.7109375 0.6328125 0
v 1.7109375 0.5859375 0
v 1.6640625 0.7265625 0
v 1.6171875 0.7265625 0
v 1.6171875 0.6796875 0
v 1.5703125 0.7265625 0
v 1.5234375 0.7265625 0
v 1.5234375 0.6796875 0
v 1.5703125 0.6796875 0
v 1.5703125 0.6328125 0
v 1.5234375 0.6328125 0
v 1.5234375 0.5859375 0
v 1.6640625 0.5859375 0
v 1.6640625 0.6328125 0
v 1.6171875 0.5859375 0
v 1.6640625 0.6796875 0
v 1.6171875 0.6328125 0
v 1.5703125 0.5859375 0
v 1.6640625 0.5390625 0
v 1.6171875 0.5390625 0
v 1.6171875 0.4921875 0
v 1.5703125 0.5390625 0
v 1.5234375 0.5390625 0
v 1.5234375 0.4921875 0
v 1.5703125 0.4921875 0
v 1.5703125 0.4453125 0
v 1.5234375 0.4453125 0
v 1.5234375 0.3984375 0
v 1.8515625 0.3984375 0
v 1.8515625 0.4453125 0
v 1.8046875 0.3984375 0
v 1.8515625 0.4921875 0
v 1.8515625 0.5390625 0
v 1.8046875 0.4921875 0
v 1.8046875 0.4453125 0
v 1.7578125 0.3984375 0
v 1.7578125 0.4453125 0
v 1.7109375 0.3984375 0
v 1.8515625 0.5859375 0
v 1.8515625 0.6328125 0
v 1.8046875 0.5859375 0
v 1.8515625 0.6796875 0
v 1.8046875 0.6328125 0
v 1.7578125 0.5859375 0
v 1.7109375 0.4453125 0
v 1.8046875 0.5390625 0
v 1.7109375 0.4921875 0
v 1.7578125 0.4921875 0
v 1.7578125 0.5390625 0
v 1.7109375 0.5390625 0
v 1.6640625 0.3984375 0
v 1.6640625 0.4453125 0
v 1.6171875 0.3984375 0
v 1.6640625 0.4921875 0
v 1.6171875 0.4453125 0
v 1.5703125 0.3984375 0
v 1.8515625 0.3515625 0
v 1.8046875 0.3515625 0
v 1.8046875 0.3046875 0
v 1.7578125 0.3515625 0
v 1.7109375 0.3515625 0
v 1.7109375 0.3046875 0
v 1.7578125 0.3046875 0
v 1.7578125 0.2578125 0
v 1.7109375 0.2578125 0
v 1.7109375 0.2109375 0
v 1.6640625 0.3515625 0
v 1.6171875 0.3515625 0
v 1.6171875 0.3046875 0
v 1.5703125 0.3515625 0
v 1.5234375 0.3515625 0
v 1.5234375 0.3046875 0
v 1.5703125 0.3046875 0
v 1.5703125 0.2578125 0
v 1.5234375 0.2578125 0
v 1.5234375 0.2109375 0
v 1.6640625 0.2109375 0
v 1.6640625 0.2578125 0
v 1.6171875 0.2109375 0
v 1.6640625 0.3046875 0
v 1.6171875 0.2578125 0
v 1.5703125 0.2109375 0
v 1.6640625 0.1640625 0
v 1.6171875 0.1640625 0
v 1.6171875 0.1171875 0
v 1.5703125 0.1640625 0
v 1.5234375 0.1640625 0
v 1.5234375 0.1171875 0
v 1.5703125 0.1171875 0
v 1.5703125 0.0703125 0
v 1.5234375 0.0703125 0
v 1.5234375 0.0234375 0
v 2.9765625 1.4296875 0
v 2.8828125 1.3359375 0
v 2.9765625 1.3828125 0
v 2.9296875 1.3828125 0
v 2.9296875 1.3359375 0
v 2.9765625 1.3359375 0
v 2.7890625 1.2421875 0
v 2.6953125 1.1484375 0
v 2.7890625 1.1953125 0
v 2.7421875 1.1953125 0
v 2.7421875 1.1484375 0
v 2.7890625 1.1484375 0
v 2.9765625 1.2890625 0
v 2.9296875 1.2890625 0
v 2.9296875 1.2421875 0
v 2.8828125 1.2890625 0
v 2.8359375 1.2890625 0
v 2.8359375 1.2421875 0
v 2.8828125 1.2421875 0
v 2.8828125 1.1953125 0
v 2.8359375 1.1953125 0
v 2.8359375 1.1484375 0
v 2.9765625 1.2421875 0
v 2.8828125 1.1484375 0
v 2.9765625 1.1953125 0
v 2.9296875 1.1953125 0
v 2.9296875 1.1484375 0
v 2.9765625 1.1484375 0
v 2.6015625 1.0546875 0
v 2.5078125 0.9609375 0
v 2.6015625 1.0078125 0
v 2.5546875 1.0078125 0
v 2.5546875 0.9609375 0
v 2.6015625 0.9609375 0
v 2.4140625 0.8671875 0
v 2.3203125 0.7734375 0
v 2.4140625 0.8203125 0
v 2.3671875 0.8203125 0
v 2.3671875 0.7734375 0
v 2.4140625 0.7734375 0
v 2.6015625 0.9140625 0
v 2.5546875 0.9140625 0
v 2.5546875 0.8671875 0
v 2.5078125 0.9140625 0
v 2.4609375 0.9140625 0
v 2.4609375 0.8671875 0
v 2.5078125 0.8671875 0
v 2.5078125 0.8203125 0
v 2.4609375 0.8203125 0
v 2.4609375 0.7734375 0
v 2.6015625 0.8671875 0
v 2.5078125 0.7734375 0
v 2.6015625 0.8203125 0
v 2.5546875 0.8203125 0
v 2.5546875 0.7734375 0
v 2.6015625 0.7734375 0
v 2.9765625 1.1015625 0
v 2.9296875 1.1015625 0
v 2.9296875 1.0546875 0
v 2.8828125 1.1015625 0
v 2.8359375 1.1015625 0
v 2.8359375 1.0546875 0
v 2.8828125 1.0546875 0
v 2.8828125 1.0078125 0
v 2.8359375 1.0078125 0
v 2.8359375 0.9609375 0
v 2.7890625 1.1015625 0
v 2.7421875 1.1015625 0
v 2.7421875 1.0546875 0
v 2.6953125 1.1015625 0
v 2.6484375 1.1015625 0
v 2.6484375 1.0546875 0
v 2.6953125 1.0546875 0
v 2.6953125 1.0078125 0
v 2.6484375 1.0078125 0
v 2.6484375 0.9609375 0
v 2.7890625 0.9609375 0
v 2.7890625 1.0078125 0
v 2.7421875 0.9609375 0
v 2.7890625 1.0546875 0
v 2.7421875 1.0078125 0
v 2.6953125 0.9609375 0
v 2.7890625 0.9140625 0
v 2.7421875 0.9140625 0
v 2.7421875 0.8671875 0
v 2.6953125 0.9140625 0
v 2.6484375 0.9140625 0
v 2.6484375 0.8671875 0
v 2.6953125 0.8671875 0
v 2.6953125 0.8203125 0
v 2.6484375 0.8203125 0
v 2.6484375 0.7734375 0
v 2.9765625 1.0546875 0
v 2.8828125 0.9609375 0
v 2.9765625 1.0078125 0
v 2.9296875 1.0078125 0
v 2.9296875 0.9609375 0
v 2.9765625 0.9609375 0
v 2.7890625 0.8671875 0
v 2.6953125 0.7734375 0
v 2.7890625 0.8203125 0
v 2.7421875 0.8203125 0
v 2.7421875 0.7734375 0
v 2.7890625 0.7734375 0
v 2.9765625 0.9140625 0
v 2.9296875 0.9140625 0
v 2.9296875 0.8671875 0
v 2.8828125 0.9140625 0
v 2.8359375 0.9140625 0
v 2.8359375 0.8671875 0
v 2.8828125 0.8671875 0
v 2.8828125 0.8203125 0
v 2.8359375 0.8203125 0
v 2.8359375 0.7734375 0
v 2.9765625 0.8671875 0
v 2.8828125 0.7734375 0
v 2.9765625 0.8203125 0
v 2.9296875 0.8203125 0
v 2.9296875 0.7734375 0
v 2.9765625 0.7734375 0
v 2.2265625 0.6796875 0
v 2.1328125 0.5859375 0
v 2.2265625 0.6328125 0
v 2.1796875 0.6328125 0
v 2.1796875 0.5859375 0
v 2.2265625 0.5859375 0
v 2.0390625 0.4921875 0
v 1.9453125 0.3984375 0
v 2.0390625 0.4453125 0
v 1.9921875 0.4453125 0
v 1.9921875 0.3984375 0
v 2.0390625 0.3984375 0
v 2.2265625 0.5390625 0
v 2.1796875 0.5390625 0
v 2.1796875 0.4921875 0
v 2.1328125 0.5390625 0
v 2.0859375 0.5390625 0
v 2.0859375 0.4921875 0
v 2.1328125 0.4921875 0
v 2.1328125 0.4453125 0
v 2.0859375 0.4453125 0
v 2.0859375 0.3984375 0
v 2.2265625 0.4921875 0
v 2.1328125 0.3984375 0
v 2.2265625 0.4453125 0
v 2.1796875 0.4453125 0
v 2.1796875 0.3984375 0
v 2.2265625 0.3984375 0
v 1.8515625 0.3046875 0
v 1.7578125 0.2109375 0
v 1.8515625 0.2578125 0
v 1.8046875 0.2578125 0
v 1.8046875 0.2109375 0
v 1.8515625 0.2109375 0
v 1.6640625 0.1171875 0
v 1.5703125 0.0234375 0
v 1.6640625 0.0703125 0
v 1.6171875 0.0703125 0
v 1.6171875 0.0234375 0
v 1.6640625 0.0234375 0
v 1.8515625 0.1640625 0
v 1.8046875 0.1640625 0
v 1.8046875 0.1171875 0
v 1.7578125 0.1640625 0
v 1.7109375 0.1640625 0
v 1.7109375 0.1171875 0
v 1.7578125 0.1171875 0
v 1.7578125 0.0703125 0
v 1.7109375 0.0703125 0
v 1.7109375 0.0234375 0
v 1.8515625 0.1171875 0
v 1.7578125 0.0234375 0
v 1.8515625 0.0703125 0
v 1.8046875 0.0703125 0
v 1.8046875 0.0234375 0
v 1.8515625 0.0234375 0
v 2.2265625 0.3515625 0
v 2.1796875 0.3515625 0
v 2.1796875 0.3046875 0
v 2.1328125 0.3515625 0
v 2.0859375 0.3515625 0
v 2.0859375 0.3046875 0
v 2.1328125 0.3046875 0
v 2.1328125 0.2578125 0
v 2.0859375 0.2578125 0
v 2.0859375 0.2109375 0
v 2.0390625 0.3515625 0
v 1.9921875 0.3515625 0
v 1.9921875 0.3046875 0
v 1.9453125 0.3515625 0
v 1.8984375 0.3515625 0
v 1.8984375 0.3046875 0
v 1.9453125 0.3046875 0
v 1.9453125 0.2578125 0
v 1.8984375 0.2578125 0
v 1.8984375 0.2109375 0
v 2.0390625 0.2109375 0
v 2.0390625 0.2578125 0
v 1.9921875 0.2109375 0
v 2.0390625 0.3046875 0
v 1.9921875 0.2578125 0
v 1.9453125 0.2109375 0
v 2.0390625 0.1640625 0
v 1.9921875 0.1640625 0
v 1.9921875 0.1171875 0
v 1.9453125 0.1640625 0
v 1.8984375 0.1640625 0
v 1.8984375 0.1171875 0
v 1.9453125 0.1171875 0
v 1.9453125 0.0703125 0
v 1.8984375 0.0703125 0
v 1.8984375 0.0234375 0
v 2.2265625 0.3046875 0
v 2.1328125 0.2109375 0
v 2.2265625 0.2578125 0
v 2.1796875 0.2578125 0
v 2.1796875 0.2109375 0
v 2.2265625 0.2109375 0
v 2.0390625 0.1171875 0
v 1.9453125 0.0234375 0
v 2.0390625 0.0703125 0
v 1.9921875 0.0703125 0
v 1.9921875 0.0234375 0
v 2.0390625 0.0234375 0
v 2.2265625 0.1640625 0
v 2.1796875 0.1640625 0
v 2.1796875 0.1171875 0
v 2.1328125 0.1640625 0
v 2.0859375 0.1640625 0
v 2.0859375 0.1171875 0
v 2.1328125 0.1171875 0
v 2.1328125 0.0703125 0
v 2.0859375 0.0703125 0
v 2.0859375 0.0234375 0
v 2.2265625 0.1171875 0
v 2.1328125 0.0234375 0
v 2.2265625 0.0703125 0
v 2.1796875 0.0703125 0
v 2.1796875 0.0234375 0
v 2.2265625 0.0234375 0
v 2.9765625 0.7265625 0
v 2.9296875 0.7265625 0
v 2.9296875 0.6796875 0
v 2.8828125 0.7265625 0
v 2.8359375 0.7265625 0
v 2.8359375 0.6796875 0
v 2.8828125 0.6796875 0
v 2.8828125 0.6328125 0
v 2.8359375 0.6328125 0
v 2.8359375 0.5859375 0
v 2.7890625 0.7265625 0
v 2.7421875 0.7265625 0
v 2.7421875 0.6796875 0
v 2.6953125 0.7265625 0
v 2.6484375 0.7265625 0
v 2.6484375 0.6796875 0
v 2.6953125 0.6796875 0
v 2.6953125 0.6328125 0
v 2.6484375 0.6328125 0
v 2.6484375 0.5859375 0
v 2.7890625 0.5859375 0
v 2.7890625 0.6328125 0
v 2.7421875 0.5859375 0
v 2.7890625 0.6796875 0
v 2.7421875 0.6328125 0
v 2.6953125 0.5859375 0
v 2.7890625 0.5390625 0
v 2.7421875 0.5390625 0
v 2.7421875 0.4921875 0
v 2.6953125 0.5390625 0
v 2.6484375 0.5390625 0
v 2.6484375 0.4921875 0
v 2.6953125 0.4921875 0
v 2.6953125 0.4453125 0
v 2.6484375 0.4453125 0
v 2.6484375 0.3984375 0
v 2.6015625 0.7265625 0
v 2.5546875 0.7265625 0
v 2.5546875 0.6796875 0
v 2.5078125 0.7265625 0
v 2.4609375 0.7265625 0
v 2.4609375 0.6796875 0
v 2.5078125 0.6796875 0
v 2.5078125 0.6328125 0
v 2.4609375 0.6328125 0
v 2.4609375 0.5859375 0
v 2.4140625 0.7265625 0
v 2.3671875 0.7265625 0
v 2.3671875 0.6796875 0
v 2.3203125 0.7265625 0
v 2.2734375 0.7265625 0
v 2.2734375 0.6796875 0
v 2.3203125 0.6796875 0
v 2.3203125 0.6328125 0
v 2.2734375 0.6328125 0
v 2.2734375 0.5859375 0
v 2.4140625 0.5859375 0
v 2.4140625 0.6328125 0
v 2.3671875 0.5859375 0
v 2.4140625 0.6796875 0
v 2.3671875 0.6328125 0
v 2.3203125 0.5859375 0
v 2.4140625 0.5390625 0
v 2.3671875 0.5390625 0
v 2.3671875 0.4921875 0
v 2.3203125 0.5390625 0
v 2.2734375 0.5390625 0
v 2.2734375 0.4921875 0
v 2.3203125 0.4921875 0
v 2.3203125 0.4453125 0
v 2.2734375 0.4453125 0
v 2.2734375 0.3984375 0
v 2.6015625 0.3984375 0
v 2.6015625 0.4453125 0
v 2.5546875 0.3984375 0
v 2.6015625 0.4921875 0
v 2.6015625 0.5390625 0
v 2.5546875 0.4921875 0
v 2.5546875 0.4453125 0
v 2.5078125 0.3984375 0
v 2.5078125 0.4453125 0
v 2.4609375 0.3984375 0
v 2.6015625 0.5859375 0
v 2.6015625 0.6328125 0
v 2.5546875 0.5859375 0
v 2.6015625 0.6796875 0
v 2.5546875 0.6328125 0
v 2.5078125 0.5859375 0
v 2.4609375 0.4453125 0
v 2.5546875 0.5390625 0
v 2.4609375 0.4921875 0
v 2.5078125 0.4921875 0
v 2.5078125 0.5390625 0
v 2.4609375 0.5390625 0
v 2.4140625 0.3984375 0
v 2.4140625 0.4453125 0
v 2.3671875 0.3984375 0
v 2.4140625 0.4921875 0
v 2.3671875 0.4453125 0
v 2.3203125 0.3984375 0
v 2.6015625 0.3515625 0
v 2.5546875 0.3515625 0
v 2.5546875 0.3046875 0
v 2.5078125 0.3515625 0
v 2.4609375 0.3515625 0
v 2.4609375 0.3046875 0
v 2.5078125 0.3046875 0
v 2.5078125 0.2578125 0
v 2.4609375 0.2578125 0
v 2.4609375 0.2109375 0
v 2.4140625 0.3515625 0
v 2.3671875 0.3515625 0
v 2.3671875 0.3046875 0
v 2.3203125 0.3515625 0
v 2.2734375 0.3515625 0
v 2.2734375 0.3046875 0
v 2.3203125 0.3046875 0
v 2.3203125 0.2578125 0
v 2.2734375 0.2578125 0
v 2.2734375 0.2109375 0
v 2.4140625 0.2109375 0
v 2.4140625 0.2578125 0
v 2.3671875 0.2109375 0
v 2.4140625 0.3046875 0
v 2.3671875 0.2578125 0
v 2.3203125 0.2109375 0
v 2.4140625 0.1640625 0
v 2.3671875 0.1640625 0
v 2.3671875 0.1171875 0
v 2.3203125 0.1640625 0
v 2.2734375 0.1640625 0
v 2.2734375 0.1171875 0
v 2.3203125 0.1171875 0
v 2.3203125 0.0703125 0
v 2.2734375 0.0703125 0
v 2.2734375 0.0234375 0
v 2.9765625 0.6796875 0
v 2.8828125 0.5859375 0
v 2.9765625 0.6328125 0
v 2.9296875 0.6328125 0
v 2.9296875 0.5859375 0
v 2.9765625 0.5859375 0
v 2.7890625 0.4921875 0
v 2.6953125 0.3984375 0
v 2.7890625 0.4453125 0
v 2.7421875 0.4453125 0
v 2.7421875 0.3984375 0
v 2.7890625 0.3984375 0
v 2.9765625 0.5390625 0
v 2.9296875 0.5390625 0
v 2.9296875 0.4921875 0
v 2.8828125 0.5390625 0
v 2.8359375 0.5390625 0
v 2.8359375 0.4921875 0
v 2.8828125 0.4921875 0
v 2.8828125 0.4453125 0
v 2.8359375 0.4453125 0
v 2.8359375 0.3984375 0
v 2.9765625 0.4921875 0
v 2.8828125 0.3984375 0
v 2.9765625 0.4453125 0
v 2.9296875 0.4453125 0
v 2.9296875 0.3984375 0
v 2.9765625 0.3984375 0
v 2.6015625 0.3046875 0
v 2.5078125 0.2109375 0
v 2.6015625 0.2578125 0
v 2.5546875 0.2578125 0
v 2.5546875 0.2109375 0
v 2.6015625 0.2109375 0
v 2.4140625 0.1171875 0
v 2.3203125 0.0234375 0
v 2.4140625 0.0703125 0
v 2.3671875 0.0703125 0
v 2.3671875 0.0234375 0
v 2.4140625 0.0234375 0
v 2.6015625 0.1640625 0
v 2.5546875 0.1640625 0
v 2.5546875 0.1171875 0
v 2.5078125 0.1640625 0
v 2.4609375 0.1640625 0
v 2.4609375 0.1171875 0
v 2.5078125 0.1171875 0
v 2.5078125 0.0703125 0
v 2.4609375 0.0703125 0
v 2.4609375 0.0234375 0
v 2.6015625 0.1171875 0
v 2.5078125 0.0234375 0
v 2.6015625 0.0703125 0
v 2.5546875 0.0703125 0
v 2.5546875 0.0234375 0
v 2.6015625 0.0234375 0
v 2.9765625 0.3515625 0
v 2.9296875 0.3515625 0
v 2.9296875 0.3046875 0
v 2.8828125 0.3515625 0
v 2.8359375 0.3515625 0
v 2.8359375 0.3046875 0
v 2.8828125 0.3046875 0
v 2.8828125 0.2578125 0
v 2.8359375 0.2578125 0
v 2.8359375 0.2109375 0
v 2.7890625 0.3515625 0
v 2.7421875 0.3515625 0
v 2.7421875 0.3046875 0
v 2.6953125 0.3515625 0
v 2.6484375 0.3515625 0
v 2.6484375 0.3046875 0
v 2.6953125 0.3046875 0
v 2.6953125 0.2578125 0
v 2.6484375 0.2578125 0
v 2.6484375 0.2109375 0
v 2.7890625 0.2109375 0
v 2.7890625 0.2578125 0
v 2.7421875 0.2109375 0
v 2.7890625 0.3046875 0
v 2.7421875 0.2578125 0
v 2.6953125 0.2109375 0
v 2.7890625 0.1640625 0
v 2.7421875 0.1640625 0
v 2.7421875 0.1171875 0
v 2.6953125 0.1640625 0
v 2.6484375 0.1640625 0
v 2.6484375 0.1171875 0
v 2.6953125 0.1171875 0
v 2.6953125 0.0703125 0
v 2.6484375 0.0703125 0
v 2.6484375 0.0234375 0
v 2.9765625 0.3046875 0
v 2.8828125 0.2109375 0
v 2.9765625 0.2578125 0
v 2.9296875 0.2578125 0
v 2.9296875 0.2109375 0
v 2.9765625 0.2109375 0
v 2.7890625 0.1171875 0
v 2.6953125 0.0234375 0
v 2.7890625 0.0703125 0
v 2.7421875 0.0703125 0
v 2.7421875 0.0234375 0
v 2.7890625 0.0234375 0
v 2.9765625 0.1640625 0
v 2.9296875 0.1640625 0
v 2.9296875 0.1171875 0
v 2.8828125 0.1640625 0
v 2.8359375 0.1640625 0
v 2.8359375 0.1171875 0
v 2.8828125 0.1171875 0
v 2.8828125 0.0703125 0
v 2.8359375 0.0703125 0
v 2.8359375 0.0234375 0
v 2.9765625 0.1171875 0
v 2.8828125 0.0234375 0
v 2.9765625 0.0703125 0
v 2.9296875 0.0703125 0
v 2.9296875 0.0234375 0
v 2.9765625 0.0234375 0
v 0.0234375 2.9765625 0
v 0.0234375 2.9296875 0
v 0.0703125 2.9765625 0
v 0.0234375 2.8828125 0
v 0.0234375 2.8359375 0
v 0.0703125 2.8828125 0
v 0.0703125 2.9296875 0
v 0.1171875 2.9765625 0
v 0.1171875 2.9296875 0
v 0.1640625 2.9765625 0
v 0.0234375 2.7890625 0
v 0.0234375 2.7421875 0
v 0.0703125 2.7890625 0
v 0.0234375 2.6953125 0
v 0.0234375 2.6484375 0
v 0.0703125 2.6953125 0
v 0.0703125 2.7421875 0
v 0.1171875 2.7890625 0
v 0.1171875 2.7421875 0
v 0.1640625 2.7890625 0
v 0.1640625 2.9296875 0
v 0.0703125 2.8359375 0
v 0.1640625 2.8828125 0
v 0.1171875 2.8828125 0
v 0.1171875 2.8359375 0
v 0.1640625 2.8359375 0
v 0.2109375 2.9765625 0
v 0.2109375 2.9296875 0
v 0.2578125 2.9765625 0
v 0.2109375 2.8828125 0
v 0.2109375 2.8359375 0
v 0.2578125 2.8828125 0
v 0.2578125 2.9296875 0
v 0.3046875 2.9765625 0
v 0.3046875 2.9296875 0
v 0.3515625 2.9765625 0
v 0.0234375 2.6015625 0
v 0.0234375 2.5546875 0
v 0.0703125 2.6015625 0
v 0.0234375 2.5078125 0
v 0.0234375 2.4609375 0
v 0.0703125 2.5078125 0
v 0.0703125 2.5546875 0
v 0.1171875 2.6015625 0
v 0.1171875 2.5546875 0
v 0.1640625 2.6015625 0
v 0.0234375 2.4140625 0
v 0.0234375 2.3671875 0
v 0.0703125 2.4140625 0
v 0.0234375 2.3203125 0
v 0.0234375 2.2734375 0
v 0.0703125 2.3203125 0
v 0.0703125 2.3671875 0
v 0.1171875 2.4140625 0
v 0.1171875 2.3671875 0
v 0.1640625 2.4140625 0
v 0.1640625 2.5546875 0
v 0.0703125 2.4609375 0
v 0.1640625 2.5078125 0
v 0.1171875 2.5078125 0
v 0.1171875 2.4609375 0
v 0.1640625 2.4609375 0
v 0.2109375 2.6015625 0
v 0.2109375 2.5546875 0
v 0.2578125 2.6015625 0
v 0.2109375 2.5078125 0
v 0.2109375 2.4609375 0
v 0.2578125 2.5078125 0
v 0.2578125 2.5546875 0
v 0.3046875 2.6015625 0
v 0.3046875 2.5546875 0
v 0.3515625 2.6015625 0
v 0.3515625 2.9296875 0
v 0.2578125 2.8359375 0
v 0.3515625 2.8828125 0
v 0.3046875 2.8828125 0
v 0.3046875 2.8359375 0
v 0.3515625 2.8359375 0
v 0.1640625 2.7421875 0
v 0.0703125 2.6484375 0
v 0.1640625 2.6953125 0
v 0.1171875 2.6953125 0
v 0.1171875 2.6484375 0
v 0.1640625 2.6484375 0
v 0.3515625 2.7890625 0
v 0.3046875 2.7890625 0
v 0.3046875 2.7421875 0
v 0.2578125 2.7890625 0
v 0.2109375 2.7890625 0
v 0.2109375 2.7421875 0
v 0.2578125 2.7421875 0
v 0.2578125 2.6953125 0
v 0.2109375 2.6953125 0
v 0.2109375 2.6484375 0
v 0.3515625 2.7421875 0
v 0.2578125 2.6484375 0
v 0.3515625 2.6953125 0
v 0.3046875 2.6953125 0
v 0.3046875 2.6484375 0
v 0.3515625 2.6484375 0
v 0.3984375 2.9765625 0
v 0.3984375 2.9296875 0
v 0.4453125 2.9765625 0
v 0.3984375 2.8828125 0
v 0.3984375 2.8359375 0
v 0.4453125 2.8828125 0
v 0.4453125 2.9296875 0
v 0.4921875 2.9765625 0
v 0.4921875 2.9296875 0
v 0.5390625 2.9765625 0
v 0.3984375 2.7890625 0
v 0.3984375 2.7421875 0
v 0.4453125 2.7890625 0
v 0.3984375 2.6953125 0
v 0.3984375 2.6484375 0
v 0.4453125 2.6953125 0
v 0.4453125 2.7421875 0
v 0.4921875 2.7890625 0
v 0.4921875 2.7421875 0
v 0.5390625 2.7890625 0
v 0.5390625 2.9296875 0
v 0.4453125 2.8359375 0
v 0.5390625 2.8828125 0
v 0.4921875 2.8828125 0
v 0.4921875 2.8359375 0
v 0.5390625 2.8359375 0
v 0.5859375 2.9765625 0
v 0.5859375 2.9296875 0
v 0.6328125 2.9765625 0
v 0.5859375 2.8828125 0
v 0.5859375 2.8359375 0
v 0.6328125 2.8828125 0
v 0.6328125 2.9296875 0
v 0.6796875 2.9765625 0
v 0.6796875 2.9296875 0
v 0.7265625 2.9765625 0
v 0.0234375 2.2265625 0
v 0.0234375 2.1796875 0
v 0.0703125 2.2265625 0
v 0.0234375 2.1328125 0
v 0.0234375 2.0859375 0
v 0.0703125 2.1328125 0
v 0.0703125 2.1796875 0
v 0.1171875 2.2265625 0
v 0.1171875 2.1796875 0
v 0.1640625 2.2265625 0
v 0.0234375 2.0390625 0
v 0.0234375 1.9921875 0
v 0.0703125 2.0390625 0
v 0.0234375 1.9453125 0
v 0.0234375 1.8984375 0
v 0.0703125 1.9453125 0
v 0.0703125 1.9921875 0
v 0.1171875 2.0390625 0
v 0.1171875 1.9921875 0
v 0.1640625 2.0390625 0
v 0.1640625 2.1796875 0
v 0.0703125 2.0859375 0
v 0.1640625 2.1328125 0
v 0.1171875 2.1328125 0
v 0.1171875 2.0859375 0
v 0.1640625 2.0859375 0
v 0.2109375 2.2265625 0
v 0.2109375 2.1796875 0
v 0.2578125 2.2265625 0
v 0.2109375 2.1328125 0
v 0.2109375 2.0859375 0
v 0.2578125 2.1328125 0
v 0.2578125 2.1796875 0
v 0.3046875 2.2265625 0
v 0.3046875 2.1796875 0
v 0.3515625 2.2265625 0
v 0.0234375 1.8515625 0
v 0.0234375 1.8046875 0
v 0.0703125 1.8515625 0
v 0.0234375 1.7578125 0
v 0.0234375 1.7109375 0
v 0.0703125 1.7578125 0
v 0.0703125 1.8046875 0
v 0.1171875 1.8515625 0
v 0.1171875 1.8046875 0
v 0.1640625 1.8515625 0
v 0.0234375 1.6640625 0
v 0.0234375 1.6171875 0
v 0.0703125 1.6640625 0
v 0.0234375 1.5703125 0
v 0.0234375 1.5234375 0
v 0.0703125 1.5703125 0
v 0.0703125 1.6171875 0
v 0.1171875 1.6640625 0
v 0.1171875 1.6171875 0
v 0.1640625 1.6640625 0
v 0.1640625 1.8046875 0
v 0.0703125 1.7109375 0
v 0.1640625 1.7578125 0
v 0.1171875 1.7578125 0
v 0.1171875 1.7109375 0
v 0.1640625 1.7109375 0
v 0.2109375 1.8515625 0
v 0.2109375 1.8046875 0
v 0.2578125 1.8515625 0
v 0.2109375 1.7578125 0
v 0.2109375 1.7109375 0
v 0.2578125 1.7578125 0
v 0.2578125 1.8046875 0
v 0.3046875 1.8515625 0
v 0.3046875 1.8046875 0
v 0.3515625 1.8515625 0
v 0.3515625 2.1796875 0
v 0.2578125 2.0859375 0
v 0.3515625 2.1328125 0
v 0.3046875 2.1328125 0
v 0.3046875 2.0859375 0
v 0.3515625 2.0859375 0
v 0.1640625 1.9921875 0
v 0.0703125 1.8984375 0
v 0.1640625 1.9453125 0
v 0.1171875 1.9453125 0
v 0.1171875 1.8984375 0
v 0.1640625 1.8984375 0
v 0.3515625 2.0390625 0
v 0.3046875 2.0390625 0
v 0.3046875 1.9921875 0
v 0.2578125 2.0390625 0
v 0.2109375 2.0390625 0
v 0.2109375 1.9921875 0
v 0.2578125 1.9921875 0
v 0.2578125 1.9453125 0
v 0.2109375 1.9453125 0
v 0.2109375 1.8984375 0
v 0.3515625 1.9921875 0
v 0.2578125 1.8984375 0
v 0.3515625 1.9453125 0
v 0.3046875 1.9453125 0
v 0.3046875 1.8984375 0
v 0.3515625 1.8984375 0
v 0.3984375 2.2265625 0
v 0.3984375 2.1796875 0
v 0.4453125 2.2265625 0
v 0.3984375 2.1328125 0
v 0.3984375 2.0859375 0
v 0.4453125 2.1328125 0
v 0.4453125 2.1796875 0
v 0.4921875 2.2265625 0
v 0.4921875 2.1796875 0
v 0.5390625 2.2265625 0
v 0.3984375 2.0390625 0
v 0.3984375 1.9921875 0
v 0.4453125 2.0390625 0
v 0.3984375 1.9453125 0
v 0.3984375 1.8984375 0
v 0.4453125 1.9453125 0
v 0.4453125 1.9921875 0
v 0.4921875 2.0390625 0
v 0.4921875 1.9921875 0
v 0.5390625 2.0390625 0
v 0.5390625 2.1796875 0
v 0.4453125 2.0859375 0
v 0.5390625 2.1328125 0
v 0.4921875 2.1328125 0
v 0.4921875 2.0859375 0
v 0.5390625 2.0859375 0
v 0.5859375 2.2265625 0
v 0.5859375 2.1796875 0
v 0.6328125 2.2265625 0
v 0.5859375 2.1328125 0
v 0.5859375 2.0859375 0
v 0.6328125 2.1328125 0
v 0.6328125 2.1796875 0
v 0.6796875 2.2265625 0
v 0.6796875 2.1796875 0
v 0.7265625 2.2265625 0
v 0.7265625 2.9296875 0
v 0.6328125 2.8359375 0
v 0.7265625 2.8828125 0
v 0.6796875 2.8828125 0
v 0.6796875 2.8359375 0
v 0.7265625 2.8359375 0
v 0.5390625 2.7421875 0
v 0.4453125 2.6484375 0
v 0.5390625 2.6953125 0
v 0.4921875 2.6953125 0
v 0.4921875 2.6484375 0
v 0.5390625 2.6484375 0
v 0.7265625 2.7890625 0
v 0.6796875 2.7890625 0
v 0.6796875 2.7421875 0
v 0.6328125 2.7890625 0
v 0.5859375 2.7890625 0
v 0.5859375 2.7421875 0
v 0.6328125 2.7421875 0
v 0.6328125 2.6953125 0
v 0.5859375 2.6953125 0
v 0.5859375 2.6484375 0
v 0.7265625 2.7421875 0
v 0.6328125 2.6484375 0
v 0.7265625 2.6953125 0
v 0.6796875 2.6953125 0
v 0.6796875 2.6484375 0
v 0.7265625 2.6484375 0
v 0.3515625 2.5546875 0
v 0.2578125 2.4609375 0
v 0.3515625 2.5078125 0
v 0.3046875 2.5078125 0
v 0.3046875 2.4609375 0
v 0.3515625 2.4609375 0
v 0.1640625 2.3671875 0
v 0.0703125 2.2734375 0
v 0.1640625 2.3203125 0
v 0.1171875 2.3203125 0
v 0.1171875 2.2734375 0
v 0.1640625 2.2734375 0
v 0.3515625 2.4140625 0
v 0.3046875 2.4140625 0
v 0.3046875 2.3671875 0
v 0.2578125 2.4140625 0
v 0.2109375 2.4140625 0
v 0.2109375 2.3671875 0
v 0.2578125 2.3671875 0
v 0.2578125 2.3203125 0
v 0.2109375 2.3203125 0
v 0.2109375 2.2734375 0
v 0.3515625 2.3671875 0
v 0.2578125 2.2734375 0
v 0.3515625 2.3203125 0
v 0.3046875 2.3203125 0
v 0.3046875 2.2734375 0
v 0.3515625 2.2734375 0
v 0.7265625 2.6015625 0
v 0.6796875 2.6015625 0
v 0.6796875 2.5546875 0
v 0.6328125 2.6015625 0
v 0.5859375 2.6015625 0
v 0.5859375 2.5546875 0
v 0.6328125 2.5546875 0
v 0.6328125 2.5078125 0
v 0.5859375 2.5078125 0
v 0.5859375 2.4609375 0
v 0.5390625 2.6015625 0
v 0.4921875 2.6015625 0
v 0.4921875 2.5546875 0
v 0.4453125 2.6015625 0
v 0.3984375 2.6015625 0
v 0.3984375 2.5546875 0
v 0.4453125 2.5546875 0
v 0.4453125 2.5078125 0
v 0.3984375 2.5078125 0
v 0.3984375 2.4609375 0
v 0.5390625 2.4609375 0
v 0.5390625 2.5078125 0
v 0.4921875 2.4609375 0
v 0.5390625 2.5546875 0
v 0.4921875 2.5078125 0
v 0.4453125 2.4609375 0
v 0.5390625 2.4140625 0
v 0.4921875 2.4140625 0
v 0.4921875 2.3671875 0
v 0.4453125 2.4140625 0
v 0.3984375 2.4140625 0
v 0.3984375 2.3671875 0
v 0.4453125 2.3671875 0
v 0.4453125 2.3203125 0
v 0.3984375 2.3203125 0
v 0.3984375 2.2734375 0
v 0.7265625 2.5546875 0
v 0.6328125 2.4609375 0
v 0.7265625 2.5078125 0
v 0.6796875 2.5078125 0
v 0.6796875 2.4609375 0
v 0.7265625 2.4609375 0
v 0.5390625 2.3671875 0
v 0.4453125 2.2734375 0
v 0.5390625 2.3203125 0
v 0.4921875 2.3203125 0
v 0.4921875 2.2734375 0
v 0.5390625 2.2734375 0
v 0.7265625 2.4140625 0
v 0.6796875 2.4140625 0
v 0.6796875 2.3671875 0
v 0.6328125 2.4140625 0
v 0.5859375 2.4140625 0
v 0.5859375 2.3671875 0
v 0.6328125 2.3671875 0
v 0.6328125 2.3203125 0
v 0.5859375 2.3203125 0
v 0.5859375 2.2734375 0
v 0.7265625 2.3671875 0
v 0.6328125 2.2734375 0
v 0.7265625 2.3203125 0
v 0.6796875 2.3203125 0
v 0.6796875 2.2734375 0
v 0.7265625 2.2734375 0
v 0.7734375 2.9765625 0
v 0.7734375 2.9296875 0
v 0.8203125 2.9765625 0
v 0.7734375 2.8828125 0
v 0.7734375 2.8359375 0
v 0.8203125 2.8828125 0
v 0.8203125 2.9296875 0
v 0.8671875 2.9765625 0
v 0.8671875 2.9296875 0
v 0.9140625 2.9765625 0
v 0.7734375 2.7890625 0
v 0.7734375 2.7421875 0
v 0.8203125 2.7890625 0
v 0.7734375 2.6953125 0
v 0.7734375 2.6484375 0
v 0.8203125 2.6953125 0
v 0.8203125 2.7421875 0
v 0.8671875 2.7890625 0
v 0.8671875 2.7421875 0
v 0.9140625 2.7890625 0
v 0.9140625 2.9296875 0
v 0.8203125 2.8359375 0
v 0.9140625 2.8828125 0
v 0.8671875 2.8828125 0
v 0.8671875 2.8359375 0
v 0.9140625 2.8359375 0
v 0.9609375 2.9765625 0
v 0.9609375 2.9296875 0
v 1.0078125 2.9765625 0
v 0.9609375 2.8828125 0
v 0.9609375 2.8359375 0
v 1.0078125 2.8828125 0
v 1.0078125 2.9296875 0
v 1.0546875 2.9765625 0
v 1.0546875 2.9296875 0
v 1.1015625 2.9765625 0
v 0.7734375 2.6015625 0
v 0.7734375 2.5546875 0
v 0.8203125 2.6015625 0
v 0.7734375 2.5078125 0
v 0.7734375 2.4609375 0
v 0.8203125 2.5078125 0
v 0.8203125 2.5546875 0
v 0.8671875 2.6015625 0
v 0.8671875 2.5546875 0
v 0.9140625 2.6015625 0
v 0.7734375 2.4140625 0
v 0.7734375 2.3671875 0
v 0.8203125 2.4140625 0
v 0.7734375 2.3203125 0
v 0.7734375 2.2734375 0
v 0.8203125 2.3203125 0
v 0.8203125 2.3671875 0
v 0.8671875 2.4140625 0
v 0.8671875 2.3671875 0
v 0.9140625 2.4140625 0
v 0.9140625 2.5546875 0
v 0.8203125 2.4609375 0
v 0.9140625 2.5078125 0
v 0.8671875 2.5078125 0
v 0.8671875 2.4609375 0
v 0.9140625 2.4609375 0
v 0.9609375 2.6015625 0
v 0.9609375 2.5546875 0
v 1.0078125 2.6015625 0
v 0.9609375 2.5078125 0
v 0.9609375 2.4609375 0
v 1.0078125 2.5078125 0
v 1.0078125 2.5546875 0
v 1.0546875 2.6015625 0
v 1.0546875 2.5546875 0
v 1.1015625 2.6015625 0
v 1.1015625 2.9296875 0
v 1.0078125 2.8359375 0
v 1.1015625 2.8828125 0
v 1.0546875 2.8828125 0
v 1.0546875 2.8359375 0
v 1.1015625 2.8359375 0
v 0.9140625 2.7421875 0
v 0.8203125 2.6484375 0
v 0.9140625 2.6953125 0
v 0.8671875 2.6953125 0
v 0.8671875 2.6484375 0
v 0.9140625 2.6484375 0
v 1.1015625 2.7890625 0
v 1.0546875 2.7890625 0
v 1.0546875 2.7421875 0
v 1.0078125 2.7890625 0
v 0.9609375 2.7890625 0
v 0.9609375 2.7421875 0
v 1.0078125 2.7421875 0
v 1.0078125 2.6953125 0
v 0.9609375 2.6953125 0
v 0.9609375 2.6484375 0
v 1.1015625 2.7421875 0
v 1.0078125 2.6484375 0
v 1.1015625 2.6953125 0
v 1.0546875 2.6953125 0
v 1.0546875 2.6484375 0
v 1.1015625 2.6484375 0
v 1.1484375 2.9765625 0
v 1.1484375 2.9296875 0
v 1.1953125 2.9765625 0
v 1.1484375 2.8828125 0
v 1.1484375 2.8359375 0
v 1.1953125 2.8828125 0
v 1.1953125 2.9296875 0
v 1.2421875 2.9765625 0
v 1.2421875 2.9296875 0
v 1.2890625 2.9765625 0
v 1.1484375 2.7890625 0
v 1.1484375 2.7421875 0
v 1.1953125 2.7890625 0
v 1.1484375 2.6953125 0
v 1.1484375 2.6484375 0
v 1.1953125 2.6953125 0
v 1.1953125 2.7421875 0
v 1.2421875 2.7890625 0
v 1.2421875 2.7421875 0
v 1.2890625 2.7890625 0
v 1.2890625 2.9296875 0
v 1.1953125 2.8359375 0
v 1.2890625 2.8828125 0
v 1.2421875 2.8828125 0
v 1.2421875 2.8359375 0
v 1.2890625 2.8359375 0
v 1.3359375 2.9765625 0
v 1.3359375 2.9296875 0
v 1.3828125 2.9765625 0
v 1.3359375 2.8828125 0
v 1.3359375 2.8359375 0
v 1.3828125 2.8828125 0
v 1.3828125 2.9296875 0
v 1.4296875 2.9765625 0
v 1.4296875 2.9296875 0
v 1.4765625 2.9765625 0
v 0.0234375 1.4765625 0
v 0.0234375 1.4296875 0
v 0.0703125 1.4765625 0
v 0.0234375 1.3828125 0
v 0.0234375 1.3359375 0
v 0.0703125 1.3828125 0
v 0.0703125 1.4296875 0
v 0.1171875 1.4765625 0
v 0.1171875 1.4296875 0
v 0.1640625 1.4765625 0
v 0.0234375 1.2890625 0
v 0.0234375 1.2421875 0
v 0.0703125 1.2890625 0
v 0.0234375 1.1953125 0
v 0.0234375 1.1484375 0
v 0.0703125 1.1953125 0
v 0.0703125 1.2421875 0
v 0.1171875 1.2890625 0
v 0.1171875 1.2421875 0
v 0.1640625 1.2890625 0
v 0.1640625 1.4296875 0
v 0.0703125 1.3359375 0
v 0.1640625 1.3828125 0
v 0.1171875 1.3828125 0
v 0.1171875 1.3359375 0
v 0.1640625 1.3359375 0
v 0.2109375 1.4765625 0
v 0.2109375 1.4296875 0
v 0.2578125 1.4765625 0
v 0.2109375 1.3828125 0
v 0.2109375 1.3359375 0
v 0.2578125 1.3828125 0
v 0.2578125 1.4296875 0
v 0.3046875 1.4765625 0
v 0.3046875 1.4296875 0
v 0.3515625 1.4765625 0
v 0.0234375 1.1015625 0
v 0.0234375 1.0546875 0
v 0.0703125 1.1015625 0
v 0.0234375 1.0078125 0
v 0.0234375 0.9609375 0
v 0.0703125 1.0078125 0
v 0.0703125 1.0546875 0
v 0.1171875 1.1015625 0
v 0.1171875 1.0546875 0
v 0.1640625 1.1015625 0
v 0.0234375 0.9140625 0
v 0.0234375 0.8671875 0
v 0.0703125 0.9140625 0
v 0.0234375 0.8203125 0
v 0.0234375 0.7734375 0
v 0.0703125 0.8203125 0
v 0.0703125 0.8671875 0
v 0.1171875 0.9140625 0
v 0.1171875 0.8671875 0
v 0.1640625 0.9140625 0
v 0.1640625 1.0546875 0
v 0.0703125 0.9609375 0
v 0.1640625 1.0078125 0
v 0.1171875 1.0078125 0
v 0.1171875 0.9609375 0
v 0.1640625 0.9609375 0
v 0.2109375 1.1015625 0
v 0.2109375 1.0546875 0
v 0.2578125 1.1015625 0
v 0.2109375 1.0078125 0
v 0.2109375 0.9609375 0
v 0.2578125 1.0078125 0
v 0.2578125 1.0546875 0
v 0.3046875 1.1015625 0
v 0.3046875 1.0546875 0
v 0.3515625 1.1015625 0
v 0.3515625 1.4296875 0
v 0.2578125 1.3359375 0
v 0.3515625 1.3828125 0
v 0.3046875 1.3828125 0
v 0.3046875 1.3359375 0
v 0.3515625 1.3359375 0
v 0.1640625 1.2421875 0
v 0.0703125 1.1484375 0
v 0.1640625 1.1953125 0
v 0.1171875 1.1953125 0
v 0.1171875 1.1484375 0
v 0.1640625 1.1484375 0
v 0.3515625 1.2890625 0
v 0.3046875 1.2890625 0
v 0.3046875 1.2421875 0
v 0.2578125 1.2890625 0
v 0.2109375 1.2890625 0
v 0.2109375 1.2421875 0
v 0.2578125 1.2421875 0
v 0.2578125 1.1953125 0
v 0.2109375 1.1953125 0
v 0.2109375 1.1484375 0
v 0.3515625 1.2421875 0
v 0.2578125 1.1484375 0
v 0.3515625 1.1953125 0
v 0.3046875 1.1953125 0
v 0.3046875 1.1484375 0
v 0.3515625 1.1484375 0
v 0.3984375 1.4765625 0
v 0.3984375 1.4296875 0
v 0.4453125 1.4765625 0
v 0.3984375 1.3828125 0
v 0.3984375 1.3359375 0
v 0.4453125 1.3828125 0
v 0.4453125 1.4296875 0
v 0.4921875 1.4765625 0
v 0.4921875 1.4296875 0
v 0.5390625 1.4765625 0
v 0.3984375 1.2890625 0
v 0.3984375 1.2421875 0
v 0.4453125 1.2890625 0
v 0.3984375 1.1953125 0
v 0.3984375 1.1484375 0
v 0.4453125 1.1953125 0
v 0.4453125 1.2421875 0
v 0.4921875 1.2890625 0
v 0.4921875 1.2421875 0
v 0.5390625 1.2890625 0
v 0.5390625 1.4296875 0
v 0.4453125 1.3359375 0
v 0.5390625 1.3828125 0
v 0.4921875 1.3828125 0
v 0.4921875 1.3359375 0
v 0.5390625 1.3359375 0
v 0.5859375 1.4765625 0
v 0.5859375 1.4296875 0
v 0.6328125 1.4765625 0
v 0.5859375 1.3828125 0
v 0.5859375 1.3359375 0
v 0.6328125 1.3828125 0
v 0.6328125 1.4296875 0
v 0.6796875 1.4765625 0
v 0.6796875 1.4296875 0
v 0.7265625 1.4765625 0
v 0.0234375 0.7265625 0
v 0.0234375 0.6796875 0
v 0.0703125 0.7265625 0
v 0.0234375 0.6328125 0
v 0.0234375 0.5859375 0
v 0.0703125 0.6328125 0
v 0.0703125 0.6796875 0
v 0.1171875 0.7265625 0
v 0.1171875 0.6796875 0
v 0.1640625 0.7265625 0
v 0.0234375 0.5390625 0
v 0.0234375 0.4921875 0
v 0.0703125 0.5390625 0
v 0.0234375 0.4453125 0
v 0.0234375 0.3984375 0
v 0.0703125 0.4453125 0
v 0.0703125 0.4921875 0
v 0.1171875 0.5390625 0
v 0.1171875 0.4921875 0
v 0.1640625 0.5390625 0
v 0.1640625 0.6796875 0
v 0.0703125 0.5859375 0
v 0.1640625 0.6328125 0
v 0.1171875 0.6328125 0
v 0.1171875 0.5859375 0
v 0.1640625 0.5859375 0
v 0.2109375 0.7265625 0
v 0.2109375 0.6796875 0
v 0.2578125 0.7265625 0
v 0.2109375 0.6328125 0
v 0.2109375 0.5859375 0
v 0.2578125 0.6328125 0
v 0.2578125 0.6796875 0
v 0.3046875 0.7265625 0
v 0.3046875 0.6796875 0
v 0.3515625 0.7265625 0
v 0.0234375 0.3515625 0
v 0.0234375 0.3046875 0
v 0.0703125 0.3515625 0
v 0.0234375 0.2578125 0
v 0.0234375 0.2109375 0
v 0.0703125 0.2578125 0
v 0.0703125 0.3046875 0
v 0.1171875 0.3515625 0
v 0.1171875 0.3046875 0
v 0.1640625 0.3515625 0
v 0.0234375 0.1640625 0
v 0.0234375 0.1171875 0
v 0.0703125 0.1640625 0
v 0.0234375 0.0703125 0
v 0.0703125 0.1171875 0
v 0.1171875 0.1640625 0
v 0.1640625 0.3046875 0
v 0.0703125 0.2109375 0
v 0.1640625 0.2578125 0
v 0.1171875 0.2578125 0
v 0.1171875 0.2109375 0
v 0.1640625 0.2109375 0
v 0.2109375 0.3515625 0
v 0.2109375 0.3046875 0
v 0.2578125 0.3515625 0
v 0.2109375 0.2578125 0
v 0.2578125 0.3046875 0
v 0.3046875 0.3515625 0
v 0.3515625 0.6796875 0
v 0.2578125 0.5859375 0
v 0.3515625 0.6328125 0
v 0.3046875 0.6328125 0
v 0.3046875 0.5859375 0
v 0.3515625 0.5859375 0
v 0.1640625 0.4921875 0
v 0.0703125 0.3984375 0
v 0.1640625 0.4453125 0
v 0.1171875 0.4453125 0
v 0.1171875 0.3984375 0
v 0.1640625 0.3984375 0
v 0.3515625 0.5390625 0
v 0.3046875 0.5390625 0
v 0.3046875 0.4921875 0
v 0.2578125 0.5390625 0
v 0.2109375 0.5390625 0
v 0.2109375 0.4921875 0
v 0.2578125 0.4921875 0
v 0.2578125 0.4453125 0
v 0.2109375 0.4453125 0
v 0.2109375 0.3984375 0
v 0.3515625 0.4921875 0
v 0.2578125 0.3984375 0
v 0.3515625 0.4453125 0
v 0.3046875 0.4453125 0
v 0.3046875 0.3984375 0
v 0.3515625 0.3984375 0
v 0.3984375 0.7265625 0
v 0.3984375 0.6796875 0
v 0.4453125 0.7265625 0
v 0.3984375 0.6328125 0
v 0.3984375 0.5859375 0
v 0.4453125 0.6328125 0
v 0.4453125 0.6796875 0
v 0.4921875 0.7265625 0
v 0.4921875 0.6796875 0
v 0.5390625 0.7265625 0
v 0.3984375 0.5390625 0
v 0.3984375 0.4921875 0
v 0.4453125 0.5390625 0
v 0.3984375 0.4453125 0
v 0.4453125 0.4921875 0
v 0.4921875 0.5390625 0
v 0.5390625 0.6796875 0
v 0.4453125 0.5859375 0
v 0.5390625 0.6328125 0
v 0.4921875 0.6328125 0
v 0.4921875 0.5859375 0
v 0.5390625 0.5859375 0
v 0.5859375 0.7265625 0
v 0.5859375 0.6796875 0
v 0.6328125 0.7265625 0
v 0.5859375 0.6328125 0
v 0.6328125 0.6796875 0
v 0.6796875 0.7265625 0
v 0.7265625 1.4296875 0
v 0.6328125 1.3359375 0
v 0.7265625 1.3828125 0
v 0.6796875 1.3828125 0
v 0.6796875 1.3359375 0
v 0.7265625 1.3359375 0
v 0.5390625 1.2421875 0
v 0.4453125 1.1484375 0
v 0.5390625 1.1953125 0
v 0.4921875 1.1953125 0
v 0.4921875 1.1484375 0
v 0.5390625 1.1484375 0
v 0.7265625 1.2890625 0
v 0.6796875 1.2890625 0
v 0.6796875 1.2421875 0
v 0.6328125 1.2890625 0
v 0.5859375 1.2890625 0
v 0.5859375 1.2421875 0
v 0.6328125 1.2421875 0
v 0.6328125 1.1953125 0
v 0.5859375 1.1953125 0
v 0.5859375 1.1484375 0
v 0.7265625 1.2421875 0
v 0.6328125 1.1484375 0
v 0.7265625 1.1953125 0
v 0.6796875 1.1953125 0
v 0.6796875 1.1484375 0
v 0.7265625 1.1484375 0
v 0.3515625 1.0546875 0
v 0.2578125 0.9609375 0
v 0.3515625 1.0078125 0
v 0.3046875 1.0078125 0
v 0.3046875 0.9609375 0
v 0.3515625 0.9609375 0
v 0.1640625 0.8671875 0
v 0.0703125 0.7734375 0
v 0.1640625 0.8203125 0
v 0.1171875 0.8203125 0
v 0.1171875 0.7734375 0
v 0.1640625 0.7734375 0
v 0.3515625 0.9140625 0
v 0.3046875 0.9140625 0
v 0.3046875 0.8671875 0
v 0.2578125 0.9140625 0
v 0.2109375 0.9140625 0
v 0.2109375 0.8671875 0
v 0.2578125 0.8671875 0
v 0.2578125 0.8203125 0
v 0.2109375 0.8203125 0
v 0.2109375 0.7734375 0
v 0.3515625 0.8671875 0
v 0.2578125 0.7734375 0
v 0.3515625 0.8203125 0
v 0.3046875 0.8203125 0
v 0.3046875 0.7734375 0
v 0.3515625 0.7734375 0
v 0.7265625 1.1015625 0
v 0.6796875 1.1015625 0
v 0.6796875 1.0546875 0
v 0.6328125 1.1015625 0
v 0.5859375 1.1015625 0
v 0.5859375 1.0546875 0
v 0.6328125 1.0546875 0
v 0.6328125 1.0078125 0
v 0.5859375 1.0078125 0
v 0.5859375 0.9609375 0
v 0.5390625 1.1015625 0
v 0.4921875 1.1015625 0
v 0.4921875 1.0546875 0
v 0.4453125 1.1015625 0
v 0.3984375 1.1015625 0
v 0.3984375 1.0546875 0
v 0.4453125 1.0546875 0
v 0.4453125 1.0078125 0
v 0.3984375 1.0078125 0
v 0.3984375 0.9609375 0
v 0.5390625 0.9609375 0
v 0.5390625 1.0078125 0
v 0.4921875 0.9609375 0
v 0.5390625 1.0546875 0
v 0.4921875 1.0078125 0
v 0.4453125 0.9609375 0
v 0.5390625 0.9140625 0
v 0.4921875 0.9140625 0
v 0.4921875 0.8671875 0
v 0.4453125 0.9140625 0
v 0.3984375 0.9140625 0
v 0.3984375 0.8671875 0
v 0.4453125 0.8671875 0
v 0.4453125 0.8203125 0
v 0.3984375 0.8203125 0
v 0.3984375 0.7734375 0
v 0.7265625 1.0546875 0
v 0.6328125 0.9609375 0
v 0.7265625 1.0078125 0
v 0.6796875 1.0078125 0
v 0.6796875 0.9609375 0
v 0.7265625 0.9609375 0
v 0.5390625 0.8671875 0
v 0.4453125 0.7734375 0
v 0.5390625 0.8203125 0
v 0.4921875 0.8203125 0
v 0.4921875 0.7734375 0
v 0.5390625 0.7734375 0
v 0.7265625 0.9140625 0
v 0.6796875 0.9140625 0
v 0.6796875 0.8671875 0
v 0.6328125 0.9140625 0
v 0.5859375 0.9140625 0
v 0.5859375 0.8671875 0
v 0.6328125 0.8671875 0
v 0.6328125 0.8203125 0
v 0.5859375 0.8203125 0
v 0.5859375 0.7734375 0
v 0.7265625 0.8671875 0
v 0.6328125 0.7734375 0
v 0.7265625 0.8203125 0
v 0.6796875 0.8203125 0
v 0.6796875 0.7734375 0
v 0.7265625 0.7734375 0
v 0.7734375 1.4765625 0
v 0.7734375 1.4296875 0
v 0.8203125 1.4765625 0
v 0.7734375 1.3828125 0
v 0.7734375 1.3359375 0
v 0.8203125 1.3828125 0
v 0.8203125 1.4296875 0
v 0.8671875 1.4765625 0
v 0.8671875 1.4296875 0
v 0.9140625 1.4765625 0
v 0.7734375 1.2890625 0
v 0.7734375 1.2421875 0
v 0.8203125 1.2890625 0
v 0.7734375 1.1953125 0
v 0.7734375 1.1484375 0
v 0.8203125 1.1953125 0
v 0.8203125 1.2421875 0
v 0.8671875 1.2890625 0
v 0.8671875 1.2421875 0
v 0.9140625 1.2890625 0
v 0.9140625 1.4296875 0
v 0.8203125 1.3359375 0
v 0.9140625 1.3828125 0
v 0.8671875 1.3828125 0
v 0.8671875 1.3359375 0
v 0.9140625 1.3359375 0
v 0.9609375 1.4765625 0
v 0.9609375 1.4296875 0
v 1.0078125 1.4765625 0
v 0.9609375 1.3828125 0
v 0.9609375 1.3359375 0
v 1.0078125 1.3828125 0
v 1.0078125 1.4296875 0
v 1.0546875 1.4765625 0
v 1.0546875 1.4296875 0
v 1.1015625 1.4765625 0
v 0.7734375 1.1015625 0
v 0.7734375 1.0546875 0
v 0.8203125 1.1015625 0
v 0.7734375 1.0078125 0
v 0.7734375 0.9609375 0
v 0.8203125 1.0078125 0
v 0.8203125 1.0546875 0
v 0.8671875 1.1015625 0
v 0.8671875 1.0546875 0
v 0.9140625 1.1015625 0
v 0.7734375 0.9140625 0
v 0.7734375 0.8671875 0
v 0.8203125 0.9140625 0
v 0.7734375 0.8203125 0
v 0.8203125 0.8671875 0
v 0.8671875 0.9140625 0
v 0.9140625 1.0546875 0
v 0.8203125 0.9609375 0
v 0.9140625 1.0078125 0
v 0.8671875 1.0078125 0
v 0.8671875 0.9609375 0
v 0.9140625 0.9609375 0
v 0.9609375 1.1015625 0
v 0.9609375 1.0546875 0
v 1.0078125 1.1015625 0
v 0.9609375 1.0078125 0
v 1.0078125 1.0546875 0
v 1.0546875 1.1015625 0
v 1.1015625 1.4296875 0
v 1.0078125 1.3359375 0
v 1.1015625 1.3828125 0
v 1.0546875 1.3828125 0
v 1.0546875 1.3359375 0
v 1.1015625 1.3359375 0
v 0.9140625 1.2421875 0
v 0.8203125 1.1484375 0
v 0.9140625 1.1953125 0
v 0.8671875 1.1953125 0
v 0.8671875 1.1484375 0
v 0.9140625 1.1484375 0
v 1.1015625 1.2890625 0
v 1.0546875 1.2890625 0
v 1.0546875 1.2421875 0
v 1.0078125 1.2890625 0
v 0.9609375 1.2890625 0
v 0.9609375 1.2421875 0
v 1.0078125 1.2421875 0
v 1.0078125 1.1953125 0
v 0.9609375 1.1953125 0
v 0.9609375 1.1484375 0
v 1.1015625 1.2421875 0
v 1.0078125 1.1484375 0
v 1.1015625 1.1953125 0
v 1.0546875 1.1953125 0
v 1.0546875 1.1484375 0
v 1.1015625 1.1484375 0
v 1.1484375 1.4765625 0
v 1.1484375 1.4296875 0
v 1.1953125 1.4765625 0
v 1.1484375 1.3828125 0
v 1.1484375 1.3359375 0
v 1.1953125 1.3828125 0
v 1.1953125 1.4296875 0
v 1.2421875 1.4765625 0
v 1.2421875 1.4296875 0
v 1.2890625 1.4765625 0
v 1.1484375 1.2890625 0
v 1.1484375 1.2421875 0
v 1.1953125 1.2890625 0
v 1.1484375 1.1953125 0
v 1.1953125 1.2421875 0
v 1.2421875 1.2890625 0
v 1.2890625 1.4296875 0
v 1.1953125 1.3359375 0
v 1.2890625 1.3828125 0
v 1.2421875 1.3828125 0
v 1.2421875 1.3359375 0
v 1.2890625 1.3359375 0
v 1.3359375 1.4765625 0
v 1.3359375 1.4296875 0
v 1.3828125 1.4765625 0
v 1.3359375 1.3828125 0
v 1.3828125 1.4296875 0
v 1.4296875 1.4765625 0
v 1.4765625 2.9296875 0
v 1.3828125 2.8359375 0
v 1.4765625 2.8828125 0
v 1.4296875 2.8828125 0
v 1.4296875 2.8359375 0
v 1.4765625 2.8359375 0
v 1.2890625 2.7421875 0
v 1.1953125 2.6484375 0
v 1.2890625 2.6953125 0
v 1.2421875 2.6953125 0
v 1.2421875 2.6484375 0
v 1.2890625 2.6484375 0
v 1.4765625 2.7890625 0
v 1.4296875 2.7890625 0
v 1.4296875 2.7421875 0
v 1.3828125 2.7890625 0
v 1.3359375 2.7890625 0
v 1.3359375 2.7421875 0
v 1.3828125 2.7421875 0
v 1.3828125 2.6953125 0
v 1.3359375 2.6953125 0
v 1.3359375 2.6484375 0
v 1.4765625 2.7421875 0
v 1.3828125 2.6484375 0
v 1.4765625 2.6953125 0
v 1.4296875 2.6953125 0
v 1.4296875 2.6484375 0
v 1.4765625 2.6484375 0
v 1.1015625 2.5546875 0
v 1.0078125 2.4609375 0
v 1.1015625 2.5078125 0
v 1.0546875 2.5078125 0
v 1.0546875 2.4609375 0
v 1.1015625 2.4609375 0
v 0.9140625 2.3671875 0
v 0.8203125 2.2734375 0
v 0.9140625 2.3203125 0
v 0.8671875 2.3203125 0
v 0.8671875 2.2734375 0
v 0.9140625 2.2734375 0
v 1.1015625 2.4140625 0
v 1.0546875 2.4140625 0
v 1.0546875 2.3671875 0
v 1.0078125 2.4140625 0
v 0.9609375 2.4140625 0
v 0.9609375 2.3671875 0
v 1.0078125 2.3671875 0
v 1.0078125 2.3203125 0
v 0.9609375 2.3203125 0
v 0.9609375 2.2734375 0
v 1.1015625 2.3671875 0
v 1.0078125 2.2734375 0
v 1.1015625 2.3203125 0
v 1.0546875 2.3203125 0
v 1.0546875 2.2734375 0
v 1.1015625 2.2734375 0
v 1.4765625 2.6015625 0
v 1.4296875 2.6015625 0
v 1.4296875 2.5546875 0
v 1.3828125 2.6015625 0
v 1.3359375 2.6015625 0
v 1.3359375 2.5546875 0
v 1.3828125 2.5546875 0
v 1.3828125 2.5078125 0
v 1.3359375 2.5078125 0
v 1.3359375 2.4609375 0
v 1.2890625 2.6015625 0
v 1.2421875 2.6015625 0
v 1.2421875 2.5546875 0
v 1.1953125 2.6015625 0
v 1.1484375 2.6015625 0
v 1.1484375 2.5546875 0
v 1.1953125 2.5546875 0
v 1.1953125 2.5078125 0
v 1.1484375 2.5078125 0
v 1.1484375 2.4609375 0
v 1.2890625 2.4609375 0
v 1.2890625 2.5078125 0
v 1.2421875 2.4609375 0
v 1.2890625 2.5546875 0
v 1.2421875 2.5078125 0
v 1.1953125 2.4609375 0
v 1.2890625 2.4140625 0
v 1.2421875 2.4140625 0
v 1.2421875 2.3671875 0
v 1.1953125 2.4140625 0
v 1.1484375 2.4140625 0
v 1.1484375 2.3671875 0
v 1.1953125 2.3671875 0
v 1.1953125 2.3203125 0
v 1.1484375 2.3203125 0
v 1.1484375 2.2734375 0
v 1.4765625 2.5546875 0
v 1.3828125 2.4609375 0
v 1.4765625 2.5078125 0
v 1.4296875 2.5078125 0
v 1.4296875 2.4609375 0
v 1.4765625 2.4609375 0
v 1.2890625 2.3671875 0
v 1.1953125 2.2734375 0
v 1.2890625 2.3203125 0
v 1.2421875 2.3203125 0
v 1.2421875 2.2734375 0
v 1.2890625 2.2734375 0
v 1.4765625 2.4140625 0
v 1.4296875 2.4140625 0
v 1.4296875 2.3671875 0
v 1.3828125 2.4140625 0
v 1.3359375 2.4140625 0
v 1.3359375 2.3671875 0
v 1.3828125 2.3671875 0
v 1.3828125 2.3203125 0
v 1.3359375 2.3203125 0
v 1.3359375 2.2734375 0
v 1.4765625 2.3671875 0
v 1.3828125 2.2734375 0
v 1.4765625 2.3203125 0
v 1.4296875 2.3203125 0
v 1.4296875 2.2734375 0
v 1.4765625 2.2734375 0
v 0.7265625 2.1796875 0
v 0.6328125 2.0859375 0
v 0.7265625 2.1328125 0
v 0.6796875 2.1328125 0
v 0.6796875 2.0859375 0
v 0.7265625 2.0859375 0
v 0.5390625 1.9921875 0
v 0.4453125 1.8984375 0
v 0.5390625 1.9453125 0
v 0.4921875 1.9453125 0
v 0.4921875 1.8984375 0
v 0.5390625 1.8984375 0
v 0.7265625 2.0390625 0
v 0.6796875 2.0390625 0
v 0.6796875 1.9921875 0
v 0.6328125 2.0390625 0
v 0.5859375 2.0390625 0
v 0.5859375 1.9921875 0
v 0.6328125 1.9921875 0
v 0.6328125 1.9453125 0
v 0.5859375 1.9453125 0
v 0.5859375 1.8984375 0
v 0.7265625 1.9921875 0
v 0.6328125 1.8984375 0
v 0.7265625 1.9453125 0
v 0.6796875 1.9453125 0
v 0.6796875 1.8984375 0
v 0.7265625 1.8984375 0
v 0.3515625 1.8046875 0
v 0.2578125 1.7109375 0
v 0.3515625 1.7578125 0
v 0.3046875 1.7578125 0
v 0.3046875 1.7109375 0
v 0.3515625 1.7109375 0
v 0.1640625 1.6171875 0
v 0.0703125 1.5234375 0
v 0.1640625 1.5703125 0
v 0.1171875 1.5703125 0
v 0.1171875 1.5234375 0
v 0.1640625 1.5234375 0
v 0.3515625 1.6640625 0
v 0.3046875 1.6640625 0
v 0.3046875 1.6171875 0
v 0.2578125 1.6640625 0
v 0.2109375 1.6640625 0
v 0.2109375 1.6171875 0
v 0.2578125 1.6171875 0
v 0.2578125 1.5703125 0
v 0.2109375 1.5703125 0
v 0.2109375 1.5234375 0
v 0.3515625 1.6171875 0
v 0.2578125 1.5234375 0
v 0.3515625 1.5703125 0
v 0.3046875 1.5703125 0
v 0.3046875 1.5234375 0
v 0.3515625 1.5234375 0
v 0.7265625 1.8515625 0
v 0.6796875 1.8515625 0
v 0.6796875 1.8046875 0
v 0.6328125 1.8515625 0
v 0.5859375 1.8515625 0
v 0.5859375 1.8046875 0
v 0.6328125 1.8046875 0
v 0.6328125 1.7578125 0
v 0.5859375 1.7578125 0
v 0.5859375 1.7109375 0
v 0.5390625 1.8515625 0
v 0.4921875 1.8515625 0
v 0.4921875 1.8046875 0
v 0.4453125 1.8515625 0
v 0.3984375 1.8515625 0
v 0.3984375 1.8046875 0
v 0.4453125 1.8046875 0
v 0.4453125 1.7578125 0
v 0.3984375 1.7578125 0
v 0.3984375 1.7109375 0
v 0.5390625 1.7109375 0
v 0.5390625 1.7578125 0
v 0.4921875 1.7109375 0
v 0.5390625 1.8046875 0
v 0.4921875 1.7578125 0
v 0.4453125 1.7109375 0
v 0.5390625 1.6640625 0
v 0.4921875 1.6640625 0
v 0.4921875 1.6171875 0
v 0.4453125 1.6640625 0
v 0.3984375 1.6640625 0
v 0.3984375 1.6171875 0
v 0.4453125 1.6171875 0
v 0.4453125 1.5703125 0
v 0.3984375 1.5703125 0
v 0.3984375 1.5234375 0
v 0.7265625 1.8046875 0
v 0.6328125 1.7109375 0
v 0.7265625 1.7578125 0
v 0.6796875 1.7578125 0
v 0.6796875 1.7109375 0
v 0.7265625 1.7109375 0
v 0.5390625 1.6171875 0
v 0.4453125 1.5234375 0
v 0.5390625 1.5703125 0
v 0.4921875 1.5703125 0
v 0.4921875 1.5234375 0
v 0.5390625 1.5234375 0
v 0.7265625 1.6640625 0
v 0.6796875 1.6640625 0
v 0.6796875 1.6171875 0
v 0.6328125 1.6640625 0
v 0.5859375 1.6640625 0
v 0.5859375 1.6171875 0
v 0.6328125 1.6171875 0
v 0.6328125 1.5703125 0
v 0.5859375 1.5703125 0
v 0.5859375 1.5234375 0
v 0.7265625 1.6171875 0
v 0.6328125 1.5234375 0
v 0.7265625 1.5703125 0
v 0.6796875 1.5703125 0
v 0.6796875 1.5234375 0
v 0.7265625 1.5234375 0
v 1.4765625 2.2265625 0
v 1.4296875 2.2265625 0
v 1.4296875 2.1796875 0
v 1.3828125 2.2265625 0
v 1.3359375 2.2265625 0
v 1.3359375 2.1796875 0
v 1.3828125 2.1796875 0
v 1.3828125 2.1328125 0
v 1.3359375 2.1328125 0
v 1.3359375 2.0859375 0
v 1.2890625 2.2265625 0
v 1.2421875 2.2265625 0
v 1.2421875 2.1796875 0
v 1.1953125 2.2265625 0
v 1.1484375 2.2265625 0
v 1.1484375 2.1796875 0
v 1.1953125 2.1796875 0
v 1.1953125 2.1328125 0
v 1.1484375 2.1328125 0
v 1.1484375 2.0859375 0
v 1.2890625 2.0859375 0
v 1.2890625 2.1328125 0
v 1.2421875 2.0859375 0
v 1.2890625 2.1796875 0
v 1.2421875 2.1328125 0
v 1.1953125 2.0859375 0
v 1.2890625 2.0390625 0
v 1.2421875 2.0390625 0
v 1.2421875 1.9921875 0
v 1.1953125 2.0390625 0
v 1.1484375 2.0390625 0
v 1.1484375 1.9921875 0
v 1.1953125 1.9921875 0
v 1.1953125 1.9453125 0
v 1.1484375 1.9453125 0
v 1.1484375 1.8984375 0
v 1.1015625 2.2265625 0
v 1.0546875 2.2265625 0
v 1.0546875 2.1796875 0
v 1.0078125 2.2265625 0
v 0.9609375 2.2265625 0
v 0.9609375 2.1796875 0
v 1.0078125 2.1796875 0
v 1.0078125 2.1328125 0
v 0.9609375 2.1328125 0
v 0.9609375 2.0859375 0
v 0.9140625 2.2265625 0
v 0.8671875 2.2265625 0
v 0.8671875 2.1796875 0
v 0.8203125 2.2265625 0
v 0.7734375 2.2265625 0
v 0.7734375 2.1796875 0
v 0.8203125 2.1796875 0
v 0.8203125 2.1328125 0
v 0.7734375 2.1328125 0
v 0.7734375 2.0859375 0
v 0.9140625 2.0859375 0
v 0.9140625 2.1328125 0
v 0.8671875 2.0859375 0
v 0.9140625 2.1796875 0
v 0.8671875 2.1328125 0
v 0.8203125 2.0859375 0
v 0.9140625 2.0390625 0
v 0.8671875 2.0390625 0
v 0.8671875 1.9921875 0
v 0.8203125 2.0390625 0
v 0.7734375 2.0390625 0
v 0.7734375 1.9921875 0
v 0.8203125 1.9921875 0
v 0.8203125 1.9453125 0
v 0.7734375 1.9453125 0
v 0.7734375 1.8984375 0
v 1.1015625 1.8984375 0
v 1.1015625 1.9453125 0
v 1.0546875 1.8984375 0
v 1.1015625 1.9921875 0
v 1.1015625 2.0390625 0
v 1.0546875 1.9921875 0
v 1.0546875 1.9453125 0
v 1.0078125 1.8984375 0
v 1.0078125 1.9453125 0
v 0.9609375 1.8984375 0
v 1.1015625 2.0859375 0
v 1.1015625 2.1328125 0
v 1.0546875 2.0859375 0
v 1.1015625 2.1796875 0
v 1.0546875 2.1328125 0
v 1.0078125 2.0859375 0
v 0.9609375 1.9453125 0
v 1.0546875 2.0390625 0
v 0.9609375 1.9921875 0
v 1.0078125 1.9921875 0
v 1.0078125 2.0390625 0
v 0.9609375 2.0390625 0
v 0.9140625 1.8984375 0
v 0.9140625 1.9453125 0
v 0.8671875 1.8984375 0
v 0.9140625 1.9921875 0
v 0.8671875 1.9453125 0
v 0.8203125 1.8984375 0
v 1.1015625 1.8515625 0
v 1.0546875 1.8515625 0
v 1.0546875 1.8046875 0
v 1.0078125 1.8515625 0
v 0.9609375 1.8515625 0
v 0.9609375 1.8046875 0
v 1.0078125 1.8046875 0
v 1.0078125 1.7578125 0
v 0.9609375 1.7578125 0
v 0.9609375 1.7109375 0
v 0.9140625 1.8515625 0
v 0.8671875 1.8515625 0
v 0.8671875 1.8046875 0
v 0.8203125 1.8515625 0
v 0.7734375 1.8515625 0
v 0.7734375 1.8046875 0
v 0.8203125 1.8046875 0
v 0.8203125 1.7578125 0
v 0.7734375 1.7578125 0
v 0.7734375 1.7109375 0
v 0.9140625 1.7109375 0
v 0.9140625 1.7578125 0
v 0.8671875 1.7109375 0
v 0.9140625 1.8046875 0
v 0.8671875 1.7578125 0
v 0.8203125 1.7109375 0
v 0.9140625 1.6640625 0
v 0.8671875 1.6640625 0
v 0.8671875 1.6171875 0
v 0.8203125 1.6640625 0
v 0.7734375 1.6640625 0
v 0.7734375 1.6171875 0
v 0.8203125 1.6171875 0
v 0.8203125 1.5703125 0
v 0.7734375 1.5703125 0
v 0.7734375 1.5234375 0
v 1.4765625 2.1796875 0
v 1.3828125 2.0859375 0
v 1.4765625 2.1328125 0
v 1.4296875 2.1328125 0
v 1.4296875 2.0859375 0
v 1.4765625 2.0859375 0
v 1.2890625 1.9921875 0
v 1.1953125 1.8984375 0
v 1.2890625 1.9453125 0
v 1.2421875 1.9453125 0
v 1.2421875 1.8984375 0
v 1.2890625 1.8984375 0
v 1.4765625 2.0390625 0
v 1.4296875 2.0390625 0
v 1.4296875 1.9921875 0
v 1.3828125 2.0390625 0
v 1.3359375 2.0390625 0
v 1.3359375 1.9921875 0
v 1.3828125 1.9921875 0
v 1.3828125 1.9453125 0
v 1.3359375 1.9453125 0
v 1.3359375 1.8984375 0
v 1.4765625 1.9921875 0
v 1.3828125 1.8984375 0
v 1.4765625 1.9453125 0
v 1.4296875 1.9453125 0
v 1.4296875 1.8984375 0
v 1.4765625 1.8984375 0
v 1.1015625 1.8046875 0
v 1.0078125 1.7109375 0
v 1.1015625 1.7578125 0
v 1.0546875 1.7578125 0
v 1.0546875 1.7109375 0
v 1.1015625 1.7109375 0
v 0.9140625 1.6171875 0
v 0.8203125 1.5234375 0
v 0.9140625 1.5703125 0
v 0.8671875 1.5703125 0
v 0.8671875 1.5234375 0
v 0.9140625 1.5234375 0
v 1.1015625 1.6640625 0
v 1.0546875 1.6640625 0
v 1.0546875 1.6171875 0
v 1.0078125 1.6640625 0
v 0.9609375 1.6640625 0
v 0.9609375 1.6171875 0
v 1.0078125 1.6171875 0
v 1.0078125 1.5703125 0
v 0.9609375 1.5703125 0
v 0.9609375 1.5234375 0
v 1.1015625 1.6171875 0
v 1.0078125 1.5234375 0
v 1.1015625 1.5703125 0
v 1.0546875 1.5703125 0
v 1.0546875 1.5234375 0
v 1.1015625 1.5234375 0
v 1.4765625 1.8515625 0
v 1.4296875 1.8515625 0
v 1.4296875 1.8046875 0
v 1.3828125 1.8515625 0
v 1.3359375 1.8515625 0
v 1.3359375 1.8046875 0
v 1.3828125 1.8046875 0
v 1.3828125 1.7578125 0
v 1.3359375 1.7578125 0
v 1.3359375 1.7109375 0
v 1.2890625 1.8515625 0
v 1.2421875 1.8515625 0
v 1.2421875 1.8046875 0
v 1.1953125 1.8515625 0
v 1.1484375 1.8515625 0
v 1.1484375 1.8046875 0
v 1.1953125 1.8046875 0
v 1.1953125 1.7578125 0
v 1.1484375 1.7578125 0
v 1.1484375 1.7109375 0
v 1.2890625 1.7109375 0
v 1.2890625 1.7578125 0
v 1.2421875 1.7109375 0
v 1.2890625 1.8046875 0
v 1.2421875 1.7578125 0
v 1.1953125 1.7109375 0
v 1.2890625 1.6640625 0
v 1.2421875 1.6640625 0
v 1.2421875 1.6171875 0
v 1.1953125 1.6640625 0
v 1.1484375 1.6640625 0
v 1.1484375 1.6171875 0
v 1.1953125 1.6171875 0
v 1.1953125 1.5703125 0
v 1.1484375 1.5703125 0
v 1.1484375 1.5234375 0
v 1.4765625 1.8046875 0
v 1.3828125 1.7109375 0
v 1.4765625 1.7578125 0
v 1.4296875 1.7578125 0
v 1.4296875 1.7109375 0
v 1.4765625 1.7109375 0
v 1.2890625 1.6171875 0
v 1.1953125 1.5234375 0
v 1.2890625 1.5703125 0
v 1.2421875 1.5703125 0
v 1.2421875 1.5234375 0
v 1.2890625 1.5234375 0
v 1.4765625 1.6640625 0
v 1.4296875 1.6640625 0
v 1.4296875 1.6171875 0
v 1.3828125 1.6640625 0
v 1.3359375 1.6640625 0
v 1.3359375 1.6171875 0
v 1.3828125 1.6171875 0
v 1.3828125 1.5703125 0
v 1.3359375 1.5703125 0
v 1.3359375 1.5234375 0
v 1.4765625 1.6171875 0
v 1.3828125 1.5234375 0
v 1.4765625 1.5703125 0
v 1.4296875 1.5703125 0
v 1.4296875 1.5234375 0
v 1.4765625 1.5234375 0
v 1.5234375 2.9765625 0
v 1.5234375 2.9296875 0
v 1.5703125 2.9765625 0
v 1.5234375 2.8828125 0
v 1.5234375 2.8359375 0
v 1.5703125 2.8828125 0
v 1.5703125 2.9296875 0
v 1.6171875 2.9765625 0
v 1.6171875 2.9296875 0
v 1.6640625 2.9765625 0
v 1.5234375 2.7890625 0
v 1.5234375 2.7421875 0
v 1.5703125 2.7890625 0
v 1.5234375 2.6953125 0
v 1.5234375 2.6484375 0
v 1.5703125 2.6953125 0
v 1.5703125 2.7421875 0
v 1.6171875 2.7890625 0
v 1.6171875 2.7421875 0
v 1.6640625 2.7890625 0
v 1.6640625 2.9296875 0
v 1.5703125 2.8359375 0
v 1.6640625 2.8828125 0
v 1.6171875 2.8828125 0
v 1.6171875 2.8359375 0
v 1.6640625 2.8359375 0
v 1.7109375 2.9765625 0
v 1.7109375 2.9296875 0
v 1.7578125 2.9765625 0
v 1.7109375 2.8828125 0
v 1.7109375 2.8359375 0
v 1.7578125 2.8828125 0
v 1.7578125 2.9296875 0
v 1.8046875 2.9765625 0
v 1.8046875 2.9296875 0
v 1.8515625 2.9765625 0
v 1.5234375 2.6015625 0
v 1.5234375 2.5546875 0
v 1.5703125 2.6015625 0
v 1.5234375 2.5078125 0
v 1.5234375 2.4609375 0
v 1.5703125 2.5078125 0
v 1.5703125 2.5546875 0
v 1.6171875 2.6015625 0
v 1.6171875 2.5546875 0
v 1.6640625 2.6015625 0
v 1.5234375 2.4140625 0
v 1.5234375 2.3671875 0
v 1.5703125 2.4140625 0
v 1.5234375 2.3203125 0
v 1.5234375 2.2734375 0
v 1.5703125 2.3203125 0
v 1.5703125 2.3671875 0
v 1.6171875 2.4140625 0
v 1.6171875 2.3671875 0
v 1.6640625 2.4140625 0
v 1.6640625 2.5546875 0
v 1.5703125 2.4609375 0
v 1.6640625 2.5078125 0
v 1.6171875 2.5078125 0
v 1.6171875 2.4609375 0
v 1.6640625 2.4609375 0
v 1.7109375 2.6015625 0
v 1.7109375 2.5546875 0
v 1.7578125 2.6015625 0
v 1.7109375 2.5078125 0
v 1.7109375 2.4609375 0
v 1.7578125 2.5078125 0
v 1.7578125 2.5546875 0
v 1.8046875 2.6015625 0
v 1.8046875 2.5546875 0
v 1.8515625 2.6015625 0
v 1.8515625 2.9296875 0
v 1.7578125 2.8359375 0
v 1.8515625 2.8828125 0
v 1.8046875 2.8828125 0
v 1.8046875 2.8359375 0
v 1.8515625 2.8359375 0
v 1.6640625 2.7421875 0
v 1.5703125 2.6484375 0
v 1.6640625 2.6953125 0
v 1.6171875 2.6953125 0
v 1.6171875 2.6484375 0
v 1.6640625 2.6484375 0
v 1.8515625 2.7890625 0
v 1.8046875 2.7890625 0
v 1.8046875 2.7421875 0
v 1.7578125 2.7890625 0
v 1.7109375 2.7890625 0
v 1.7109375 2.7421875 0
v 1.7578125 2.7421875 0
v 1.7578125 2.6953125 0
v 1.7109375 2.6953125 0
v 1.7109375 2.6484375 0
v 1.8515625 2.7421875 0
v 1.7578125 2.6484375 0
v 1.8515625 2.6953125 0
v 1.8046875 2.6953125 0
v 1.8046875 2.6484375 0
v 1.8515625 2.6484375 0
v 1.8984375 2.9765625 0
v 1.8984375 2.9296875 0
v 1.9453125 2.9765625 0
v 1.8984375 2.8828125 0
v 1.8984375 2.8359375 0
v 1.9453125 2.8828125 0
v 1.9453125 2.9296875 0
v 1.9921875 2.9765625 0
v 1.9921875 2.9296875 0
v 2.0390625 2.9765625 0
v 1.8984375 2.7890625 0
v 1.8984375 2.7421875 0
v 1.9453125 2.7890625 0
v 1.8984375 2.6953125 0
v 1.8984375 2.6484375 0
v 1.9453125 2.6953125 0
v 1.9453125 2.7421875 0
v 1.9921875 2.7890625 0
v 1.9921875 2.7421875 0
v 2.0390625 2.7890625 0
v 2.0390625 2.9296875 0
v 1.9453125 2.8359375 0
v 2.0390625 2.8828125 0
v 1.9921875 2.8828125 0
v 1.9921875 2.8359375 0
v 2.0390625 2.8359375 0
v 2.0859375 2.9765625 0
v 2.0859375 2.9296875 0
v 2.1328125 2.9765625 0
v 2.0859375 2.8828125 0
v 2.0859375 2.8359375 0
v 2.1328125 2.8828125 0
v 2.1328125 2.9296875 0
v 2.1796875 2.9765625 0
v 2.1796875 2.9296875 0
v 2.2265625 2.9765625 0
v 1.5234375 2.2265625 0
v 1.5234375 2.1796875 0
v 1.5703125 2.2265625 0
v 1.5234375 2.1328125 0
v 1.5234375 2.0859375 0
v 1.5703125 2.1328125 0
v 1.5703125 2.1796875 0
v 1.6171875 2.2265625 0
v 1.6171875 2.1796875 0
v 1.6640625 2.2265625 0
v 1.5234375 2.0390625 0
v 1.5234375 1.9921875 0
v 1.5703125 2.0390625 0
v 1.5234375 1.9453125 0
v 1.5234375 1.8984375 0
v 1.5703125 1.9453125 0
v 1.5703125 1.9921875 0
v 1.6171875 2.0390625 0
v 1.6171875 1.9921875 0
v 1.6640625 2.0390625 0
v 1.6640625 2.1796875 0
v 1.5703125 2.0859375 0
v 1.6640625 2.1328125 0
v 1.6171875 2.1328125 0
v 1.6171875 2.0859375 0
v 1.6640625 2.0859375 0
v 1.7109375 2.2265625 0
v 1.7109375 2.1796875 0
v 1.7578125 2.2265625 0
v 1.7109375 2.1328125 0
v 1.7109375 2.0859375 0
v 1.7578125 2.1328125 0
v 1.7578125 2.1796875 0
v 1.8046875 2.2265625 0
v 1.8046875 2.1796875 0
v 1.8515625 2.2265625 0
v 1.5234375 1.8515625 0
v 1.5234375 1.8046875 0
v 1.5703125 1.8515625 0
v 1.5234375 1.7578125 0
v 1.5234375 1.7109375 0
v 1.5703125 1.7578125 0
v 1.5703125 1.8046875 0
v 1.6171875 1.8515625 0
v 1.6171875 1.8046875 0
v 1.6640625 1.8515625 0
v 1.5234375 1.6640625 0
v 1.5234375 1.6171875 0
v 1.5703125 1.6640625 0
v 1.5234375 1.5703125 0
v 1.5703125 1.6171875 0
v 1.6171875 1.6640625 0
v 1.6640625 1.8046875 0
v 1.5703125 1.7109375 0
v 1.6640625 1.7578125 0
v 1.6171875 1.7578125 0
v 1.6171875 1.7109375 0
v 1.6640625 1.7109375 0
v 1.7109375 1.8515625 0
v 1.7109375 1.8046875 0
v 1.7578125 1.8515625 0
v 1.7109375 1.7578125 0
v 1.7578125 1.8046875 0
v 1.8046875 1.8515625 0
v 1.8515625 2.1796875 0
v 1.7578125 2.0859375 0
v 1.8515625 2.1328125 0
v 1.8046875 2.1328125 0
v 1.8046875 2.0859375 0
v 1.8515625 2.0859375 0
v 1.6640625 1.9921875 0
v 1.5703125 1.8984375 0
v 1.6640625 1.9453125 0
v 1.6171875 1.9453125 0
v 1.6171875 1.8984375 0
v 1.6640625 1.8984375 0
v 1.8515625 2.0390625 0
v 1.8046875 2.0390625 0
v 1.8046875 1.9921875 0
v 1.7578125 2.0390625 0
v 1.7109375 2.0390625 0
v 1.7109375 1.9921875 0
v 1.7578125 1.9921875 0
v 1.7578125 1.9453125 0
v 1.7109375 1.9453125 0
v 1.7109375 1.8984375 0
v 1.8515625 1.9921875 0
v 1.7578125 1.8984375 0
v 1.8515625 1.9453125 0
v 1.8046875 1.9453125 0
v 1.8046875 1.8984375 0
v 1.8515625 1.8984375 0
v 1.8984375 2.2265625 0
v 1.8984375 2.1796875 0
v 1.9453125 2.2265625 0
v 1.8984375 2.1328125 0
v 1.8984375 2.0859375 0
v 1.9453125 2.1328125 0
v 1.9453125 2.1796875 0
v 1.9921875 2.2265625 0
v 1.9921875 2.1796875 0
v 2.0390625 2.2265625 0
v 1.8984375 2.0390625 0
v 1.8984375 1.9921875 0
v 1.9453125 2.0390625 0
v 1.8984375 1.9453125 0
v 1.9453125 1.9921875 0
v 1.9921875 2.0390625 0
v 2.0390625 2.1796875 0
v 1.9453125 2.0859375 0
v 2.0390625 2.1328125 0
v 1.9921875 2.1328125 0
v 1.9921875 2.0859375 0
v 2.0390625 2.0859375 0
v 2.0859375 2.2265625 0
v 2.0859375 2.1796875 0
v 2.1328125 2.2265625 0
v 2.0859375 2.1328125 0
v 2.1328125 2.1796875 0
v 2.1796875 2.2265625 0
v 2.2265625 2.9296875 0
v 2.1328125 2.8359375 0
v 2.2265625 2.8828125 0
v 2.1796875 2.8828125 0
v 2.1796875 2.8359375 0
v 2.2265625 2.8359375 0
v 2.0390625 2.7421875 0
v 1.9453125 2.6484375 0
v 2.0390625 2.6953125 0
v 1.9921875 2.6953125 0
v 1.9921875 2.6484375 0
v 2.0390625 2.6484375 0
v 2.2265625 2.7890625 0
v 2.1796875 2.7890625 0
v 2.1796875 2.7421875 0
v 2.1328125 2.7890625 0
v 2.0859375 2.7890625 0
v 2.0859375 2.7421875 0
v 2.1328125 2.7421875 0
v 2.1328125 2.6953125 0
v 2.0859375 2.6953125 0
v 2.0859375 2.6484375 0
v 2.2265625 2.7421875 0
v 2.1328125 2.6484375 0
v 2.2265625 2.6953125 0
v 2.1796875 2.6953125 0
v 2.1796875 2.6484375 0
v 2.2265625 2.6484375 0
v 1.8515625 2.5546875 0
v 1.7578125 2.4609375 0
v 1.8515625 2.5078125 0
v 1.8046875 2.5078125 0
v 1.8046875 2.4609375 0
v 1.8515625 2.4609375 0
v 1.6640625 2.3671875 0
v 1.5703125 2.2734375 0
v 1.6640625 2.3203125 0
v 1.6171875 2.3203125 0
v 1.6171875 2.2734375 0
v 1.6640625 2.2734375 0
v 1.8515625 2.4140625 0
v 1.8046875 2.4140625 0
v 1.8046875 2.3671875 0
v 1.7578125 2.4140625 0
v 1.7109375 2.4140625 0
v 1.7109375 2.3671875 0
v 1.7578125 2.3671875 0
v 1.7578125 2.3203125 0
v 1.7109375 2.3203125 0
v 1.7109375 2.2734375 0
v 1.8515625 2.3671875 0
v 1.7578125 2.2734375 0
v 1.8515625 2.3203125 0
v 1.8046875 2.3203125 0
v 1.8046875 2.2734375 0
v 1.8515625 2.2734375 0
v 2.2265625 2.6015625 0
v 2.1796875 2.6015625 0
v 2.1796875 2.5546875 0
v 2.1328125 2.6015625 0
v 2.0859375 2.6015625 0
v 2.0859375 2.5546875 0
v 2.1328125 2.5546875 0
v 2.1328125 2.5078125 0
v 2.0859375 2.5078125 0
v 2.0859375 2.4609375 0
v 2.0390625 2.6015625 0
v 1.9921875 2.6015625 0
v 1.9921875 2.5546875 0
v 1.9453125 2.6015625 0
v 1.8984375 2.6015625 0
v 1.8984375 2.5546875 0
v 1.9453125 2.5546875 0
v 1.9453125 2.5078125 0
v 1.8984375 2.5078125 0
v 1.8984375 2.4609375 0
v 2.0390625 2.4609375 0
v 2.0390625 2.5078125 0
v 1.9921875 2.4609375 0
v 2.0390625 2.5546875 0
v 1.9921875 2.5078125 0
v 1.9453125 2.4609375 0
v 2.0390625 2.4140625 0
v 1.9921875 2.4140625 0
v 1.9921875 2.3671875 0
v 1.9453125 2.4140625 0
v 1.8984375 2.4140625 0
v 1.8984375 2.3671875 0
v 1.9453125 2.3671875 0
v 1.9453125 2.3203125 0
v 1.8984375 2.3203125 0
v 1.8984375 2.2734375 0
v 2.2265625 2.5546875 0
v 2.1328125 2.4609375 0
v 2.2265625 2.5078125 0
v 2.1796875 2.5078125 0
v 2.1796875 2.4609375 0
v 2.2265625 2.4609375 0
v 2.0390625 2.3671875 0
v 1.9453125 2.2734375 0
v 2.0390625 2.3203125 0
v 1.9921875 2.3203125 0
v 1.9921875 2.2734375 0
v 2.0390625 2.2734375 0
v 2.2265625 2.4140625 0
v 2.1796875 2.4140625 0
v 2.1796875 2.3671875 0
v 2.1328125 2.4140625 0
v 2.0859375 2.4140625 0
v 2.0859375 2.3671875 0
v 2.1328125 2.3671875 0
v 2.1328125 2.3203125 0
v 2.0859375 2.3203125 0
v 2.0859375 2.2734375 0
v 2.2265625 2.3671875 0
v 2.1328125 2.2734375 0
v 2.2265625 2.3203125 0
v 2.1796875 2.3203125 0
v 2.1796875 2.2734375 0
v 2.2265625 2.2734375 0
v 2.2734375 2.9765625 0
v 2.2734375 2.9296875 0
v 2.3203125 2.9765625 0
v 2.2734375 2.8828125 0
v 2.2734375 2.8359375 0
v 2.3203125 2.8828125 0
v 2.3203125 2.9296875 0
v 2.3671875 2.9765625 0
v 2.3671875 2.9296875 0
v 2.4140625 2.9765625 0
v 2.2734375 2.7890625 0
v 2.2734375 2.7421875 0
v 2.3203125 2.7890625 0
v 2.2734375 2.6953125 0
v 2.2734375 2.6484375 0
v 2.3203125 2.6953125 0
v 2.3203125 2.7421875 0
v 2.3671875 2.7890625 0
v 2.3671875 2.7421875 0
v 2.4140625 2.7890625 0
v 2.4140625 2.9296875 0
v 2.3203125 2.8359375 0
v 2.4140625 2.8828125 0
v 2.3671875 2.8828125 0
v 2.3671875 2.8359375 0
v 2.4140625 2.8359375 0
v 2.4609375 2.9765625 0
v 2.4609375 2.9296875 0
v 2.5078125 2.9765625 0
v 2.4609375 2.8828125 0
v 2.4609375 2.8359375 0
v 2.5078125 2.8828125 0
v 2.5078125 2.9296875 0
v 2.5546875 2.9765625 0
v 2.5546875 2.9296875 0
v 2.6015625 2.9765625 0
v 2.2734375 2.6015625 0
v 2.2734375 2.5546875 0
v 2.3203125 2.6015625 0
v 2.2734375 2.5078125 0
v 2.2734375 2.4609375 0
v 2.3203125 2.5078125 0
v 2.3203125 2.5546875 0
v 2.3671875 2.6015625 0
v 2.3671875 2.5546875 0
v 2.4140625 2.6015625 0
v 2.2734375 2.4140625 0
v 2.2734375 2.3671875 0
v 2.3203125 2.4140625 0
v 2.2734375 2.3203125 0
v 2.3203125 2.3671875 0
v 2.3671875 2.4140625 0
v 2.4140625 2.5546875 0
v 2.3203125 2.4609375 0
v 2.4140625 2.5078125 0
v 2.3671875 2.5078125 0
v 2.3671875 2.4609375 0
v 2.4140625 2.4609375 0
v 2.4609375 2.6015625 0
v 2.4609375 2.5546875 0
v 2.5078125 2.6015625 0
v 2.4609375 2.5078125 0
v 2.5078125 2.5546875 0
v 2.5546875 2.6015625 0
v 2.6015625 2.9296875 0
v 2.5078125 2.8359375 0
v 2.6015625 2.8828125 0
v 2.5546875 2.8828125 0
v 2.5546875 2.8359375 0
v 2.6015625 2.8359375 0
v 2.4140625 2.7421875 0
v 2.3203125 2.6484375 0
v 2.4140625 2.6953125 0
v 2.3671875 2.6953125 0
v 2.3671875 2.6484375 0
v 2.4140625 2.6484375 0
v 2.6015625 2.7890625 0
v 2.5546875 2.7890625 0
v 2.5546875 2.7421875 0
v 2.5078125 2.7890625 0
v 2.4609375 2.7890625 0
v 2.4609375 2.7421875 0
v 2.5078125 2.7421875 0
v 2.5078125 2.6953125 0
v 2.4609375 2.6953125 0
v 2.4609375 2.6484375 0
v 2.6015625 2.7421875 0
v 2.5078125 2.6484375 0
v 2.6015625 2.6953125 0
v 2.5546875 2.6953125 0
v 2.5546875 2.6484375 0
v 2.6015625 2.6484375 0
v 2.6484375 2.9765625 0
v 2.6484375 2.9296875 0
v 2.6953125 2.9765625 0
v 2.6484375 2.8828125 0
v 2.6484375 2.8359375 0
v 2.6953125 2.8828125 0
v 2.6953125 2.9296875 0
v 2.7421875 2.9765625 0
v 2.7421875 2.9296875 0
v 2.7890625 2.9765625 0
v 2.6484375 2.7890625 0
v 2.6484375 2.7421875 0
v 2.6953125 2.7890625 0
v 2.6484375 2.6953125 0
v 2.6953125 2.7421875 0
v 2.7421875 2.7890625 0
v 2.7890625 2.9296875 0
v 2.6953125 2.8359375 0
v 2.7890625 2.8828125 0
v 2.7421875 2.8828125 0
v 2.7421875 2.8359375 0
v 2.7890625 2.8359375 0
v 2.8359375 2.9765625 0
v 2.8359375 2.9296875 0
v 2.8828125 2.9765625 0
v 2.8359375 2.8828125 0
v 2.8828125 2.9296875 0
v 2.9296875 2.9765625 0
f 3 4226 1092
f 4226 1090 1092
f 1090 4227 1091
f 4227 290 1091
f 1092 1090 4228
f 4228 1090 1091
f 1092 4228 292
f 4228 1091 292
f 290 4229 1095
f 4229 1093 1095
f 1093 4230 1094
f 4230 82 1094
f 1095 1093 4231
f 4231 1093 1094
f 1095 4231 291
f 4231 1094 291
f 292 1091 4232
f 4232 1091 1096
f 1091 290 4233
f 4233 290 1095
f 1096 1091 4233
f 4233 1095 1096
f 1096 1095 4234
f 4234 1095 291
f 292 4232 1098
f 4232 1096 1098
f 1096 4234 1097
f 4234 291 1097
f 1098 1096 4235
f 4235 1096 1097
f 1098 4235 84
f 4235 1097 84
f 82 4236 1101
f 4236 1099 1101
f 1099 4237 1100
f 4237 293 1100
f 1101 1099 4238
f 4238 1099 1100
f 1101 4238 295
f 4238 1100 295
f 293 4239 1104
f 4239 1102 1104
f 1102 4240 1103
f 4240 26 1103
f 1104 1102 4241
f 4241 1102 1103
f 1104 4241 294
f 4241 1103 294
f 295 1100 4242
f 4242 1100 1105
f 1100 293 4243
f 4243 293 1104
f 1105 1100 4243
f 4243 1104 1105
f 1105 1104 4244
f 4244 1104 294
f 295 4242 1107
f 4242 1105 1107
f 1105 4244 1106
f 4244 294 1106
f 1107 1105 4245
f 4245 1105 1106
f 1107 4245 83
f 4245 1106 83
f 84 1097 4246
f 4246 1097 1109
f 1097 291 4247
f 4247 291 1108
f 1109 1097 4247
f 4247 1108 1109
f 1109 1108 4248
f 4248 1108 296
f 291 1094 4249
f 4249 1094 1110
f 1094 82 4250
f 4250 82 1101
f 1110 1094 4250
f 4250 1101 1110
f 1110 1101 4251
f 4251 1101 295
f 296 1108 4252
f 4252 1111 296
f 1108 291 4249
f 4249 1110 1108
f 1111 4252 1110
f 4252 1108 1110
f 1111 1110 4251
f 4251 295 1111
f 296 1111 4253
f 4253 1111 1112
f 1111 295 4254
f 4254 295 1107
f 1112 1111 4254
f 4254 1107 1112
f 1112 1107 4255
f 4255 1107 83
f 84 4246 1114
f 4246 1109 1114
f 1109 4248 1113
f 4248 296 1113
f 1114 1109 4256
f 4256 1109 1113
f 1114 4256 298
f 4256 1113 298
f 296 4253 1116
f 4253 1112 1116
f 1112 4255 1115
f 4255 83 1115
f 1116 1112 4257
f 4257 1112 1115
f 1116 4257 297
f 4257 1115 297
f 298 1113 4258
f 4258 1113 1117
f 1113 296 4259
f 4259 296 1116
f 1117 1113 4259
f 4259 1116 1117
f 1117 1116 4260
f 4260 1116 297
f 298 4258 1119
f 4258 1117 1119
f 1117 4260 1118
f 4260 297 1118
f 1119 1117 4261
f 4261 1117 1118
f 1119 4261 28
f 4261 1118 28
f 26 4262 1122
f 4262 1120 1122
f 1120 4263 1121
f 4263 299 1121
f 1122 1120 4264
f 4264 1120 1121
f 1122 4264 301
f 4264 1121 301
f 299 4265 1125
f 4265 1123 1125
f 1123 4266 1124
f 4266 85 1124
f 1125 1123 4267
f 4267 1123 1124
f 1125 4267 300
f 4267 1124 300
f 301 1121 4268
f 4268 1121 1126
f 1121 299 4269
f 4269 299 1125
f 1126 1121 4269
f 4269 1125 1126
f 1126 1125 4270
f 4270 1125 300
f 301 4268 1128
f 4268 1126 1128
f 1126 4270 1127
f 4270 300 1127
f 1128 1126 4271
f 4271 1126 1127
f 1128 4271 87
f 4271 1127 87
f 85 4272 1131
f 4272 1129 1131
f 1129 4273 1130
f 4273 302 1130
f 1131 1129 4274
f 4274 1129 1130
f 1131 4274 304
f 4274 1130 304
f 302 4275 1134
f 4275 1132 1134
f 1132 4276 1133
f 4276 10 1133
f 1134 1132 4277
f 4277 1132 1133
f 1134 4277 303
f 4277 1133 303
f 304 1130 4278
f 4278 1130 1135
f 1130 302 4279
f 4279 302 1134
f 1135 1130 4279
f 4279 1134 1135
f 1135 1134 4280
f 4280 1134 303
f 304 4278 1137
f 4278 1135 1137
f 1135 4280 1136
f 4280 303 1136
f 1137 1135 4281
f 4281 1135 1136
f 1137 4281 86
f 4281 1136 86
f 87 1127 4282
f 4282 1127 1139
f 1127 300 4283
f 4283 300 1138
f 1139 1127 4283
f 4283 1138 1139
f 1139 1138 4284
f 4284 1138 305
f 300 1124 4285
f 4285 1124 1140
f 1124 85 4286
f 4286 85 1131
f 1140 1124 4286
f 4286 1131 1140
f 1140 1131 4287
f 4287 1131 304
f 305 1138 4288
f 4288 1141 305
f 1138 300 4285
f 4285 1140 1138
f 1141 4288 1140
f 4288 1138 1140
f 1141 1140 4287
f 4287 304 1141
f 305 1141 4289
f 4289 1141 1142
f 1141 304 4290
f 4290 304 1137
f 1142 1141 4290
f 4290 1137 1142
f 1142 1137 4291
f 4291 1137 86
f 87 4282 1144
f 4282 1139 1144
f 1139 4284 1143
f 4284 305 1143
f 1144 1139 4292
f 4292 1139 1143
f 1144 4292 307
f 4292 1143 307
f 305 4289 1146
f 4289 1142 1146
f 1142 4291 1145
f 4291 86 1145
f 1146 1142 4293
f 4293 1142 1145
f 1146 4293 306
f 4293 1145 306
f 307 1143 4294
f 4294 1143 1147
f 1143 305 4295
f 4295 305 1146
f 1147 1143 4295
f 4295 1146 1147
f 1147 1146 4296
f 4296 1146 306
f 307 4294 1149
f 4294 1147 1149
f 1147 4296 1148
f 4296 306 1148
f 1149 1147 4297
f 4297 1147 1148
f 1149 4297 27
f 4297 1148 27
f 28 1118 4298
f 4298 1118 1151
f 1118 297 4299
f 4299 297 1150
f 1151 1118 4299
f 4299 1150 1151
f 1151 1150 4300
f 4300 1150 309
f 297 1115 4301
f 4301 1115 1153
f 1115 83 4302
f 4302 83 1152
f 1153 1115 4302
f 4302 1152 1153
f 1153 1152 4303
f 4303 1152 308
f 309 1150 4304
f 4304 1154 309
f 1150 297 4301
f 4301 1153 1150
f 1154 4304 1153
f 4304 1150 1153
f 1154 1153 4303
f 4303 308 1154
f 309 1154 4305
f 4305 1154 1156
f 1154 308 4306
f 4306 308 1155
f 1156 1154 4306
f 4306 1155 1156
f 1156 1155 4307
f 4307 1155 88
f 83 1106 4308
f 4308 1106 1158
f 1106 294 4309
f 4309 294 1157
f 1158 1106 4309
f 4309 1157 1158
f 1158 1157 4310
f 4310 1157 310
f 294 1103 4311
f 4311 1103 1159
f 1103 26 4312
f 4312 26 1122
f 1159 1103 4312
f 4312 1122 1159
f 1159 1122 4313
f 4313 1122 301
f 310 1157 4314
f 4314 1160 310
f 1157 294 4311
f 4311 1159 1157
f 1160 4314 1159
f 4314 1157 1159
f 1160 1159 4313
f 4313 301 1160
f 310 1160 4315
f 4315 1160 1161
f 1160 301 4316
f 4316 301 1128
f 1161 1160 4316
f 4316 1128 1161
f 1161 1128 4317
f 4317 1128 87
f 88 1155 4318
f 4318 1163 88
f 1155 308 4319
f 4319 1162 1155
f 1163 4318 1162
f 4318 1155 1162
f 1163 1162 4320
f 4320 311 1163
f 308 1152 4321
f 4321 1164 308
f 1152 83 4308
f 4308 1158 1152
f 1164 4321 1158
f 4321 1152 1158
f 1164 1158 4310
f 4310 310 1164
f 311 4320 1165
f 4320 1162 1165
f 1162 4319 1164
f 4319 308 1164
f 1165 1162 4322
f 4322 1162 1164
f 1165 4322 310
f 4322 1164 310
f 311 1165 4323
f 4323 1166 311
f 1165 310 4315
f 4315 1161 1165
f 1166 4323 1161
f 4323 1165 1161
f 1166 1161 4317
f 4317 87 1166
f 88 1163 4324
f 4324 1163 1168
f 1163 311 4325
f 4325 311 1167
f 1168 1163 4325
f 4325 1167 1168
f 1168 1167 4326
f 4326 1167 312
f 311 1166 4327
f 4327 1166 1169
f 1166 87 4328
f 4328 87 1144
f 1169 1166 4328
f 4328 1144 1169
f 1169 1144 4329
f 4329 1144 307
f 312 1167 4330
f 4330 1170 312
f 1167 311 4327
f 4327 1169 1167
f 1170 4330 1169
f 4330 1167 1169
f 1170 1169 4329
f 4329 307 1170
f 312 1170 4331
f 4331 1170 1171
f 1170 307 4332
f 4332 307 1149
f 1171 1170 4332
f 4332 1149 1171
f 1171 1149 4333
f 4333 1149 27
f 28 4298 1173
f 4298 1151 1173
f 1151 4300 1172
f 4300 309 1172
f 1173 1151 4334
f 4334 1151 1172
f 1173 4334 314
f 4334 1172 314
f 309 4305 1175
f 4305 1156 1175
f 1156 4307 1174
f 4307 88 1174
f 1175 1156 4335
f 4335 1156 1174
f 1175 4335 313
f 4335 1174 313
f 314 1172 4336
f 4336 1172 1176
f 1172 309 4337
f 4337 309 1175
f 1176 1172 4337
f 4337 1175 1176
f 1176 1175 4338
f 4338 1175 313
f 314 4336 1178
f 4336 1176 1178
f 1176 4338 1177
f 4338 313 1177
f 1178 1176 4339
f 4339 1176 1177
f 1178 4339 90
f 4339 1177 90
f 88 4324 1180
f 4324 1168 1180
f 1168 4326 1179
f 4326 312 1179
f 1180 1168 4340
f 4340 1168 1179
f 1180 4340 316
f 4340 1179 316
f 312 4331 1182
f 4331 1171 1182
f 1171 4333 1181
f 4333 27 1181
f 1182 1171 4341
f 4341 1171 1181
f 1182 4341 315
f 4341 1181 315
f 316 1179 4342
f 4342 1179 1183
f 1179 312 4343
f 4343 312 1182
f 1183 1179 4343
f 4343 1182 1183
f 1183 1182 4344
f 4344 1182 315
f 316 4342 1185
f 4342 1183 1185
f 1183 4344 1184
f 4344 315 1184
f 1185 1183 4345
f 4345 1183 1184
f 1185 4345 89
f 4345 1184 89
f 90 1177 4346
f 4346 1177 1187
f 1177 313 4347
f 4347 313 1186
f 1187 1177 4347
f 4347 1186 1187
f 1187 1186 4348
f 4348 1186 317
f 313 1174 4349
f 4349 1174 1188
f 1174 88 4350
f 4350 88 1180
f 1188 1174 4350
f 4350 1180 1188
f 1188 1180 4351
f 4351 1180 316
f 317 1186 4352
f 4352 1189 317
f 1186 313 4349
f 4349 1188 1186
f 1189 4352 1188
f 4352 1186 1188
f 1189 1188 4351
f 4351 316 1189
f 317 1189 4353
f 4353 1189 1190
f 1189 316 4354
f 4354 316 1185
f 1190 1189 4354
f 4354 1185 1190
f 1190 1185 4355
f 4355 1185 89
f 90 4346 1192
f 4346 1187 1192
f 1187 4348 1191
f 4348 317 1191
f 1192 1187 4356
f 4356 1187 1191
f 1192 4356 319
f 4356 1191 319
f 317 4353 1194
f 4353 1190 1194
f 1190 4355 1193
f 4355 89 1193
f 1194 1190 4357
f 4357 1190 1193
f 1194 4357 318
f 4357 1193 318
f 319 1191 4358
f 4358 1191 1195
f 1191 317 4359
f 4359 317 1194
f 1195 1191 4359
f 4359 1194 1195
f 1195 1194 4360
f 4360 1194 318
f 319 4358 1197
f 4358 1195 1197
f 1195 4360 1196
f 4360 318 1196
f 1197 1195 4361
f 4361 1195 1196
f 1197 4361 12
f 4361 1196 12
f 10 4362 1200
f 4362 1198 1200
f 1198 4363 1199
f 4363 320 1199
f 1200 1198 4364
f 4364 1198 1199
f 1200 4364 322
f 4364 1199 322
f 320 4365 1203
f 4365 1201 1203
f 1201 4366 1202
f 4366 91 1202
f 1203 1201 4367
f 4367 1201 1202
f 1203 4367 321
f 4367 1202 321
f 322 1199 4368
f 4368 1199 1204
f 1199 320 4369
f 4369 320 1203
f 1204 1199 4369
f 4369 1203 1204
f 1204 1203 4370
f 4370 1203 321
f 322 4368 1206
f 4368 1204 1206
f 1204 4370 1205
f 4370 321 1205
f 1206 1204 4371
f 4371 1204 1205
f 1206 4371 93
f 4371 1205 93
f 91 4372 1209
f 4372 1207 1209
f 1207 4373 1208
f 4373 323 1208
f 1209 1207 4374
f 4374 1207 1208
f 1209 4374 325
f 4374 1208 325
f 323 4375 1212
f 4375 1210 1212
f 1210 4376 1211
f 4376 29 1211
f 1212 1210 4377
f 4377 1210 1211
f 1212 4377 324
f 4377 1211 324
f 325 1208 4378
f 4378 1208 1213
f 1208 323 4379
f 4379 323 1212
f 1213 1208 4379
f 4379 1212 1213
f 1213 1212 4380
f 4380 1212 324
f 325 4378 1215
f 4378 1213 1215
f 1213 4380 1214
f 4380 324 1214
f 1215 1213 4381
f 4381 1213 1214
f 1215 4381 92
f 4381 1214 92
f 93 1205 4382
f 4382 1205 1217
f 1205 321 4383
f 4383 321 1216
f 1217 1205 4383
f 4383 1216 1217
f 1217 1216 4384
f 4384 1216 326
f 321 1202 4385
f 4385 1202 1218
f 1202 91 4386
f 4386 91 1209
f 1218 1202 4386
f 4386 1209 1218
f 1218 1209 4387
f 4387 1209 325
f 326 1216 4388
f 4388 1219 326
f 1216 321 4385
f 4385 1218 1216
f 1219 4388 1218
f 4388 1216 1218
f 1219 1218 4387
f 4387 325 1219
f 326 1219 4389
f 4389 1219 1220
f 1219 325 4390
f 4390 325 1215
f 1220 1219 4390
f 4390 1215 1220
f 1220 1215 4391
f 4391 1215 92
f 93 4382 1222
f 4382 1217 1222
f 1217 4384 1221
f 4384 326 1221
f 1222 1217 4392
f 4392 1217 1221
f 1222 4392 328
f 4392 1221 328
f 326 4389 1224
f 4389 1220 1224
f 1220 4391 1223
f 4391 92 1223
f 1224 1220 4393
f 4393 1220 1223
f 1224 4393 327
f 4393 1223 327
f 328 1221 4394
f 4394 1221 1225
f 1221 326 4395
f 4395 326 1224
f 1225 1221 4395
f 4395 1224 1225
f 1225 1224 4396
f 4396 1224 327
f 328 4394 1227
f 4394 1225 1227
f 1225 4396 1226
f 4396 327 1226
f 1227 1225 4397
f 4397 1225 1226
f 1227 4397 31
f 4397 1226 31
f 29 4398 1230
f 4398 1228 1230
f 1228 4399 1229
f 4399 329 1229
f 1230 1228 4400
f 4400 1228 1229
f 1230 4400 331
f 4400 1229 331
f 329 4401 1233
f 4401 1231 1233
f 1231 4402 1232
f 4402 94 1232
f 1233 1231 4403
f 4403 1231 1232
f 1233 4403 330
f 4403 1232 330
f 331 1229 4404
f 4404 1229 1234
f 1229 329 4405
f 4405 329 1233
f 1234 1229 4405
f 4405 1233 1234
f 1234 1233 4406
f 4406 1233 330
f 331 4404 1236
f 4404 1234 1236
f 1234 4406 1235
f 4406 330 1235
f 1236 1234 4407
f 4407 1234 1235
f 1236 4407 96
f 4407 1235 96
f 94 4408 1239
f 4408 1237 1239
f 1237 4409 1238
f 4409 332 1238
f 1239 1237 4410
f 4410 1237 1238
f 1239 4410 334
f 4410 1238 334
f 332 4411 1242
f 4411 1240 1242
f 1240 4412 1241
f 4412 5 1241
f 1242 1240 4413
f 4413 1240 1241
f 1242 4413 333
f 4413 1241 333
f 334 1238 4414
f 4414 1238 1243
f 1238 332 4415
f 4415 332 1242
f 1243 1238 4415
f 4415 1242 1243
f 1243 1242 4416
f 4416 1242 333
f 334 4414 1245
f 4414 1243 1245
f 1243 4416 1244
f 4416 333 1244
f 1245 1243 4417
f 4417 1243 1244
f 1245 4417 95
f 4417 1244 95
f 96 1235 4418
f 4418 1235 1247
f 1235 330 4419
f 4419 330 1246
f 1247 1235 4419
f 4419 1246 1247
f 1247 1246 4420
f 4420 1246 335
f 330 1232 4421
f 4421 1232 1248
f 1232 94 4422
f 4422 94 1239
f 1248 1232 4422
f 4422 1239 1248
f 1248 1239 4423
f 4423 1239 334
f 335 1246 4424
f 4424 1249 335
f 1246 330 4421
f 4421 1248 1246
f 1249 4424 1248
f 4424 1246 1248
f 1249 1248 4423
f 4423 334 1249
f 335 1249 4425
f 4425 1249 1250
f 1249 334 4426
f 4426 334 1245
f 1250 1249 4426
f 4426 1245 1250
f 1250 1245 4427
f 4427 1245 95
f 96 4418 1252
f 4418 1247 1252
f 1247 4420 1251
f 4420 335 1251
f 1252 1247 4428
f 4428 1247 1251
f 1252 4428 337
f 4428 1251 337
f 335 4425 1254
f 4425 1250 1254
f 1250 4427 1253
f 4427 95 1253
f 1254 1250 4429
f 4429 1250 1253
f 1254 4429 336
f 4429 1253 336
f 337 1251 4430
f 4430 1251 1255
f 1251 335 4431
f 4431 335 1254
f 1255 1251 4431
f 4431 1254 1255
f 1255 1254 4432
f 4432 1254 336
f 337 4430 1257
f 4430 1255 1257
f 1255 4432 1256
f 4432 336 1256
f 1257 1255 4433
f 4433 1255 1256
f 1257 4433 30
f 4433 1256 30
f 31 1226 4434
f 4434 1226 1259
f 1226 327 4435
f 4435 327 1258
f 1259 1226 4435
f 4435 1258 1259
f 1259 1258 4436
f 4436 1258 339
f 327 1223 4437
f 4437 1223 1261
f 1223 92 4438
f 4438 92 1260
f 1261 1223 4438
f 4438 1260 1261
f 1261 1260 4439
f 4439 1260 338
f 339 1258 4440
f 4440 1262 339
f 1258 327 4437
f 4437 1261 1258
f 1262 4440 1261
f 4440 1258 1261
f 1262 1261 4439
f 4439 338 1262
f 339 1262 4441
f 4441 1262 1264
f 1262 338 4442
f 4442 338 1263
f 1264 1262 4442
f 4442 1263 1264
f 1264 1263 4443
f 4443 1263 97
f 92 1214 4444
f 4444 1214 1266
f 1214 324 4445
f 4445 324 1265
f 1266 1214 4445
f 4445 1265 1266
f 1266 1265 4446
f 4446 1265 340
f 324 1211 4447
f 4447 1211 1267
f 1211 29 4448
f 4448 29 1230
f 1267 1211 4448
f 4448 1230 1267
f 1267 1230 4449
f 4449 1230 331
f 340 1265 4450
f 4450 1268 340
f 1265 324 4447
f 4447 1267 1265
f 1268 4450 1267
f 4450 1265 1267
f 1268 1267 4449
f 4449 331 1268
f 340 1268 4451
f 4451 1268 1269
f 1268 331 4452
f 4452 331 1236
f 1269 1268 4452
f 4452 1236 1269
f 1269 1236 4453
f 4453 1236 96
f 97 1263 4454
f 4454 1271 97
f 1263 338 4455
f 4455 1270 1263
f 1271 4454 1270
f 4454 1263 1270
f 1271 1270 4456
f 4456 341 1271
f 338 1260 4457
f 4457 1272 338
f 1260 92 4444
f 4444 1266 1260
f 1272 4457 1266
f 4457 1260 1266
f 1272 1266 4446
f 4446 340 1272
f 341 4456 1273
f 4456 1270 1273
f 1270 4455 1272
f 4455 338 1272
f 1273 1270 4458
f 4458 1270 1272
f 1273 4458 340
f 4458 1272 340
f 341 1273 4459
f 4459 1274 341
f 1273 340 4451
f 4451 1269 1273
f 1274 4459 1269
f 4459 1273 1269
f 1274 1269 4453
f 4453 96 1274
f 97 1271 4460
f 4460 1271 1276
f 1271 341 4461
f 4461 341 1275
f 1276 1271 4461
f 4461 1275 1276
f 1276 1275 4462
f 4462 1275 342
f 341 1274 4463
f 4463 1274 1277
f 1274 96 4464
f 4464 96 1252
f 1277 1274 4464
f 4464 1252 1277
f 1277 1252 4465
f 4465 1252 337
f 342 1275 4466
f 4466 1278 342
f 1275 341 4463
f 4463 1277 1275
f 1278 4466 1277
f 4466 1275 1277
f 1278 1277 4465
f 4465 337 1278
f 342 1278 4467
f 4467 1278 1279
f 1278 337 4468
f 4468 337 1257
f 1279 1278 4468
f 4468 1257 1279
f 1279 1257 4469
f 4469 1257 30
f 31 4434 1281
f 4434 1259 1281
f 1259 4436 1280
f 4436 339 1280
f 1281 1259 4470
f 4470 1259 1280
f 1281 4470 344
f 4470 1280 344
f 339 4441 1283
f 4441 1264 1283
f 1264 4443 1282
f 4443 97 1282
f 1283 1264 4471
f 4471 1264 1282
f 1283 4471 343
f 4471 1282 343
f 344 1280 4472
f 4472 1280 1284
f 1280 339 4473
f 4473 339 1283
f 1284 1280 4473
f 4473 1283 1284
f 1284 1283 4474
f 4474 1283 343
f 344 4472 1286
f 4472 1284 1286
f 1284 4474 1285
f 4474 343 1285
f 1286 1284 4475
f 4475 1284 1285
f 1286 4475 99
f 4475 1285 99
f 97 4460 1288
f 4460 1276 1288
f 1276 4462 1287
f 4462 342 1287
f 1288 1276 4476
f 4476 1276 1287
f 1288 4476 346
f 4476 1287 346
f 342 4467 1290
f 4467 1279 1290
f 1279 4469 1289
f 4469 30 1289
f 1290 1279 4477
f 4477 1279 1289
f 1290 4477 345
f 4477 1289 345
f 346 1287 4478
f 4478 1287 1291
f 1287 342 4479
f 4479 342 1290
f 1291 1287 4479
f 4479 1290 1291
f 1291 1290 4480
f 4480 1290 345
f 346 4478 1293
f 4478 1291 1293
f 1291 4480 1292
f 4480 345 1292
f 1293 1291 4481
f 4481 1291 1292
f 1293 4481 98
f 4481 1292 98
f 99 1285 4482
f 4482 1285 1295
f 1285 343 4483
f 4483 343 1294
f 1295 1285 4483
f 4483 1294 1295
f 1295 1294 4484
f 4484 1294 347
f 343 1282 4485
f 4485 1282 1296
f 1282 97 4486
f 4486 97 1288
f 1296 1282 4486
f 4486 1288 1296
f 1296 1288 4487
f 4487 1288 346
f 347 1294 4488
f 4488 1297 347
f 1294 343 4485
f 4485 1296 1294
f 1297 4488 1296
f 4488 1294 1296
f 1297 1296 4487
f 4487 346 1297
f 347 1297 4489
f 4489 1297 1298
f 1297 346 4490
f 4490 346 1293
f 1298 1297 4490
f 4490 1293 1298
f 1298 1293 4491
f 4491 1293 98
f 99 4482 1300
f 4482 1295 1300
f 1295 4484 1299
f 4484 347 1299
f 1300 1295 4492
f 4492 1295 1299
f 1300 4492 349
f 4492 1299 349
f 347 4489 1302
f 4489 1298 1302
f 1298 4491 1301
f 4491 98 1301
f 1302 1298 4493
f 4493 1298 1301
f 1302 4493 348
f 4493 1301 348
f 349 1299 4494
f 4494 1299 1303
f 1299 347 4495
f 4495 347 1302
f 1303 1299 4495
f 4495 1302 1303
f 1303 1302 4496
f 4496 1302 348
f 349 4494 1305
f 4494 1303 1305
f 1303 4496 1304
f 4496 348 1304
f 1305 1303 4497
f 4497 1303 1304
f 1305 4497 11
f 4497 1304 11
f 12 1196 4498
f 4498 1196 1307
f 1196 318 4499
f 4499 318 1306
f 1307 1196 4499
f 4499 1306 1307
f 1307 1306 4500
f 4500 1306 351
f 318 1193 4501
f 4501 1193 1309
f 1193 89 4502
f 4502 89 1308
f 1309 1193 4502
f 4502 1308 1309
f 1309 1308 4503
f 4503 1308 350
f 351 1306 4504
f 4504 1310 351
f 1306 318 4501
f 4501 1309 1306
f 1310 4504 1309
f 4504 1306 1309
f 1310 1309 4503
f 4503 350 1310
f 351 1310 4505
f 4505 1310 1312
f 1310 350 4506
f 4506 350 1311
f 1312 1310 4506
f 4506 1311 1312
f 1312 1311 4507
f 4507 1311 101
f 89 1184 4508
f 4508 1184 1314
f 1184 315 4509
f 4509 315 1313
f 1314 1184 4509
f 4509 1313 1314
f 1314 1313 4510
f 4510 1313 353
f 315 1181 4511
f 4511 1181 1316
f 1181 27 4512
f 4512 27 1315
f 1316 1181 4512
f 4512 1315 1316
f 1316 1315 4513
f 4513 1315 352
f 353 1313 4514
f 4514 1317 353
f 1313 315 4511
f 4511 1316 1313
f 1317 4514 1316
f 4514 1313 1316
f 1317 1316 4513
f 4513 352 1317
f 353 1317 4515
f 4515 1317 1319
f 1317 352 4516
f 4516 352 1318
f 1319 1317 4516
f 4516 1318 1319
f 1319 1318 4517
f 4517 1318 100
f 101 1311 4518
f 4518 1321 101
f 1311 350 4519
f 4519 1320 1311
f 1321 4518 1320
f 4518 1311 1320
f 1321 1320 4520
f 4520 354 1321
f 350 1308 4521
f 4521 1322 350
f 1308 89 4508
f 4508 1314 1308
f 1322 4521 1314
f 4521 1308 1314
f 1322 1314 4510
f 4510 353 1322
f 354 4520 1323
f 4520 1320 1323
f 1320 4519 1322
f 4519 350 1322
f 1323 1320 4522
f 4522 1320 1322
f 1323 4522 353
f 4522 1322 353
f 354 1323 4523
f 4523 1324 354
f 1323 353 4515
f 4515 1319 1323
f 1324 4523 1319
f 4523 1323 1319
f 1324 1319 4517
f 4517 100 1324
f 101 1321 4524
f 4524 1321 1326
f 1321 354 4525
f 4525 354 1325
f 1326 1321 4525
f 4525 1325 1326
f 1326 1325 4526
f 4526 1325 356
f 354 1324 4527
f 4527 1324 1328
f 1324 100 4528
f 4528 100 1327
f 1328 1324 4528
f 4528 1327 1328
f 1328 1327 4529
f 4529 1327 355
f 356 1325 4530
f 4530 1329 356
f 1325 354 4527
f 4527 1328 1325
f 1329 4530 1328
f 4530 1325 1328
f 1329 1328 4529
f 4529 355 1329
f 356 1329 4531
f 4531 1329 1331
f 1329 355 4532
f 4532 355 1330
f 1331 1329 4532
f 4532 1330 1331
f 1331 1330 4533
f 4533 1330 32
f 27 1148 4534
f 4534 1148 1333
f 1148 306 4535
f 4535 306 1332
f 1333 1148 4535
f 4535 1332 1333
f 1333 1332 4536
f 4536 1332 358
f 306 1145 4537
f 4537 1145 1335
f 1145 86 4538
f 4538 86 1334
f 1335 1145 4538
f 4538 1334 1335
f 1335 1334 4539
f 4539 1334 357
f 358 1332 4540
f 4540 1336 358
f 1332 306 4537
f 4537 1335 1332
f 1336 4540 1335
f 4540 1332 1335
f 1336 1335 4539
f 4539 357 1336
f 358 1336 4541
f 4541 1336 1338
f 1336 357 4542
f 4542 357 1337
f 1338 1336 4542
f 4542 1337 1338
f 1338 1337 4543
f 4543 1337 102
f 86 1136 4544
f 4544 1136 1340
f 1136 303 4545
f 4545 303 1339
f 1340 1136 4545
f 4545 1339 1340
f 1340 1339 4546
f 4546 1339 359
f 303 1133 4547
f 4547 1133 1341
f 1133 10 4548
f 4548 10 1200
f 1341 1133 4548
f 4548 1200 1341
f 1341 1200 4549
f 4549 1200 322
f 359 1339 4550
f 4550 1342 359
f 1339 303 4547
f 4547 1341 1339
f 1342 4550 1341
f 4550 1339 1341
f 1342 1341 4549
f 4549 322 1342
f 359 1342 4551
f 4551 1342 1343
f 1342 322 4552
f 4552 322 1206
f 1343 1342 4552
f 4552 1206 1343
f 1343 1206 4553
f 4553 1206 93
f 102 1337 4554
f 4554 1345 102
f 1337 357 4555
f 4555 1344 1337
f 1345 4554 1344
f 4554 1337 1344
f 1345 1344 4556
f 4556 360 1345
f 357 1334 4557
f 4557 1346 357
f 1334 86 4544
f 4544 1340 1334
f 1346 4557 1340
f 4557 1334 1340
f 1346 1340 4546
f 4546 359 1346
f 360 4556 1347
f 4556 1344 1347
f 1344 4555 1346
f 4555 357 1346
f 1347 1344 4558
f 4558 1344 1346
f 1347 4558 359
f 4558 1346 359
f 360 1347 4559
f 4559 1348 360
f 1347 359 4551
f 4551 1343 1347
f 1348 4559 1343
f 4559 1347 1343
f 1348 1343 4553
f 4553 93 1348
f 102 1345 4560
f 4560 1345 1350
f 1345 360 4561
f 4561 360 1349
f 1350 1345 4561
f 4561 1349 1350
f 1350 1349 4562
f 4562 1349 361
f 360 1348 4563
f 4563 1348 1351
f 1348 93 4564
f 4564 93 1222
f 1351 1348 4564
f 4564 1222 1351
f 1351 1222 4565
f 4565 1222 328
f 361 1349 4566
f 4566 1352 361
f 1349 360 4563
f 4563 1351 1349
f 1352 4566 1351
f 4566 1349 1351
f 1352 1351 4565
f 4565 328 1352
f 361 1352 4567
f 4567 1352 1353
f 1352 328 4568
f 4568 328 1227
f 1353 1352 4568
f 4568 1227 1353
f 1353 1227 4569
f 4569 1227 31
f 32 1330 4570
f 4570 1355 32
f 1330 355 4571
f 4571 1354 1330
f 1355 4570 1354
f 4570 1330 1354
f 1355 1354 4572
f 4572 363 1355
f 355 1327 4573
f 4573 1357 355
f 1327 100 4574
f 4574 1356 1327
f 1357 4573 1356
f 4573 1327 1356
f 1357 1356 4575
f 4575 362 1357
f 363 4572 1358
f 4572 1354 1358
f 1354 4571 1357
f 4571 355 1357
f 1358 1354 4576
f 4576 1354 1357
f 1358 4576 362
f 4576 1357 362
f 363 1358 4577
f 4577 1360 363
f 1358 362 4578
f 4578 1359 1358
f 1360 4577 1359
f 4577 1358 1359
f 1360 1359 4579
f 4579 103 1360
f 100 1318 4580
f 4580 1362 100
f 1318 352 4581
f 4581 1361 1318
f 1362 4580 1361
f 4580 1318 1361
f 1362 1361 4582
f 4582 364 1362
f 352 1315 4583
f 4583 1363 352
f 1315 27 4534
f 4534 1333 1315
f 1363 4583 1333
f 4583 1315 1333
f 1363 1333 4536
f 4536 358 1363
f 364 4582 1364
f 4582 1361 1364
f 1361 4581 1363
f 4581 352 1363
f 1364 1361 4584
f 4584 1361 1363
f 1364 4584 358
f 4584 1363 358
f 364 1364 4585
f 4585 1365 364
f 1364 358 4541
f 4541 1338 1364
f 1365 4585 1338
f 4585 1364 1338
f 1365 1338 4543
f 4543 102 1365
f 103 4579 1367
f 4579 1359 1367
f 1359 4578 1366
f 4578 362 1366
f 1367 1359 4586
f 4586 1359 1366
f 1367 4586 365
f 4586 1366 365
f 362 4575 1368
f 4575 1356 1368
f 1356 4574 1362
f 4574 100 1362
f 1368 1356 4587
f 4587 1356 1362
f 1368 4587 364
f 4587 1362 364
f 365 1366 4588
f 4588 1366 1369
f 1366 362 4589
f 4589 362 1368
f 1369 1366 4589
f 4589 1368 1369
f 1369 1368 4590
f 4590 1368 364
f 365 4588 1370
f 4588 1369 1370
f 1369 4590 1365
f 4590 364 1365
f 1370 1369 4591
f 4591 1369 1365
f 1370 4591 102
f 4591 1365 102
f 103 1367 4592
f 4592 1372 103
f 1367 365 4593
f 4593 1371 1367
f 1372 4592 1371
f 4592 1367 1371
f 1372 1371 4594
f 4594 366 1372
f 365 1370 4595
f 4595 1373 365
f 1370 102 4560
f 4560 1350 1370
f 1373 4595 1350
f 4595 1370 1350
f 1373 1350 4562
f 4562 361 1373
f 366 4594 1374
f 4594 1371 1374
f 1371 4593 1373
f 4593 365 1373
f 1374 1371 4596
f 4596 1371 1373
f 1374 4596 361
f 4596 1373 361
f 366 1374 4597
f 4597 1375 366
f 1374 361 4567
f 4567 1353 1374
f 1375 4597 1353
f 4597 1374 1353
f 1375 1353 4569
f 4569 31 1375
f 32 1355 4598
f 4598 1355 1377
f 1355 363 4599
f 4599 363 1376
f 1377 1355 4599
f 4599 1376 1377
f 1377 1376 4600
f 4600 1376 368
f 363 1360 4601
f 4601 1360 1379
f 1360 103 4602
f 4602 103 1378
f 1379 1360 4602
f 4602 1378 1379
f 1379 1378 4603
f 4603 1378 367
f 368 1376 4604
f 4604 1380 368
f 1376 363 4601
f 4601 1379 1376
f 1380 4604 1379
f 4604 1376 1379
f 1380 1379 4603
f 4603 367 1380
f 368 1380 4605
f 4605 1380 1382
f 1380 367 4606
f 4606 367 1381
f 1382 1380 4606
f 4606 1381 1382
f 1382 1381 4607
f 4607 1381 104
f 103 1372 4608
f 4608 1372 1384
f 1372 366 4609
f 4609 366 1383
f 1384 1372 4609
f 4609 1383 1384
f 1384 1383 4610
f 4610 1383 369
f 366 1375 4611
f 4611 1375 1385
f 1375 31 4612
f 4612 31 1281
f 1385 1375 4612
f 4612 1281 1385
f 1385 1281 4613
f 4613 1281 344
f 369 1383 4614
f 4614 1386 369
f 1383 366 4611
f 4611 1385 1383
f 1386 4614 1385
f 4614 1383 1385
f 1386 1385 4613
f 4613 344 1386
f 369 1386 4615
f 4615 1386 1387
f 1386 344 4616
f 4616 344 1286
f 1387 1386 4616
f 4616 1286 1387
f 1387 1286 4617
f 4617 1286 99
f 104 1381 4618
f 4618 1389 104
f 1381 367 4619
f 4619 1388 1381
f 1389 4618 1388
f 4618 1381 1388
f 1389 1388 4620
f 4620 370 1389
f 367 1378 4621
f 4621 1390 367
f 1378 103 4608
f 4608 1384 1378
f 1390 4621 1384
f 4621 1378 1384
f 1390 1384 4610
f 4610 369 1390
f 370 4620 1391
f 4620 1388 1391
f 1388 4619 1390
f 4619 367 1390
f 1391 1388 4622
f 4622 1388 1390
f 1391 4622 369
f 4622 1390 369
f 370 1391 4623
f 4623 1392 370
f 1391 369 4615
f 4615 1387 1391
f 1392 4623 1387
f 4623 1391 1387
f 1392 1387 4617
f 4617 99 1392
f 104 1389 4624
f 4624 1389 1394
f 1389 370 4625
f 4625 370 1393
f 1394 1389 4625
f 4625 1393 1394
f 1394 1393 4626
f 4626 1393 371
f 370 1392 4627
f 4627 1392 1395
f 1392 99 4628
f 4628 99 1300
f 1395 1392 4628
f 4628 1300 1395
f 1395 1300 4629
f 4629 1300 349
f 371 1393 4630
f 4630 1396 371
f 1393 370 4627
f 4627 1395 1393
f 1396 4630 1395
f 4630 1393 1395
f 1396 1395 4629
f 4629 349 1396
f 371 1396 4631
f 4631 1396 1397
f 1396 349 4632
f 4632 349 1305
f 1397 1396 4632
f 4632 1305 1397
f 1397 1305 4633
f 4633 1305 11
f 12 4498 1399
f 4498 1307 1399
f 1307 4500 1398
f 4500 351 1398
f 1399 1307 4634
f 4634 1307 1398
f 1399 4634 373
f 4634 1398 373
f 351 4505 1401
f 4505 1312 1401
f 1312 4507 1400
f 4507 101 1400
f 1401 1312 4635
f 4635 1312 1400
f 1401 4635 372
f 4635 1400 372
f 373 1398 4636
f 4636 1398 1402
f 1398 351 4637
f 4637 351 1401
f 1402 1398 4637
f 4637 1401 1402
f 1402 1401 4638
f 4638 1401 372
f 373 4636 1404
f 4636 1402 1404
f 1402 4638 1403
f 4638 372 1403
f 1404 1402 4639
f 4639 1402 1403
f 1404 4639 106
f 4639 1403 106
f 101 4524 1406
f 4524 1326 1406
f 1326 4526 1405
f 4526 356 1405
f 1406 1326 4640
f 4640 1326 1405
f 1406 4640 375
f 4640 1405 375
f 356 4531 1408
f 4531 1331 1408
f 1331 4533 1407
f 4533 32 1407
f 1408 1331 4641
f 4641 1331 1407
f 1408 4641 374
f 4641 1407 374
f 375 1405 4642
f 4642 1405 1409
f 1405 356 4643
f 4643 356 1408
f 1409 1405 4643
f 4643 1408 1409
f 1409 1408 4644
f 4644 1408 374
f 375 4642 1411
f 4642 1409 1411
f 1409 4644 1410
f 4644 374 1410
f 1411 1409 4645
f 4645 1409 1410
f 1411 4645 105
f 4645 1410 105
f 106 1403 4646
f 4646 1403 1413
f 1403 372 4647
f 4647 372 1412
f 1413 1403 4647
f 4647 1412 1413
f 1413 1412 4648
f 4648 1412 376
f 372 1400 4649
f 4649 1400 1414
f 1400 101 4650
f 4650 101 1406
f 1414 1400 4650
f 4650 1406 1414
f 1414 1406 4651
f 4651 1406 375
f 376 1412 4652
f 4652 1415 376
f 1412 372 4649
f 4649 1414 1412
f 1415 4652 1414
f 4652 1412 1414
f 1415 1414 4651
f 4651 375 1415
f 376 1415 4653
f 4653 1415 1416
f 1415 375 4654
f 4654 375 1411
f 1416 1415 4654
f 4654 1411 1416
f 1416 1411 4655
f 4655 1411 105
f 106 4646 1418
f 4646 1413 1418
f 1413 4648 1417
f 4648 376 1417
f 1418 1413 4656
f 4656 1413 1417
f 1418 4656 378
f 4656 1417 378
f 376 4653 1420
f 4653 1416 1420
f 1416 4655 1419
f 4655 105 1419
f 1420 1416 4657
f 4657 1416 1419
f 1420 4657 377
f 4657 1419 377
f 378 1417 4658
f 4658 1417 1421
f 1417 376 4659
f 4659 376 1420
f 1421 1417 4659
f 4659 1420 1421
f 1421 1420 4660
f 4660 1420 377
f 378 4658 1423
f 4658 1421 1423
f 1421 4660 1422
f 4660 377 1422
f 1423 1421 4661
f 4661 1421 1422
f 1423 4661 34
f 4661 1422 34
f 32 4598 1425
f 4598 1377 1425
f 1377 4600 1424
f 4600 368 1424
f 1425 1377 4662
f 4662 1377 1424
f 1425 4662 380
f 4662 1424 380
f 368 4605 1427
f 4605 1382 1427
f 1382 4607 1426
f 4607 104 1426
f 1427 1382 4663
f 4663 1382 1426
f 1427 4663 379
f 4663 1426 379
f 380 1424 4664
f 4664 1424 1428
f 1424 368 4665
f 4665 368 1427
f 1428 1424 4665
f 4665 1427 1428
f 1428 1427 4666
f 4666 1427 379
f 380 4664 1430
f 4664 1428 1430
f 1428 4666 1429
f 4666 379 1429
f 1430 1428 4667
f 4667 1428 1429
f 1430 4667 108
f 4667 1429 108
f 104 4624 1432
f 4624 1394 1432
f 1394 4626 1431
f 4626 371 1431
f 1432 1394 4668
f 4668 1394 1431
f 1432 4668 382
f 4668 1431 382
f 371 4631 1434
f 4631 1397 1434
f 1397 4633 1433
f 4633 11 1433
f 1434 1397 4669
f 4669 1397 1433
f 1434 4669 381
f 4669 1433 381
f 382 1431 4670
f 4670 1431 1435
f 1431 371 4671
f 4671 371 1434
f 1435 1431 4671
f 4671 1434 1435
f 1435 1434 4672
f 4672 1434 381
f 382 4670 1437
f 4670 1435 1437
f 1435 4672 1436
f 4672 381 1436
f 1437 1435 4673
f 4673 1435 1436
f 1437 4673 107
f 4673 1436 107
f 108 1429 4674
f 4674 1429 1439
f 1429 379 4675
f 4675 379 1438
f 1439 1429 4675
f 4675 1438 1439
f 1439 1438 4676
f 4676 1438 383
f 379 1426 4677
f 4677 1426 1440
f 1426 104 4678
f 4678 104 1432
f 1440 1426 4678
f 4678 1432 1440
f 1440 1432 4679
f 4679 1432 382
f 383 1438 4680
f 4680 1441 383
f 1438 379 4677
f 4677 1440 1438
f 1441 4680 1440
f 4680 1438 1440
f 1441 1440 4679
f 4679 382 1441
f 383 1441 4681
f 4681 1441 1442
f 1441 382 4682
f 4682 382 1437
f 1442 1441 4682
f 4682 1437 1442
f 1442 1437 4683
f 4683 1437 107
f 108 4674 1444
f 4674 1439 1444
f 1439 4676 1443
f 4676 383 1443
f 1444 1439 4684
f 4684 1439 1443
f 1444 4684 385
f 4684 1443 385
f 383 4681 1446
f 4681 1442 1446
f 1442 4683 1445
f 4683 107 1445
f 1446 1442 4685
f 4685 1442 1445
f 1446 4685 384
f 4685 1445 384
f 385 1443 4686
f 4686 1443 1447
f 1443 383 4687
f 4687 383 1446
f 1447 1443 4687
f 4687 1446 1447
f 1447 1446 4688
f 4688 1446 384
f 385 4686 1449
f 4686 1447 1449
f 1447 4688 1448
f 4688 384 1448
f 1449 1447 4689
f 4689 1447 1448
f 1449 4689 33
f 4689 1448 33
f 34 1422 4690
f 4690 1422 1451
f 1422 377 4691
f 4691 377 1450
f 1451 1422 4691
f 4691 1450 1451
f 1451 1450 4692
f 4692 1450 387
f 377 1419 4693
f 4693 1419 1453
f 1419 105 4694
f 4694 105 1452
f 1453 1419 4694
f 4694 1452 1453
f 1453 1452 4695
f 4695 1452 386
f 387 1450 4696
f 4696 1454 387
f 1450 377 4693
f 4693 1453 1450
f 1454 4696 1453
f 4696 1450 1453
f 1454 1453 4695
f 4695 386 1454
f 387 1454 4697
f 4697 1454 1456
f 1454 386 4698
f 4698 386 1455
f 1456 1454 4698
f 4698 1455 1456
f 1456 1455 4699
f 4699 1455 109
f 105 1410 4700
f 4700 1410 1458
f 1410 374 4701
f 4701 374 1457
f 1458 1410 4701
f 4701 1457 1458
f 1458 1457 4702
f 4702 1457 388
f 374 1407 4703
f 4703 1407 1459
f 1407 32 4704
f 4704 32 1425
f 1459 1407 4704
f 4704 1425 1459
f 1459 1425 4705
f 4705 1425 380
f 388 1457 4706
f 4706 1460 388
f 1457 374 4703
f 4703 1459 1457
f 1460 4706 1459
f 4706 1457 1459
f 1460 1459 4705
f 4705 380 1460
f 388 1460 4707
f 4707 1460 1461
f 1460 380 4708
f 4708 380 1430
f 1461 1460 4708
f 4708 1430 1461
f 1461 1430 4709
f 4709 1430 108
f 109 1455 4710
f 4710 1463 109
f 1455 386 4711
f 4711 1462 1455
f 1463 4710 1462
f 4710 1455 1462
f 1463 1462 4712
f 4712 389 1463
f 386 1452 4713
f 4713 1464 386
f 1452 105 4700
f 4700 1458 1452
f 1464 4713 1458
f 4713 1452 1458
f 1464 1458 4702
f 4702 388 1464
f 389 4712 1465
f 4712 1462 1465
f 1462 4711 1464
f 4711 386 1464
f 1465 1462 4714
f 4714 1462 1464
f 1465 4714 388
f 4714 1464 388
f 389 1465 4715
f 4715 1466 389
f 1465 388 4707
f 4707 1461 1465
f 1466 4715 1461
f 4715 1465 1461
f 1466 1461 4709
f 4709 108 1466
f 109 1463 4716
f 4716 1463 1468
f 1463 389 4717
f 4717 389 1467
f 1468 1463 4717
f 4717 1467 1468
f 1468 1467 4718
f 4718 1467 390
f 389 1466 4719
f 4719 1466 1469
f 1466 108 4720
f 4720 108 1444
f 1469 1466 4720
f 4720 1444 1469
f 1469 1444 4721
f 4721 1444 385
f 390 1467 4722
f 4722 1470 390
f 1467 389 4719
f 4719 1469 1467
f 1470 4722 1469
f 4722 1467 1469
f 1470 1469 4721
f 4721 385 1470
f 390 1470 4723
f 4723 1470 1471
f 1470 385 4724
f 4724 385 1449
f 1471 1470 4724
f 4724 1449 1471
f 1471 1449 4725
f 4725 1449 33
f 34 4690 1473
f 4690 1451 1473
f 1451 4692 1472
f 4692 387 1472
f 1473 1451 4726
f 4726 1451 1472
f 1473 4726 392
f 4726 1472 392
f 387 4697 1475
f 4697 1456 1475
f 1456 4699 1474
f 4699 109 1474
f 1475 1456 4727
f 4727 1456 1474
f 1475 4727 391
f 4727 1474 391
f 392 1472 4728
f 4728 1472 1476
f 1472 387 4729
f 4729 387 1475
f 1476 1472 4729
f 4729 1475 1476
f 1476 1475 4730
f 4730 1475 391
f 392 4728 1478
f 4728 1476 1478
f 1476 4730 1477
f 4730 391 1477
f 1478 1476 4731
f 4731 1476 1477
f 1478 4731 111
f 4731 1477 111
f 109 4716 1480
f 4716 1468 1480
f 1468 4718 1479
f 4718 390 1479
f 1480 1468 4732
f 4732 1468 1479
f 1480 4732 394
f 4732 1479 394
f 390 4723 1482
f 4723 1471 1482
f 1471 4725 1481
f 4725 33 1481
f 1482 1471 4733
f 4733 1471 1481
f 1482 4733 393
f 4733 1481 393
f 394 1479 4734
f 4734 1479 1483
f 1479 390 4735
f 4735 390 1482
f 1483 1479 4735
f 4735 1482 1483
f 1483 1482 4736
f 4736 1482 393
f 394 4734 1485
f 4734 1483 1485
f 1483 4736 1484
f 4736 393 1484
f 1485 1483 4737
f 4737 1483 1484
f 1485 4737 110
f 4737 1484 110
f 111 1477 4738
f 4738 1477 1487
f 1477 391 4739
f 4739 391 1486
f 1487 1477 4739
f 4739 1486 1487
f 1487 1486 4740
f 4740 1486 395
f 391 1474 4741
f 4741 1474 1488
f 1474 109 4742
f 4742 109 1480
f 1488 1474 4742
f 4742 1480 1488
f 1488 1480 4743
f 4743 1480 394
f 395 1486 4744
f 4744 1489 395
f 1486 391 4741
f 4741 1488 1486
f 1489 4744 1488
f 4744 1486 1488
f 1489 1488 4743
f 4743 394 1489
f 395 1489 4745
f 4745 1489 1490
f 1489 394 4746
f 4746 394 1485
f 1490 1489 4746
f 4746 1485 1490
f 1490 1485 4747
f 4747 1485 110
f 111 4738 1492
f 4738 1487 1492
f 1487 4740 1491
f 4740 395 1491
f 1492 1487 4748
f 4748 1487 1491
f 1492 4748 397
f 4748 1491 397
f 395 4745 1494
f 4745 1490 1494
f 1490 4747 1493
f 4747 110 1493
f 1494 1490 4749
f 4749 1490 1493
f 1494 4749 396
f 4749 1493 396
f 397 1491 4750
f 4750 1491 1495
f 1491 395 4751
f 4751 395 1494
f 1495 1491 4751
f 4751 1494 1495
f 1495 1494 4752
f 4752 1494 396
f 397 4750 1497
f 4750 1495 1497
f 1495 4752 1496
f 4752 396 1496
f 1497 1495 4753
f 4753 1495 1496
f 1497 4753 7
f 4753 1496 7
f 5 4754 1500
f 4754 1498 1500
f 1498 4755 1499
f 4755 398 1499
f 1500 1498 4756
f 4756 1498 1499
f 1500 4756 400
f 4756 1499 400
f 398 4757 1503
f 4757 1501 1503
f 1501 4758 1502
f 4758 112 1502
f 1503 1501 4759
f 4759 1501 1502
f 1503 4759 399
f 4759 1502 399
f 400 1499 4760
f 4760 1499 1504
f 1499 398 4761
f 4761 398 1503
f 1504 1499 4761
f 4761 1503 1504
f 1504 1503 4762
f 4762 1503 399
f 400 4760 1506
f 4760 1504 1506
f 1504 4762 1505
f 4762 399 1505
f 1506 1504 4763
f 4763 1504 1505
f 1506 4763 114
f 4763 1505 114
f 112 4764 1509
f 4764 1507 1509
f 1507 4765 1508
f 4765 401 1508
f 1509 1507 4766
f 4766 1507 1508
f 1509 4766 403
f 4766 1508 403
f 401 4767 1512
f 4767 1510 1512
f 1510 4768 1511
f 4768 35 1511
f 1512 1510 4769
f 4769 1510 1511
f 1512 4769 402
f 4769 1511 402
f 403 1508 4770
f 4770 1508 1513
f 1508 401 4771
f 4771 401 1512
f 1513 1508 4771
f 4771 1512 1513
f 1513 1512 4772
f 4772 1512 402
f 403 4770 1515
f 4770 1513 1515
f 1513 4772 1514
f 4772 402 1514
f 1515 1513 4773
f 4773 1513 1514
f 1515 4773 113
f 4773 1514 113
f 114 1505 4774
f 4774 1505 1517
f 1505 399 4775
f 4775 399 1516
f 1517 1505 4775
f 4775 1516 1517
f 1517 1516 4776
f 4776 1516 404
f 399 1502 4777
f 4777 1502 1518
f 1502 112 4778
f 4778 112 1509
f 1518 1502 4778
f 4778 1509 1518
f 1518 1509 4779
f 4779 1509 403
f 404 1516 4780
f 4780 1519 404
f 1516 399 4777
f 4777 1518 1516
f 1519 4780 1518
f 4780 1516 1518
f 1519 1518 4779
f 4779 403 1519
f 404 1519 4781
f 4781 1519 1520
f 1519 403 4782
f 4782 403 1515
f 1520 1519 4782
f 4782 1515 1520
f 1520 1515 4783
f 4783 1515 113
f 114 4774 1522
f 4774 1517 1522
f 1517 4776 1521
f 4776 404 1521
f 1522 1517 4784
f 4784 1517 1521
f 1522 4784 406
f 4784 1521 406
f 404 4781 1524
f 4781 1520 1524
f 1520 4783 1523
f 4783 113 1523
f 1524 1520 4785
f 4785 1520 1523
f 1524 4785 405
f 4785 1523 405
f 406 1521 4786
f 4786 1521 1525
f 1521 404 4787
f 4787 404 1524
f 1525 1521 4787
f 4787 1524 1525
f 1525 1524 4788
f 4788 1524 405
f 406 4786 1527
f 4786 1525 1527
f 1525 4788 1526
f 4788 405 1526
f 1527 1525 4789
f 4789 1525 1526
f 1527 4789 37
f 4789 1526 37
f 35 4790 1530
f 4790 1528 1530
f 1528 4791 1529
f 4791 407 1529
f 1530 1528 4792
f 4792 1528 1529
f 1530 4792 409
f 4792 1529 409
f 407 4793 1533
f 4793 1531 1533
f 1531 4794 1532
f 4794 115 1532
f 1533 1531 4795
f 4795 1531 1532
f 1533 4795 408
f 4795 1532 408
f 409 1529 4796
f 4796 1529 1534
f 1529 407 4797
f 4797 407 1533
f 1534 1529 4797
f 4797 1533 1534
f 1534 1533 4798
f 4798 1533 408
f 409 4796 1536
f 4796 1534 1536
f 1534 4798 1535
f 4798 408 1535
f 1536 1534 4799
f 4799 1534 1535
f 1536 4799 117
f 4799 1535 117
f 115 4800 1539
f 4800 1537 1539
f 1537 4801 1538
f 4801 410 1538
f 1539 1537 4802
f 4802 1537 1538
f 1539 4802 412
f 4802 1538 412
f 410 4803 1542
f 4803 1540 1542
f 1540 4804 1541
f 4804 13 1541
f 1542 1540 4805
f 4805 1540 1541
f 1542 4805 411
f 4805 1541 411
f 412 1538 4806
f 4806 1538 1543
f 1538 410 4807
f 4807 410 1542
f 1543 1538 4807
f 4807 1542 1543
f 1543 1542 4808
f 4808 1542 411
f 412 4806 1545
f 4806 1543 1545
f 1543 4808 1544
f 4808 411 1544
f 1545 1543 4809
f 4809 1543 1544
f 1545 4809 116
f 4809 1544 116
f 117 1535 4810
f 4810 1535 1547
f 1535 408 4811
f 4811 408 1546
f 1547 1535 4811
f 4811 1546 1547
f 1547 1546 4812
f 4812 1546 413
f 408 1532 4813
f 4813 1532 1548
f 1532 115 4814
f 4814 115 1539
f 1548 1532 4814
f 4814 1539 1548
f 1548 1539 4815
f 4815 1539 412
f 413 1546 4816
f 4816 1549 413
f 1546 408 4813
f 4813 1548 1546
f 1549 4816 1548
f 4816 1546 1548
f 1549 1548 4815
f 4815 412 1549
f 413 1549 4817
f 4817 1549 1550
f 1549 412 4818
f 4818 412 1545
f 1550 1549 4818
f 4818 1545 1550
f 1550 1545 4819
f 4819 1545 116
f 117 4810 1552
f 4810 1547 1552
f 1547 4812 1551
f 4812 413 1551
f 1552 1547 4820
f 4820 1547 1551
f 1552 4820 415
f 4820 1551 415
f 413 4817 1554
f 4817 1550 1554
f 1550 4819 1553
f 4819 116 1553
f 1554 1550 4821
f 4821 1550 1553
f 1554 4821 414
f 4821 1553 414
f 415 1551 4822
f 4822 1551 1555
f 1551 413 4823
f 4823 413 1554
f 1555 1551 4823
f 4823 1554 1555
f 1555 1554 4824
f 4824 1554 414
f 415 4822 1557
f 4822 1555 1557
f 1555 4824 1556
f 4824 414 1556
f 1557 1555 4825
f 4825 1555 1556
f 1557 4825 36
f 4825 1556 36
f 37 1526 4826
f 4826 1526 1559
f 1526 405 4827
f 4827 405 1558
f 1559 1526 4827
f 4827 1558 1559
f 1559 1558 4828
f 4828 1558 417
f 405 1523 4829
f 4829 1523 1561
f 1523 113 4830
f 4830 113 1560
f 1561 1523 4830
f 4830 1560 1561
f 1561 1560 4831
f 4831 1560 416
f 417 1558 4832
f 4832 1562 417
f 1558 405 4829
f 4829 1561 1558
f 1562 4832 1561
f 4832 1558 1561
f 1562 1561 4831
f 4831 416 1562
f 417 1562 4833
f 4833 1562 1564
f 1562 416 4834
f 4834 416 1563
f 1564 1562 4834
f 4834 1563 1564
f 1564 1563 4835
f 4835 1563 118
f 113 1514 4836
f 4836 1514 1566
f 1514 402 4837
f 4837 402 1565
f 1566 1514 4837
f 4837 1565 1566
f 1566 1565 4838
f 4838 1565 418
f 402 1511 4839
f 4839 1511 1567
f 1511 35 4840
f 4840 35 1530
f 1567 1511 4840
f 4840 1530 1567
f 1567 1530 4841
f 4841 1530 409
f 418 1565 4842
f 4842 1568 418
f 1565 402 4839
f 4839 1567 1565
f 1568 4842 1567
f 4842 1565 1567
f 1568 1567 4841
f 4841 409 1568
f 418 1568 4843
f 4843 1568 1569
f 1568 409 4844
f 4844 409 1536
f 1569 1568 4844
f 4844 1536 1569
f 1569 1536 4845
f 4845 1536 117
f 118 1563 4846
f 4846 1571 118
f 1563 416 4847
f 4847 1570 1563
f 1571 4846 1570
f 4846 1563 1570
f 1571 1570 4848
f 4848 419 1571
f 416 1560 4849
f 4849 1572 416
f 1560 113 4836
f 4836 1566 1560
f 1572 4849 1566
f 4849 1560 1566
f 1572 1566 4838
f 4838 418 1572
f 419 4848 1573
f 4848 1570 1573
f 1570 4847 1572
f 4847 416 1572
f 1573 1570 4850
f 4850 1570 1572
f 1573 4850 418
f 4850 1572 418
f 419 1573 4851
f 4851 1574 419
f 1573 418 4843
f 4843 1569 1573
f 1574 4851 1569
f 4851 1573 1569
f 1574 1569 4845
f 4845 117 1574
f 118 1571 4852
f 4852 1571 1576
f 1571 419 4853
f 4853 419 1575
f 1576 1571 4853
f 4853 1575 1576
f 1576 1575 4854
f 4854 1575 420
f 419 1574 4855
f 4855 1574 1577
f 1574 117 4856
f 4856 117 1552
f 1577 1574 4856
f 4856 1552 1577
f 1577 1552 4857
f 4857 1552 415
f 420 1575 4858
f 4858 1578 420
f 1575 419 4855
f 4855 1577 1575
f 1578 4858 1577
f 4858 1575 1577
f 1578 1577 4857
f 4857 415 1578
f 420 1578 4859
f 4859 1578 1579
f 1578 415 4860
f 4860 415 1557
f 1579 1578 4860
f 4860 1557 1579
f 1579 1557 4861
f 4861 1557 36
f 37 4826 1581
f 4826 1559 1581
f 1559 4828 1580
f 4828 417 1580
f 1581 1559 4862
f 4862 1559 1580
f 1581 4862 422
f 4862 1580 422
f 417 4833 1583
f 4833 1564 1583
f 1564 4835 1582
f 4835 118 1582
f 1583 1564 4863
f 4863 1564 1582
f 1583 4863 421
f 4863 1582 421
f 422 1580 4864
f 4864 1580 1584
f 1580 417 4865
f 4865 417 1583
f 1584 1580 4865
f 4865 1583 1584
f 1584 1583 4866
f 4866 1583 421
f 422 4864 1586
f 4864 1584 1586
f 1584 4866 1585
f 4866 421 1585
f 1586 1584 4867
f 4867 1584 1585
f 1586 4867 120
f 4867 1585 120
f 118 4852 1588
f 4852 1576 1588
f 1576 4854 1587
f 4854 420 1587
f 1588 1576 4868
f 4868 1576 1587
f 1588 4868 424
f 4868 1587 424
f 420 4859 1590
f 4859 1579 1590
f 1579 4861 1589
f 4861 36 1589
f 1590 1579 4869
f 4869 1579 1589
f 1590 4869 423
f 4869 1589 423
f 424 1587 4870
f 4870 1587 1591
f 1587 420 4871
f 4871 420 1590
f 1591 1587 4871
f 4871 1590 1591
f 1591 1590 4872
f 4872 1590 423
f 424 4870 1593
f 4870 1591 1593
f 1591 4872 1592
f 4872 423 1592
f 1593 1591 4873
f 4873 1591 1592
f 1593 4873 119
f 4873 1592 119
f 120 1585 4874
f 4874 1585 1595
f 1585 421 4875
f 4875 421 1594
f 1595 1585 4875
f 4875 1594 1595
f 1595 1594 4876
f 4876 1594 425
f 421 1582 4877
f 4877 1582 1596
f 1582 118 4878
f 4878 118 1588
f 1596 1582 4878
f 4878 1588 1596
f 1596 1588 4879
f 4879 1588 424
f 425 1594 4880
f 4880 1597 425
f 1594 421 4877
f 4877 1596 1594
f 1597 4880 1596
f 4880 1594 1596
f 1597 1596 4879
f 4879 424 1597
f 425 1597 4881
f 4881 1597 1598
f 1597 424 4882
f 4882 424 1593
f 1598 1597 4882
f 4882 1593 1598
f 1598 1593 4883
f 4883 1593 119
f 120 4874 1600
f 4874 1595 1600
f 1595 4876 1599
f 4876 425 1599
f 1600 1595 4884
f 4884 1595 1599
f 1600 4884 427
f 4884 1599 427
f 425 4881 1602
f 4881 1598 1602
f 1598 4883 1601
f 4883 119 1601
f 1602 1598 4885
f 4885 1598 1601
f 1602 4885 426
f 4885 1601 426
f 427 1599 4886
f 4886 1599 1603
f 1599 425 4887
f 4887 425 1602
f 1603 1599 4887
f 4887 1602 1603
f 1603 1602 4888
f 4888 1602 426
f 427 4886 1605
f 4886 1603 1605
f 1603 4888 1604
f 4888 426 1604
f 1605 1603 4889
f 4889 1603 1604
f 1605 4889 15
f 4889 1604 15
f 13 4890 1608
f 4890 1606 1608
f 1606 4891 1607
f 4891 428 1607
f 1608 1606 4892
f 4892 1606 1607
f 1608 4892 430
f 4892 1607 430
f 428 4893 1611
f 4893 1609 1611
f 1609 4894 1610
f 4894 121 1610
f 1611 1609 4895
f 4895 1609 1610
f 1611 4895 429
f 4895 1610 429
f 430 1607 4896
f 4896 1607 1612
f 1607 428 4897
f 4897 428 1611
f 1612 1607 4897
f 4897 1611 1612
f 1612 1611 4898
f 4898 1611 429
f 430 4896 1614
f 4896 1612 1614
f 1612 4898 1613
f 4898 429 1613
f 1614 1612 4899
f 4899 1612 1613
f 1614 4899 123
f 4899 1613 123
f 121 4900 1617
f 4900 1615 1617
f 1615 4901 1616
f 4901 431 1616
f 1617 1615 4902
f 4902 1615 1616
f 1617 4902 433
f 4902 1616 433
f 431 4903 1620
f 4903 1618 1620
f 1618 4904 1619
f 4904 38 1619
f 1620 1618 4905
f 4905 1618 1619
f 1620 4905 432
f 4905 1619 432
f 433 1616 4906
f 4906 1616 1621
f 1616 431 4907
f 4907 431 1620
f 1621 1616 4907
f 4907 1620 1621
f 1621 1620 4908
f 4908 1620 432
f 433 4906 1623
f 4906 1621 1623
f 1621 4908 1622
f 4908 432 1622
f 1623 1621 4909
f 4909 1621 1622
f 1623 4909 122
f 4909 1622 122
f 123 1613 4910
f 4910 1613 1625
f 1613 429 4911
f 4911 429 1624
f 1625 1613 4911
f 4911 1624 1625
f 1625 1624 4912
f 4912 1624 434
f 429 1610 4913
f 4913 1610 1626
f 1610 121 4914
f 4914 121 1617
f 1626 1610 4914
f 4914 1617 1626
f 1626 1617 4915
f 4915 1617 433
f 434 1624 4916
f 4916 1627 434
f 1624 429 4913
f 4913 1626 1624
f 1627 4916 1626
f 4916 1624 1626
f 1627 1626 4915
f 4915 433 1627
f 434 1627 4917
f 4917 1627 1628
f 1627 433 4918
f 4918 433 1623
f 1628 1627 4918
f 4918 1623 1628
f 1628 1623 4919
f 4919 1623 122
f 123 4910 1630
f 4910 1625 1630
f 1625 4912 1629
f 4912 434 1629
f 1630 1625 4920
f 4920 1625 1629
f 1630 4920 436
f 4920 1629 436
f 434 4917 1632
f 4917 1628 1632
f 1628 4919 1631
f 4919 122 1631
f 1632 1628 4921
f 4921 1628 1631
f 1632 4921 435
f 4921 1631 435
f 436 1629 4922
f 4922 1629 1633
f 1629 434 4923
f 4923 434 1632
f 1633 1629 4923
f 4923 1632 1633
f 1633 1632 4924
f 4924 1632 435
f 436 4922 1635
f 4922 1633 1635
f 1633 4924 1634
f 4924 435 1634
f 1635 1633 4925
f 4925 1633 1634
f 1635 4925 40
f 4925 1634 40
f 38 4926 1638
f 4926 1636 1638
f 1636 4927 1637
f 4927 437 1637
f 1638 1636 4928
f 4928 1636 1637
f 1638 4928 439
f 4928 1637 439
f 437 4929 1641
f 4929 1639 1641
f 1639 4930 1640
f 4930 124 1640
f 1641 1639 4931
f 4931 1639 1640
f 1641 4931 438
f 4931 1640 438
f 439 1637 4932
f 4932 1637 1642
f 1637 437 4933
f 4933 437 1641
f 1642 1637 4933
f 4933 1641 1642
f 1642 1641 4934
f 4934 1641 438
f 439 4932 1644
f 4932 1642 1644
f 1642 4934 1643
f 4934 438 1643
f 1644 1642 4935
f 4935 1642 1643
f 1644 4935 126
f 4935 1643 126
f 124 4936 1647
f 4936 1645 1647
f 1645 4937 1646
f 4937 440 1646
f 1647 1645 4938
f 4938 1645 1646
f 1647 4938 442
f 4938 1646 442
f 440 4939 1650
f 4939 1648 1650
f 1648 4940 1649
f 4940 1 1649
f 1650 1648 4941
f 4941 1648 1649
f 1650 4941 441
f 4941 1649 441
f 442 1646 4942
f 4942 1646 1651
f 1646 440 4943
f 4943 440 1650
f 1651 1646 4943
f 4943 1650 1651
f 1651 1650 4944
f 4944 1650 441
f 442 4942 1653
f 4942 1651 1653
f 1651 4944 1652
f 4944 441 1652
f 1653 1651 4945
f 4945 1651 1652
f 1653 4945 125
f 4945 1652 125
f 126 1643 4946
f 4946 1643 1655
f 1643 438 4947
f 4947 438 1654
f 1655 1643 4947
f 4947 1654 1655
f 1655 1654 4948
f 4948 1654 443
f 438 1640 4949
f 4949 1640 1656
f 1640 124 4950
f 4950 124 1647
f 1656 1640 4950
f 4950 1647 1656
f 1656 1647 4951
f 4951 1647 442
f 443 1654 4952
f 4952 1657 443
f 1654 438 4949
f 4949 1656 1654
f 1657 4952 1656
f 4952 1654 1656
f 1657 1656 4951
f 4951 442 1657
f 443 1657 4953
f 4953 1657 1658
f 1657 442 4954
f 4954 442 1653
f 1658 1657 4954
f 4954 1653 1658
f 1658 1653 4955
f 4955 1653 125
f 126 4946 1660
f 4946 1655 1660
f 1655 4948 1659
f 4948 443 1659
f 1660 1655 4956
f 4956 1655 1659
f 1660 4956 445
f 4956 1659 445
f 443 4953 1662
f 4953 1658 1662
f 1658 4955 1661
f 4955 125 1661
f 1662 1658 4957
f 4957 1658 1661
f 1662 4957 444
f 4957 1661 444
f 445 1659 4958
f 4958 1659 1663
f 1659 443 4959
f 4959 443 1662
f 1663 1659 4959
f 4959 1662 1663
f 1663 1662 4960
f 4960 1662 444
f 445 4958 1665
f 4958 1663 1665
f 1663 4960 1664
f 4960 444 1664
f 1665 1663 4961
f 4961 1663 1664
f 1665 4961 39
f 4961 1664 39
f 40 1634 4962
f 4962 1634 1667
f 1634 435 4963
f 4963 435 1666
f 1667 1634 4963
f 4963 1666 1667
f 1667 1666 4964
f 4964 1666 447
f 435 1631 4965
f 4965 1631 1669
f 1631 122 4966
f 4966 122 1668
f 1669 1631 4966
f 4966 1668 1669
f 1669 1668 4967
f 4967 1668 446
f 447 1666 4968
f 4968 1670 447
f 1666 435 4965
f 4965 1669 1666
f 1670 4968 1669
f 4968 1666 1669
f 1670 1669 4967
f 4967 446 1670
f 447 1670 4969
f 4969 1670 1672
f 1670 446 4970
f 4970 446 1671
f 1672 1670 4970
f 4970 1671 1672
f 1672 1671 4971
f 4971 1671 127
f 122 1622 4972
f 4972 1622 1674
f 1622 432 4973
f 4973 432 1673
f 1674 1622 4973
f 4973 1673 1674
f 1674 1673 4974
f 4974 1673 448
f 432 1619 4975
f 4975 1619 1675
f 1619 38 4976
f 4976 38 1638
f 1675 1619 4976
f 4976 1638 1675
f 1675 1638 4977
f 4977 1638 439
f 448 1673 4978
f 4978 1676 448
f 1673 432 4975
f 4975 1675 1673
f 1676 4978 1675
f 4978 1673 1675
f 1676 1675 4977
f 4977 439 1676
f 448 1676 4979
f 4979 1676 1677
f 1676 439 4980
f 4980 439 1644
f 1677 1676 4980
f 4980 1644 1677
f 1677 1644 4981
f 4981 1644 126
f 127 1671 4982
f 4982 1679 127
f 1671 446 4983
f 4983 1678 1671
f 1679 4982 1678
f 4982 1671 1678
f 1679 1678 4984
f 4984 449 1679
f 446 1668 4985
f 4985 1680 446
f 1668 122 4972
f 4972 1674 1668
f 1680 4985 1674
f 4985 1668 1674
f 1680 1674 4974
f 4974 448 1680
f 449 4984 1681
f 4984 1678 1681
f 1678 4983 1680
f 4983 446 1680
f 1681 1678 4986
f 4986 1678 1680
f 1681 4986 448
f 4986 1680 448
f 449 1681 4987
f 4987 1682 449
f 1681 448 4979
f 4979 1677 1681
f 1682 4987 1677
f 4987 1681 1677
f 1682 1677 4981
f 4981 126 1682
f 127 1679 4988
f 4988 1679 1684
f 1679 449 4989
f 4989 449 1683
f 1684 1679 4989
f 4989 1683 1684
f 1684 1683 4990
f 4990 1683 450
f 449 1682 4991
f 4991 1682 1685
f 1682 126 4992
f 4992 126 1660
f 1685 1682 4992
f 4992 1660 1685
f 1685 1660 4993
f 4993 1660 445
f 450 1683 4994
f 4994 1686 450
f 1683 449 4991
f 4991 1685 1683
f 1686 4994 1685
f 4994 1683 1685
f 1686 1685 4993
f 4993 445 1686
f 450 1686 4995
f 4995 1686 1687
f 1686 445 4996
f 4996 445 1665
f 1687 1686 4996
f 4996 1665 1687
f 1687 1665 4997
f 4997 1665 39
f 40 4962 1689
f 4962 1667 1689
f 1667 4964 1688
f 4964 447 1688
f 1689 1667 4998
f 4998 1667 1688
f 1689 4998 452
f 4998 1688 452
f 447 4969 1691
f 4969 1672 1691
f 1672 4971 1690
f 4971 127 1690
f 1691 1672 4999
f 4999 1672 1690
f 1691 4999 451
f 4999 1690 451
f 452 1688 5000
f 5000 1688 1692
f 1688 447 5001
f 5001 447 1691
f 1692 1688 5001
f 5001 1691 1692
f 1692 1691 5002
f 5002 1691 451
f 452 5000 1694
f 5000 1692 1694
f 1692 5002 1693
f 5002 451 1693
f 1694 1692 5003
f 5003 1692 1693
f 1694 5003 129
f 5003 1693 129
f 127 4988 1696
f 4988 1684 1696
f 1684 4990 1695
f 4990 450 1695
f 1696 1684 5004
f 5004 1684 1695
f 1696 5004 454
f 5004 1695 454
f 450 4995 1698
f 4995 1687 1698
f 1687 4997 1697
f 4997 39 1697
f 1698 1687 5005
f 5005 1687 1697
f 1698 5005 453
f 5005 1697 453
f 454 1695 5006
f 5006 1695 1699
f 1695 450 5007
f 5007 450 1698
f 1699 1695 5007
f 5007 1698 1699
f 1699 1698 5008
f 5008 1698 453
f 454 5006 1701
f 5006 1699 1701
f 1699 5008 1700
f 5008 453 1700
f 1701 1699 5009
f 5009 1699 1700
f 1701 5009 128
f 5009 1700 128
f 129 1693 5010
f 5010 1693 1703
f 1693 451 5011
f 5011 451 1702
f 1703 1693 5011
f 5011 1702 1703
f 1703 1702 5012
f 5012 1702 455
f 451 1690 5013
f 5013 1690 1704
f 1690 127 5014
f 5014 127 1696
f 1704 1690 5014
f 5014 1696 1704
f 1704 1696 5015
f 5015 1696 454
f 455 1702 5016
f 5016 1705 455
f 1702 451 5013
f 5013 1704 1702
f 1705 5016 1704
f 5016 1702 1704
f 1705 1704 5015
f 5015 454 1705
f 455 1705 5017
f 5017 1705 1706
f 1705 454 5018
f 5018 454 1701
f 1706 1705 5018
f 5018 1701 1706
f 1706 1701 5019
f 5019 1701 128
f 129 5010 1708
f 5010 1703 1708
f 1703 5012 1707
f 5012 455 1707
f 1708 1703 5020
f 5020 1703 1707
f 1708 5020 457
f 5020 1707 457
f 455 5017 1710
f 5017 1706 1710
f 1706 5019 1709
f 5019 128 1709
f 1710 1706 5021
f 5021 1706 1709
f 1710 5021 456
f 5021 1709 456
f 457 1707 5022
f 5022 1707 1711
f 1707 455 5023
f 5023 455 1710
f 1711 1707 5023
f 5023 1710 1711
f 1711 1710 5024
f 5024 1710 456
f 457 5022 1713
f 5022 1711 1713
f 1711 5024 1712
f 5024 456 1712
f 1713 1711 5025
f 5025 1711 1712
f 1713 5025 14
f 5025 1712 14
f 15 1604 5026
f 5026 1604 1715
f 1604 426 5027
f 5027 426 1714
f 1715 1604 5027
f 5027 1714 1715
f 1715 1714 5028
f 5028 1714 459
f 426 1601 5029
f 5029 1601 1717
f 1601 119 5030
f 5030 119 1716
f 1717 1601 5030
f 5030 1716 1717
f 1717 1716 5031
f 5031 1716 458
f 459 1714 5032
f 5032 1718 459
f 1714 426 5029
f 5029 1717 1714
f 1718 5032 1717
f 5032 1714 1717
f 1718 1717 5031
f 5031 458 1718
f 459 1718 5033
f 5033 1718 1720
f 1718 458 5034
f 5034 458 1719
f 1720 1718 5034
f 5034 1719 1720
f 1720 1719 5035
f 5035 1719 131
f 119 1592 5036
f 5036 1592 1722
f 1592 423 5037
f 5037 423 1721
f 1722 1592 5037
f 5037 1721 1722
f 1722 1721 5038
f 5038 1721 461
f 423 1589 5039
f 5039 1589 1724
f 1589 36 5040
f 5040 36 1723
f 1724 1589 5040
f 5040 1723 1724
f 1724 1723 5041
f 5041 1723 460
f 461 1721 5042
f 5042 1725 461
f 1721 423 5039
f 5039 1724 1721
f 1725 5042 1724
f 5042 1721 1724
f 1725 1724 5041
f 5041 460 1725
f 461 1725 5043
f 5043 1725 1727
f 1725 460 5044
f 5044 460 1726
f 1727 1725 5044
f 5044 1726 1727
f 1727 1726 5045
f 5045 1726 130
f 131 1719 5046
f 5046 1729 131
f 1719 458 5047
f 5047 1728 1719
f 1729 5046 1728
f 5046 1719 1728
f 1729 1728 5048
f 5048 462 1729
f 458 1716 5049
f 5049 1730 458
f 1716 119 5036
f 5036 1722 1716
f 1730 5049 1722
f 5049 1716 1722
f 1730 1722 5038
f 5038 461 1730
f 462 5048 1731
f 5048 1728 1731
f 1728 5047 1730
f 5047 458 1730
f 1731 1728 5050
f 5050 1728 1730
f 1731 5050 461
f 5050 1730 461
f 462 1731 5051
f 5051 1732 462
f 1731 461 5043
f 5043 1727 1731
f 1732 5051 1727
f 5051 1731 1727
f 1732 1727 5045
f 5045 130 1732
f 131 1729 5052
f 5052 1729 1734
f 1729 462 5053
f 5053 462 1733
f 1734 1729 5053
f 5053 1733 1734
f 1734 1733 5054
f 5054 1733 464
f 462 1732 5055
f 5055 1732 1736
f 1732 130 5056
f 5056 130 1735
f 1736 1732 5056
f 5056 1735 1736
f 1736 1735 5057
f 5057 1735 463
f 464 1733 5058
f 5058 1737 464
f 1733 462 5055
f 5055 1736 1733
f 1737 5058 1736
f 5058 1733 1736
f 1737 1736 5057
f 5057 463 1737
f 464 1737 5059
f 5059 1737 1739
f 1737 463 5060
f 5060 463 1738
f 1739 1737 5060
f 5060 1738 1739
f 1739 1738 5061
f 5061 1738 41
f 36 1556 5062
f 5062 1556 1741
f 1556 414 5063
f 5063 414 1740
f 1741 1556 5063
f 5063 1740 1741
f 1741 1740 5064
f 5064 1740 466
f 414 1553 5065
f 5065 1553 1743
f 1553 116 5066
f 5066 116 1742
f 1743 1553 5066
f 5066 1742 1743
f 1743 1742 5067
f 5067 1742 465
f 466 1740 5068
f 5068 1744 466
f 1740 414 5065
f 5065 1743 1740
f 1744 5068 1743
f 5068 1740 1743
f 1744 1743 5067
f 5067 465 1744
f 466 1744 5069
f 5069 1744 1746
f 1744 465 5070
f 5070 465 1745
f 1746 1744 5070
f 5070 1745 1746
f 1746 1745 5071
f 5071 1745 132
f 116 1544 5072
f 5072 1544 1748
f 1544 411 5073
f 5073 411 1747
f 1748 1544 5073
f 5073 1747 1748
f 1748 1747 5074
f 5074 1747 467
f 411 1541 5075
f 5075 1541 1749
f 1541 13 5076
f 5076 13 1608
f 1749 1541 5076
f 5076 1608 1749
f 1749 1608 5077
f 5077 1608 430
f 467 1747 5078
f 5078 1750 467
f 1747 411 5075
f 5075 1749 1747
f 1750 5078 1749
f 5078 1747 1749
f 1750 1749 5077
f 5077 430 1750
f 467 1750 5079
f 5079 1750 1751
f 1750 430 5080
f 5080 430 1614
f 1751 1750 5080
f 5080 1614 1751
f 1751 1614 5081
f 5081 1614 123
f 132 1745 5082
f 5082 1753 132
f 1745 465 5083
f 5083 1752 1745
f 1753 5082 1752
f 5082 1745 1752
f 1753 1752 5084
f 5084 468 1753
f 465 1742 5085
f 5085 1754 465
f 1742 116 5072
f 5072 1748 1742
f 1754 5085 1748
f 5085 1742 1748
f 1754 1748 5074
f 5074 467 1754
f 468 5084 1755
f 5084 1752 1755
f 1752 5083 1754
f 5083 465 1754
f 1755 1752 5086
f 5086 1752 1754
f 1755 5086 467
f 5086 1754 467
f 468 1755 5087
f 5087 1756 468
f 1755 467 5079
f 5079 1751 1755
f 1756 5087 1751
f 5087 1755 1751
f 1756 1751 5081
f 5081 123 1756
f 132 1753 5088
f 5088 1753 1758
f 1753 468 5089
f 5089 468 1757
f 1758 1753 5089
f 5089 1757 1758
f 1758 1757 5090
f 5090 1757 469
f 468 1756 5091
f 5091 1756 1759
f 1756 123 5092
f 5092 123 1630
f 1759 1756 5092
f 5092 1630 1759
f 1759 1630 5093
f 5093 1630 436
f 469 1757 5094
f 5094 1760 469
f 1757 468 5091
f 5091 1759 1757
f 1760 5094 1759
f 5094 1757 1759
f 1760 1759 5093
f 5093 436 1760
f 469 1760 5095
f 5095 1760 1761
f 1760 436 5096
f 5096 436 1635
f 1761 1760 5096
f 5096 1635 1761
f 1761 1635 5097
f 5097 1635 40
f 41 1738 5098
f 5098 1763 41
f 1738 463 5099
f 5099 1762 1738
f 1763 5098 1762
f 5098 1738 1762
f 1763 1762 5100
f 5100 471 1763
f 463 1735 5101
f 5101 1765 463
f 1735 130 5102
f 5102 1764 1735
f 1765 5101 1764
f 5101 1735 1764
f 1765 1764 5103
f 5103 470 1765
f 471 5100 1766
f 5100 1762 1766
f 1762 5099 1765
f 5099 463 1765
f 1766 1762 5104
f 5104 1762 1765
f 1766 5104 470
f 5104 1765 470
f 471 1766 5105
f 5105 1768 471
f 1766 470 5106
f 5106 1767 1766
f 1768 5105 1767
f 5105 1766 1767
f 1768 1767 5107
f 5107 133 1768
f 130 1726 5108
f 5108 1770 130
f 1726 460 5109
f 5109 1769 1726
f 1770 5108 1769
f 5108 1726 1769
f 1770 1769 5110
f 5110 472 1770
f 460 1723 5111
f 5111 1771 460
f 1723 36 5062
f 5062 1741 1723
f 1771 5111 1741
f 5111 1723 1741
f 1771 1741 5064
f 5064 466 1771
f 472 5110 1772
f 5110 1769 1772
f 1769 5109 1771
f 5109 460 1771
f 1772 1769 5112
f 5112 1769 1771
f 1772 5112 466
f 5112 1771 466
f 472 1772 5113
f 5113 1773 472
f 1772 466 5069
f 5069 1746 1772
f 1773 5113 1746
f 5113 1772 1746
f 1773 1746 5071
f 5071 132 1773
f 133 5107 1775
f 5107 1767 1775
f 1767 5106 1774
f 5106 470 1774
f 1775 1767 5114
f 5114 1767 1774
f 1775 5114 473
f 5114 1774 473
f 470 5103 1776
f 5103 1764 1776
f 1764 5102 1770
f 5102 130 1770
f 1776 1764 5115
f 5115 1764 1770
f 1776 5115 472
f 5115 1770 472
f 473 1774 5116
f 5116 1774 1777
f 1774 470 5117
f 5117 470 1776
f 1777 1774 5117
f 5117 1776 1777
f 1777 1776 5118
f 5118 1776 472
f 473 5116 1778
f 5116 1777 1778
f 1777 5118 1773
f 5118 472 1773
f 1778 1777 5119
f 5119 1777 1773
f 1778 5119 132
f 5119 1773 132
f 133 1775 5120
f 5120 1780 133
f 1775 473 5121
f 5121 1779 1775
f 1780 5120 1779
f 5120 1775 1779
f 1780 1779 5122
f 5122 474 1780
f 473 1778 5123
f 5123 1781 473
f 1778 132 5088
f 5088 1758 1778
f 1781 5123 1758
f 5123 1778 1758
f 1781 1758 5090
f 5090 469 1781
f 474 5122 1782
f 5122 1779 1782
f 1779 5121 1781
f 5121 473 1781
f 1782 1779 5124
f 5124 1779 1781
f 1782 5124 469
f 5124 1781 469
f 474 1782 5125
f 5125 1783 474
f 1782 469 5095
f 5095 1761 1782
f 1783 5125 1761
f 5125 1782 1761
f 1783 1761 5097
f 5097 40 1783
f 41 1763 5126
f 5126 1763 1785
f 1763 471 5127
f 5127 471 1784
f 1785 1763 5127
f 5127 1784 1785
f 1785 1784 5128
f 5128 1784 476
f 471 1768 5129
f 5129 1768 1787
f 1768 133 5130
f 5130 133 1786
f 1787 1768 5130
f 5130 1786 1787
f 1787 1786 5131
f 5131 1786 475
f 476 1784 5132
f 5132 1788 476
f 1784 471 5129
f 5129 1787 1784
f 1788 5132 1787
f 5132 1784 1787
f 1788 1787 5131
f 5131 475 1788
f 476 1788 5133
f 5133 1788 1790
f 1788 475 5134
f 5134 475 1789
f 1790 1788 5134
f 5134 1789 1790
f 1790 1789 5135
f 5135 1789 134
f 133 1780 5136
f 5136 1780 1792
f 1780 474 5137
f 5137 474 1791
f 1792 1780 5137
f 5137 1791 1792
f 1792 1791 5138
f 5138 1791 477
f 474 1783 5139
f 5139 1783 1793
f 1783 40 5140
f 5140 40 1689
f 1793 1783 5140
f 5140 1689 1793
f 1793 1689 5141
f 5141 1689 452
f 477 1791 5142
f 5142 1794 477
f 1791 474 5139
f 5139 1793 1791
f 1794 5142 1793
f 5142 1791 1793
f 1794 1793 5141
f 5141 452 1794
f 477 1794 5143
f 5143 1794 1795
f 1794 452 5144
f 5144 452 1694
f 1795 1794 5144
f 5144 1694 1795
f 1795 1694 5145
f 5145 1694 129
f 134 1789 5146
f 5146 1797 134
f 1789 475 5147
f 5147 1796 1789
f 1797 5146 1796
f 5146 1789 1796
f 1797 1796 5148
f 5148 478 1797
f 475 1786 5149
f 5149 1798 475
f 1786 133 5136
f 5136 1792 1786
f 1798 5149 1792
f 5149 1786 1792
f 1798 1792 5138
f 5138 477 1798
f 478 5148 1799
f 5148 1796 1799
f 1796 5147 1798
f 5147 475 1798
f 1799 1796 5150
f 5150 1796 1798
f 1799 5150 477
f 5150 1798 477
f 478 1799 5151
f 5151 1800 478
f 1799 477 5143
f 5143 1795 1799
f 1800 5151 1795
f 5151 1799 1795
f 1800 1795 5145
f 5145 129 1800
f 134 1797 5152
f 5152 1797 1802
f 1797 478 5153
f 5153 478 1801
f 1802 1797 5153
f 5153 1801 1802
f 1802 1801 5154
f 5154 1801 479
f 478 1800 5155
f 5155 1800 1803
f 1800 129 5156
f 5156 129 1708
f 1803 1800 5156
f 5156 1708 1803
f 1803 1708 5157
f 5157 1708 457
f 479 1801 5158
f 5158 1804 479
f 1801 478 5155
f 5155 1803 1801
f 1804 5158 1803
f 5158 1801 1803
f 1804 1803 5157
f 5157 457 1804
f 479 1804 5159
f 5159 1804 1805
f 1804 457 5160
f 5160 457 1713
f 1805 1804 5160
f 5160 1713 1805
f 1805 1713 5161
f 5161 1713 14
f 15 5026 1807
f 5026 1715 1807
f 1715 5028 1806
f 5028 459 1806
f 1807 1715 5162
f 5162 1715 1806
f 1807 5162 481
f 5162 1806 481
f 459 5033 1809
f 5033 1720 1809
f 1720 5035 1808
f 5035 131 1808
f 1809 1720 5163
f 5163 1720 1808
f 1809 5163 480
f 5163 1808 480
f 481 1806 5164
f 5164 1806 1810
f 1806 459 5165
f 5165 459 1809
f 1810 1806 5165
f 5165 1809 1810
f 1810 1809 5166
f 5166 1809 480
f 481 5164 1812
f 5164 1810 1812
f 1810 5166 1811
f 5166 480 1811
f 1812 1810 5167
f 5167 1810 1811
f 1812 5167 136
f 5167 1811 136
f 131 5052 1814
f 5052 1734 1814
f 1734 5054 1813
f 5054 464 1813
f 1814 1734 5168
f 5168 1734 1813
f 1814 5168 483
f 5168 1813 483
f 464 5059 1816
f 5059 1739 1816
f 1739 5061 1815
f 5061 41 1815
f 1816 1739 5169
f 5169 1739 1815
f 1816 5169 482
f 5169 1815 482
f 483 1813 5170
f 5170 1813 1817
f 1813 464 5171
f 5171 464 1816
f 1817 1813 5171
f 5171 1816 1817
f 1817 1816 5172
f 5172 1816 482
f 483 5170 1819
f 5170 1817 1819
f 1817 5172 1818
f 5172 482 1818
f 1819 1817 5173
f 5173 1817 1818
f 1819 5173 135
f 5173 1818 135
f 136 1811 5174
f 5174 1811 1821
f 1811 480 5175
f 5175 480 1820
f 1821 1811 5175
f 5175 1820 1821
f 1821 1820 5176
f 5176 1820 484
f 480 1808 5177
f 5177 1808 1822
f 1808 131 5178
f 5178 131 1814
f 1822 1808 5178
f 5178 1814 1822
f 1822 1814 5179
f 5179 1814 483
f 484 1820 5180
f 5180 1823 484
f 1820 480 5177
f 5177 1822 1820
f 1823 5180 1822
f 5180 1820 1822
f 1823 1822 5179
f 5179 483 1823
f 484 1823 5181
f 5181 1823 1824
f 1823 483 5182
f 5182 483 1819
f 1824 1823 5182
f 5182 1819 1824
f 1824 1819 5183
f 5183 1819 135
f 136 5174 1826
f 5174 1821 1826
f 1821 5176 1825
f 5176 484 1825
f 1826 1821 5184
f 5184 1821 1825
f 1826 5184 486
f 5184 1825 486
f 484 5181 1828
f 5181 1824 1828
f 1824 5183 1827
f 5183 135 1827
f 1828 1824 5185
f 5185 1824 1827
f 1828 5185 485
f 5185 1827 485
f 486 1825 5186
f 5186 1825 1829
f 1825 484 5187
f 5187 484 1828
f 1829 1825 5187
f 5187 1828 1829
f 1829 1828 5188
f 5188 1828 485
f 486 5186 1831
f 5186 1829 1831
f 1829 5188 1830
f 5188 485 1830
f 1831 1829 5189
f 5189 1829 1830
f 1831 5189 43
f 5189 1830 43
f 41 5126 1833
f 5126 1785 1833
f 1785 5128 1832
f 5128 476 1832
f 1833 1785 5190
f 5190 1785 1832
f 1833 5190 488
f 5190 1832 488
f 476 5133 1835
f 5133 1790 1835
f 1790 5135 1834
f 5135 134 1834
f 1835 1790 5191
f 5191 1790 1834
f 1835 5191 487
f 5191 1834 487
f 488 1832 5192
f 5192 1832 1836
f 1832 476 5193
f 5193 476 1835
f 1836 1832 5193
f 5193 1835 1836
f 1836 1835 5194
f 5194 1835 487
f 488 5192 1838
f 5192 1836 1838
f 1836 5194 1837
f 5194 487 1837
f 1838 1836 5195
f 5195 1836 1837
f 1838 5195 138
f 5195 1837 138
f 134 5152 1840
f 5152 1802 1840
f 1802 5154 1839
f 5154 479 1839
f 1840 1802 5196
f 5196 1802 1839
f 1840 5196 490
f 5196 1839 490
f 479 5159 1842
f 5159 1805 1842
f 1805 5161 1841
f 5161 14 1841
f 1842 1805 5197
f 5197 1805 1841
f 1842 5197 489
f 5197 1841 489
f 490 1839 5198
f 5198 1839 1843
f 1839 479 5199
f 5199 479 1842
f 1843 1839 5199
f 5199 1842 1843
f 1843 1842 5200
f 5200 1842 489
f 490 5198 1845
f 5198 1843 1845
f 1843 5200 1844
f 5200 489 1844
f 1845 1843 5201
f 5201 1843 1844
f 1845 5201 137
f 5201 1844 137
f 138 1837 5202
f 5202 1837 1847
f 1837 487 5203
f 5203 487 1846
f 1847 1837 5203
f 5203 1846 1847
f 1847 1846 5204
f 5204 1846 491
f 487 1834 5205
f 5205 1834 1848
f 1834 134 5206
f 5206 134 1840
f 1848 1834 5206
f 5206 1840 1848
f 1848 1840 5207
f 5207 1840 490
f 491 1846 5208
f 5208 1849 491
f 1846 487 5205
f 5205 1848 1846
f 1849 5208 1848
f 5208 1846 1848
f 1849 1848 5207
f 5207 490 1849
f 491 1849 5209
f 5209 1849 1850
f 1849 490 5210
f 5210 490 1845
f 1850 1849 5210
f 5210 1845 1850
f 1850 1845 5211
f 5211 1845 137
f 138 5202 1852
f 5202 1847 1852
f 1847 5204 1851
f 5204 491 1851
f 1852 1847 5212
f 5212 1847 1851
f 1852 5212 493
f 5212 1851 493
f 491 5209 1854
f 5209 1850 1854
f 1850 5211 1853
f 5211 137 1853
f 1854 1850 5213
f 5213 1850 1853
f 1854 5213 492
f 5213 1853 492
f 493 1851 5214
f 5214 1851 1855
f 1851 491 5215
f 5215 491 1854
f 1855 1851 5215
f 5215 1854 1855
f 1855 1854 5216
f 5216 1854 492
f 493 5214 1857
f 5214 1855 1857
f 1855 5216 1856
f 5216 492 1856
f 1857 1855 5217
f 5217 1855 1856
f 1857 5217 42
f 5217 1856 42
f 43 1830 5218
f 5218 1830 1859
f 1830 485 5219
f 5219 485 1858
f 1859 1830 5219
f 5219 1858 1859
f 1859 1858 5220
f 5220 1858 495
f 485 1827 5221
f 5221 1827 1861
f 1827 135 5222
f 5222 135 1860
f 1861 1827 5222
f 5222 1860 1861
f 1861 1860 5223
f 5223 1860 494
f 495 1858 5224
f 5224 1862 495
f 1858 485 5221
f 5221 1861 1858
f 1862 5224 1861
f 5224 1858 1861
f 1862 1861 5223
f 5223 494 1862
f 495 1862 5225
f 5225 1862 1864
f 1862 494 5226
f 5226 494 1863
f 1864 1862 5226
f 5226 1863 1864
f 1864 1863 5227
f 5227 1863 139
f 135 1818 5228
f 5228 1818 1866
f 1818 482 5229
f 5229 482 1865
f 1866 1818 5229
f 5229 1865 1866
f 1866 1865 5230
f 5230 1865 496
f 482 1815 5231
f 5231 1815 1867
f 1815 41 5232
f 5232 41 1833
f 1867 1815 5232
f 5232 1833 1867
f 1867 1833 5233
f 5233 1833 488
f 496 1865 5234
f 5234 1868 496
f 1865 482 5231
f 5231 1867 1865
f 1868 5234 1867
f 5234 1865 1867
f 1868 1867 5233
f 5233 488 1868
f 496 1868 5235
f 5235 1868 1869
f 1868 488 5236
f 5236 488 1838
f 1869 1868 5236
f 5236 1838 1869
f 1869 1838 5237
f 5237 1838 138
f 139 1863 5238
f 5238 1871 139
f 1863 494 5239
f 5239 1870 1863
f 1871 5238 1870
f 5238 1863 1870
f 1871 1870 5240
f 5240 497 1871
f 494 1860 5241
f 5241 1872 494
f 1860 135 5228
f 5228 1866 1860
f 1872 5241 1866
f 5241 1860 1866
f 1872 1866 5230
f 5230 496 1872
f 497 5240 1873
f 5240 1870 1873
f 1870 5239 1872
f 5239 494 1872
f 1873 1870 5242
f 5242 1870 1872
f 1873 5242 496
f 5242 1872 496
f 497 1873 5243
f 5243 1874 497
f 1873 496 5235
f 5235 1869 1873
f 1874 5243 1869
f 5243 1873 1869
f 1874 1869 5237
f 5237 138 1874
f 139 1871 5244
f 5244 1871 1876
f 1871 497 5245
f 5245 497 1875
f 1876 1871 5245
f 5245 1875 1876
f 1876 1875 5246
f 5246 1875 498
f 497 1874 5247
f 5247 1874 1877
f 1874 138 5248
f 5248 138 1852
f 1877 1874 5248
f 5248 1852 1877
f 1877 1852 5249
f 5249 1852 493
f 498 1875 5250
f 5250 1878 498
f 1875 497 5247
f 5247 1877 1875
f 1878 5250 1877
f 5250 1875 1877
f 1878 1877 5249
f 5249 493 1878
f 498 1878 5251
f 5251 1878 1879
f 1878 493 5252
f 5252 493 1857
f 1879 1878 5252
f 5252 1857 1879
f 1879 1857 5253
f 5253 1857 42
f 43 5218 1881
f 5218 1859 1881
f 1859 5220 1880
f 5220 495 1880
f 1881 1859 5254
f 5254 1859 1880
f 1881 5254 500
f 5254 1880 500
f 495 5225 1883
f 5225 1864 1883
f 1864 5227 1882
f 5227 139 1882
f 1883 1864 5255
f 5255 1864 1882
f 1883 5255 499
f 5255 1882 499
f 500 1880 5256
f 5256 1880 1884
f 1880 495 5257
f 5257 495 1883
f 1884 1880 5257
f 5257 1883 1884
f 1884 1883 5258
f 5258 1883 499
f 500 5256 1886
f 5256 1884 1886
f 1884 5258 1885
f 5258 499 1885
f 1886 1884 5259
f 5259 1884 1885
f 1886 5259 141
f 5259 1885 141
f 139 5244 1888
f 5244 1876 1888
f 1876 5246 1887
f 5246 498 1887
f 1888 1876 5260
f 5260 1876 1887
f 1888 5260 502
f 5260 1887 502
f 498 5251 1890
f 5251 1879 1890
f 1879 5253 1889
f 5253 42 1889
f 1890 1879 5261
f 5261 1879 1889
f 1890 5261 501
f 5261 1889 501
f 502 1887 5262
f 5262 1887 1891
f 1887 498 5263
f 5263 498 1890
f 1891 1887 5263
f 5263 1890 1891
f 1891 1890 5264
f 5264 1890 501
f 502 5262 1893
f 5262 1891 1893
f 1891 5264 1892
f 5264 501 1892
f 1893 1891 5265
f 5265 1891 1892
f 1893 5265 140
f 5265 1892 140
f 141 1885 5266
f 5266 1885 1895
f 1885 499 5267
f 5267 499 1894
f 1895 1885 5267
f 5267 1894 1895
f 1895 1894 5268
f 5268 1894 503
f 499 1882 5269
f 5269 1882 1896
f 1882 139 5270
f 5270 139 1888
f 1896 1882 5270
f 5270 1888 1896
f 1896 1888 5271
f 5271 1888 502
f 503 1894 5272
f 5272 1897 503
f 1894 499 5269
f 5269 1896 1894
f 1897 5272 1896
f 5272 1894 1896
f 1897 1896 5271
f 5271 502 1897
f 503 1897 5273
f 5273 1897 1898
f 1897 502 5274
f 5274 502 1893
f 1898 1897 5274
f 5274 1893 1898
f 1898 1893 5275
f 5275 1893 140
f 141 5266 1900
f 5266 1895 1900
f 1895 5268 1899
f 5268 503 1899
f 1900 1895 5276
f 5276 1895 1899
f 1900 5276 505
f 5276 1899 505
f 503 5273 1902
f 5273 1898 1902
f 1898 5275 1901
f 5275 140 1901
f 1902 1898 5277
f 5277 1898 1901
f 1902 5277 504
f 5277 1901 504
f 505 1899 5278
f 5278 1899 1903
f 1899 503 5279
f 5279 503 1902
f 1903 1899 5279
f 5279 1902 1903
f 1903 1902 5280
f 5280 1902 504
f 505 5278 1905
f 5278 1903 1905
f 1903 5280 1904
f 5280 504 1904
f 1905 1903 5281
f 5281 1903 1904
f 1905 5281 6
f 5281 1904 6
f 7 1496 5282
f 5282 1496 1907
f 1496 396 5283
f 5283 396 1906
f 1907 1496 5283
f 5283 1906 1907
f 1907 1906 5284
f 5284 1906 507
f 396 1493 5285
f 5285 1493 1909
f 1493 110 5286
f 5286 110 1908
f 1909 1493 5286
f 5286 1908 1909
f 1909 1908 5287
f 5287 1908 506
f 507 1906 5288
f 5288 1910 507
f 1906 396 5285
f 5285 1909 1906
f 1910 5288 1909
f 5288 1906 1909
f 1910 1909 5287
f 5287 506 1910
f 507 1910 5289
f 5289 1910 1912
f 1910 506 5290
f 5290 506 1911
f 1912 1910 5290
f 5290 1911 1912
f 1912 1911 5291
f 5291 1911 143
f 110 1484 5292
f 5292 1484 1914
f 1484 393 5293
f 5293 393 1913
f 1914 1484 5293
f 5293 1913 1914
f 1914 1913 5294
f 5294 1913 509
f 393 1481 5295
f 5295 1481 1916
f 1481 33 5296
f 5296 33 1915
f 1916 1481 5296
f 5296 1915 1916
f 1916 1915 5297
f 5297 1915 508
f 509 1913 5298
f 5298 1917 509
f 1913 393 5295
f 5295 1916 1913
f 1917 5298 1916
f 5298 1913 1916
f 1917 1916 5297
f 5297 508 1917
f 509 1917 5299
f 5299 1917 1919
f 1917 508 5300
f 5300 508 1918
f 1919 1917 5300
f 5300 1918 1919
f 1919 1918 5301
f 5301 1918 142
f 143 1911 5302
f 5302 1921 143
f 1911 506 5303
f 5303 1920 1911
f 1921 5302 1920
f 5302 1911 1920
f 1921 1920 5304
f 5304 510 1921
f 506 1908 5305
f 5305 1922 506
f 1908 110 5292
f 5292 1914 1908
f 1922 5305 1914
f 5305 1908 1914
f 1922 1914 5294
f 5294 509 1922
f 510 5304 1923
f 5304 1920 1923
f 1920 5303 1922
f 5303 506 1922
f 1923 1920 5306
f 5306 1920 1922
f 1923 5306 509
f 5306 1922 509
f 510 1923 5307
f 5307 1924 510
f 1923 509 5299
f 5299 1919 1923
f 1924 5307 1919
f 5307 1923 1919
f 1924 1919 5301
f 5301 142 1924
f 143 1921 5308
f 5308 1921 1926
f 1921 510 5309
f 5309 510 1925
f 1926 1921 5309
f 5309 1925 1926
f 1926 1925 5310
f 5310 1925 512
f 510 1924 5311
f 5311 1924 1928
f 1924 142 5312
f 5312 142 1927
f 1928 1924 5312
f 5312 1927 1928
f 1928 1927 5313
f 5313 1927 511
f 512 1925 5314
f 5314 1929 512
f 1925 510 5311
f 5311 1928 1925
f 1929 5314 1928
f 5314 1925 1928
f 1929 1928 5313
f 5313 511 1929
f 512 1929 5315
f 5315 1929 1931
f 1929 511 5316
f 5316 511 1930
f 1931 1929 5316
f 5316 1930 1931
f 1931 1930 5317
f 5317 1930 45
f 33 1448 5318
f 5318 1448 1933
f 1448 384 5319
f 5319 384 1932
f 1933 1448 5319
f 5319 1932 1933
f 1933 1932 5320
f 5320 1932 514
f 384 1445 5321
f 5321 1445 1935
f 1445 107 5322
f 5322 107 1934
f 1935 1445 5322
f 5322 1934 1935
f 1935 1934 5323
f 5323 1934 513
f 514 1932 5324
f 5324 1936 514
f 1932 384 5321
f 5321 1935 1932
f 1936 5324 1935
f 5324 1932 1935
f 1936 1935 5323
f 5323 513 1936
f 514 1936 5325
f 5325 1936 1938
f 1936 513 5326
f 5326 513 1937
f 1938 1936 5326
f 5326 1937 1938
f 1938 1937 5327
f 5327 1937 145
f 107 1436 5328
f 5328 1436 1940
f 1436 381 5329
f 5329 381 1939
f 1940 1436 5329
f 5329 1939 1940
f 1940 1939 5330
f 5330 1939 516
f 381 1433 5331
f 5331 1433 1942
f 1433 11 5332
f 5332 11 1941
f 1942 1433 5332
f 5332 1941 1942
f 1942 1941 5333
f 5333 1941 515
f 516 1939 5334
f 5334 1943 516
f 1939 381 5331
f 5331 1942 1939
f 1943 5334 1942
f 5334 1939 1942
f 1943 1942 5333
f 5333 515 1943
f 516 1943 5335
f 5335 1943 1945
f 1943 515 5336
f 5336 515 1944
f 1945 1943 5336
f 5336 1944 1945
f 1945 1944 5337
f 5337 1944 144
f 145 1937 5338
f 5338 1947 145
f 1937 513 5339
f 5339 1946 1937
f 1947 5338 1946
f 5338 1937 1946
f 1947 1946 5340
f 5340 517 1947
f 513 1934 5341
f 5341 1948 513
f 1934 107 5328
f 5328 1940 1934
f 1948 5341 1940
f 5341 1934 1940
f 1948 1940 5330
f 5330 516 1948
f 517 5340 1949
f 5340 1946 1949
f 1946 5339 1948
f 5339 513 1948
f 1949 1946 5342
f 5342 1946 1948
f 1949 5342 516
f 5342 1948 516
f 517 1949 5343
f 5343 1950 517
f 1949 516 5335
f 5335 1945 1949
f 1950 5343 1945
f 5343 1949 1945
f 1950 1945 5337
f 5337 144 1950
f 145 1947 5344
f 5344 1947 1952
f 1947 517 5345
f 5345 517 1951
f 1952 1947 5345
f 5345 1951 1952
f 1952 1951 5346
f 5346 1951 519
f 517 1950 5347
f 5347 1950 1954
f 1950 144 5348
f 5348 144 1953
f 1954 1950 5348
f 5348 1953 1954
f 1954 1953 5349
f 5349 1953 518
f 519 1951 5350
f 5350 1955 519
f 1951 517 5347
f 5347 1954 1951
f 1955 5350 1954
f 5350 1951 1954
f 1955 1954 5349
f 5349 518 1955
f 519 1955 5351
f 5351 1955 1957
f 1955 518 5352
f 5352 518 1956
f 1957 1955 5352
f 5352 1956 1957
f 1957 1956 5353
f 5353 1956 44
f 45 1930 5354
f 5354 1959 45
f 1930 511 5355
f 5355 1958 1930
f 1959 5354 1958
f 5354 1930 1958
f 1959 1958 5356
f 5356 521 1959
f 511 1927 5357
f 5357 1961 511
f 1927 142 5358
f 5358 1960 1927
f 1961 5357 1960
f 5357 1927 1960
f 1961 1960 5359
f 5359 520 1961
f 521 5356 1962
f 5356 1958 1962
f 1958 5355 1961
f 5355 511 1961
f 1962 1958 5360
f 5360 1958 1961
f 1962 5360 520
f 5360 1961 520
f 521 1962 5361
f 5361 1964 521
f 1962 520 5362
f 5362 1963 1962
f 1964 5361 1963
f 5361 1962 1963
f 1964 1963 5363
f 5363 146 1964
f 142 1918 5364
f 5364 1966 142
f 1918 508 5365
f 5365 1965 1918
f 1966 5364 1965
f 5364 1918 1965
f 1966 1965 5366
f 5366 522 1966
f 508 1915 5367
f 5367 1967 508
f 1915 33 5318
f 5318 1933 1915
f 1967 5367 1933
f 5367 1915 1933
f 1967 1933 5320
f 5320 514 1967
f 522 5366 1968
f 5366 1965 1968
f 1965 5365 1967
f 5365 508 1967
f 1968 1965 5368
f 5368 1965 1967
f 1968 5368 514
f 5368 1967 514
f 522 1968 5369
f 5369 1969 522
f 1968 514 5325
f 5325 1938 1968
f 1969 5369 1938
f 5369 1968 1938
f 1969 1938 5327
f 5327 145 1969
f 146 5363 1971
f 5363 1963 1971
f 1963 5362 1970
f 5362 520 1970
f 1971 1963 5370
f 5370 1963 1970
f 1971 5370 523
f 5370 1970 523
f 520 5359 1972
f 5359 1960 1972
f 1960 5358 1966
f 5358 142 1966
f 1972 1960 5371
f 5371 1960 1966
f 1972 5371 522
f 5371 1966 522
f 523 1970 5372
f 5372 1970 1973
f 1970 520 5373
f 5373 520 1972
f 1973 1970 5373
f 5373 1972 1973
f 1973 1972 5374
f 5374 1972 522
f 523 5372 1974
f 5372 1973 1974
f 1973 5374 1969
f 5374 522 1969
f 1974 1973 5375
f 5375 1973 1969
f 1974 5375 145
f 5375 1969 145
f 146 1971 5376
f 5376 1976 146
f 1971 523 5377
f 5377 1975 1971
f 1976 5376 1975
f 5376 1971 1975
f 1976 1975 5378
f 5378 524 1976
f 523 1974 5379
f 5379 1977 523
f 1974 145 5344
f 5344 1952 1974
f 1977 5379 1952
f 5379 1974 1952
f 1977 1952 5346
f 5346 519 1977
f 524 5378 1978
f 5378 1975 1978
f 1975 5377 1977
f 5377 523 1977
f 1978 1975 5380
f 5380 1975 1977
f 1978 5380 519
f 5380 1977 519
f 524 1978 5381
f 5381 1979 524
f 1978 519 5351
f 5351 1957 1978
f 1979 5381 1957
f 5381 1978 1957
f 1979 1957 5353
f 5353 44 1979
f 45 1959 5382
f 5382 1959 1981
f 1959 521 5383
f 5383 521 1980
f 1981 1959 5383
f 5383 1980 1981
f 1981 1980 5384
f 5384 1980 526
f 521 1964 5385
f 5385 1964 1983
f 1964 146 5386
f 5386 146 1982
f 1983 1964 5386
f 5386 1982 1983
f 1983 1982 5387
f 5387 1982 525
f 526 1980 5388
f 5388 1984 526
f 1980 521 5385
f 5385 1983 1980
f 1984 5388 1983
f 5388 1980 1983
f 1984 1983 5387
f 5387 525 1984
f 526 1984 5389
f 5389 1984 1986
f 1984 525 5390
f 5390 525 1985
f 1986 1984 5390
f 5390 1985 1986
f 1986 1985 5391
f 5391 1985 148
f 146 1976 5392
f 5392 1976 1988
f 1976 524 5393
f 5393 524 1987
f 1988 1976 5393
f 5393 1987 1988
f 1988 1987 5394
f 5394 1987 528
f 524 1979 5395
f 5395 1979 1990
f 1979 44 5396
f 5396 44 1989
f 1990 1979 5396
f 5396 1989 1990
f 1990 1989 5397
f 5397 1989 527
f 528 1987 5398
f 5398 1991 528
f 1987 524 5395
f 5395 1990 1987
f 1991 5398 1990
f 5398 1987 1990
f 1991 1990 5397
f 5397 527 1991
f 528 1991 5399
f 5399 1991 1993
f 1991 527 5400
f 5400 527 1992
f 1993 1991 5400
f 5400 1992 1993
f 1993 1992 5401
f 5401 1992 147
f 148 1985 5402
f 5402 1995 148
f 1985 525 5403
f 5403 1994 1985
f 1995 5402 1994
f 5402 1985 1994
f 1995 1994 5404
f 5404 529 1995
f 525 1982 5405
f 5405 1996 525
f 1982 146 5392
f 5392 1988 1982
f 1996 5405 1988
f 5405 1982 1988
f 1996 1988 5394
f 5394 528 1996
f 529 5404 1997
f 5404 1994 1997
f 1994 5403 1996
f 5403 525 1996
f 1997 1994 5406
f 5406 1994 1996
f 1997 5406 528
f 5406 1996 528
f 529 1997 5407
f 5407 1998 529
f 1997 528 5399
f 5399 1993 1997
f 1998 5407 1993
f 5407 1997 1993
f 1998 1993 5401
f 5401 147 1998
f 148 1995 5408
f 5408 1995 2000
f 1995 529 5409
f 5409 529 1999
f 2000 1995 5409
f 5409 1999 2000
f 2000 1999 5410
f 5410 1999 531
f 529 1998 5411
f 5411 1998 2002
f 1998 147 5412
f 5412 147 2001
f 2002 1998 5412
f 5412 2001 2002
f 2002 2001 5413
f 5413 2001 530
f 531 1999 5414
f 5414 2003 531
f 1999 529 5411
f 5411 2002 1999
f 2003 5414 2002
f 5414 1999 2002
f 2003 2002 5413
f 5413 530 2003
f 531 2003 5415
f 5415 2003 2005
f 2003 530 5416
f 5416 530 2004
f 2005 2003 5416
f 5416 2004 2005
f 2005 2004 5417
f 5417 2004 16
f 11 1304 5418
f 5418 1304 2007
f 1304 348 5419
f 5419 348 2006
f 2007 1304 5419
f 5419 2006 2007
f 2007 2006 5420
f 5420 2006 533
f 348 1301 5421
f 5421 1301 2009
f 1301 98 5422
f 5422 98 2008
f 2009 1301 5422
f 5422 2008 2009
f 2009 2008 5423
f 5423 2008 532
f 533 2006 5424
f 5424 2010 533
f 2006 348 5421
f 5421 2009 2006
f 2010 5424 2009
f 5424 2006 2009
f 2010 2009 5423
f 5423 532 2010
f 533 2010 5425
f 5425 2010 2012
f 2010 532 5426
f 5426 532 2011
f 2012 2010 5426
f 5426 2011 2012
f 2012 2011 5427
f 5427 2011 150
f 98 1292 5428
f 5428 1292 2014
f 1292 345 5429
f 5429 345 2013
f 2014 1292 5429
f 5429 2013 2014
f 2014 2013 5430
f 5430 2013 535
f 345 1289 5431
f 5431 1289 2016
f 1289 30 5432
f 5432 30 2015
f 2016 1289 5432
f 5432 2015 2016
f 2016 2015 5433
f 5433 2015 534
f 535 2013 5434
f 5434 2017 535
f 2013 345 5431
f 5431 2016 2013
f 2017 5434 2016
f 5434 2013 2016
f 2017 2016 5433
f 5433 534 2017
f 535 2017 5435
f 5435 2017 2019
f 2017 534 5436
f 5436 534 2018
f 2019 2017 5436
f 5436 2018 2019
f 2019 2018 5437
f 5437 2018 149
f 150 2011 5438
f 5438 2021 150
f 2011 532 5439
f 5439 2020 2011
f 2021 5438 2020
f 5438 2011 2020
f 2021 2020 5440
f 5440 536 2021
f 532 2008 5441
f 5441 2022 532
f 2008 98 5428
f 5428 2014 2008
f 2022 5441 2014
f 5441 2008 2014
f 2022 2014 5430
f 5430 535 2022
f 536 5440 2023
f 5440 2020 2023
f 2020 5439 2022
f 5439 532 2022
f 2023 2020 5442
f 5442 2020 2022
f 2023 5442 535
f 5442 2022 535
f 536 2023 5443
f 5443 2024 536
f 2023 535 5435
f 5435 2019 2023
f 2024 5443 2019
f 5443 2023 2019
f 2024 2019 5437
f 5437 149 2024
f 150 2021 5444
f 5444 2021 2026
f 2021 536 5445
f 5445 536 2025
f 2026 2021 5445
f 5445 2025 2026
f 2026 2025 5446
f 5446 2025 538
f 536 2024 5447
f 5447 2024 2028
f 2024 149 5448
f 5448 149 2027
f 2028 2024 5448
f 5448 2027 2028
f 2028 2027 5449
f 5449 2027 537
f 538 2025 5450
f 5450 2029 538
f 2025 536 5447
f 5447 2028 2025
f 2029 5450 2028
f 5450 2025 2028
f 2029 2028 5449
f 5449 537 2029
f 538 2029 5451
f 5451 2029 2031
f 2029 537 5452
f 5452 537 2030
f 2031 2029 5452
f 5452 2030 2031
f 2031 2030 5453
f 5453 2030 46
f 30 1256 5454
f 5454 1256 2033
f 1256 336 5455
f 5455 336 2032
f 2033 1256 5455
f 5455 2032 2033
f 2033 2032 5456
f 5456 2032 540
f 336 1253 5457
f 5457 1253 2035
f 1253 95 5458
f 5458 95 2034
f 2035 1253 5458
f 5458 2034 2035
f 2035 2034 5459
f 5459 2034 539
f 540 2032 5460
f 5460 2036 540
f 2032 336 5457
f 5457 2035 2032
f 2036 5460 2035
f 5460 2032 2035
f 2036 2035 5459
f 5459 539 2036
f 540 2036 5461
f 5461 2036 2038
f 2036 539 5462
f 5462 539 2037
f 2038 2036 5462
f 5462 2037 2038
f 2038 2037 5463
f 5463 2037 151
f 95 1244 5464
f 5464 1244 2040
f 1244 333 5465
f 5465 333 2039
f 2040 1244 5465
f 5465 2039 2040
f 2040 2039 5466
f 5466 2039 541
f 333 1241 5467
f 5467 1241 2041
f 1241 5 5468
f 5468 5 1500
f 2041 1241 5468
f 5468 1500 2041
f 2041 1500 5469
f 5469 1500 400
f 541 2039 5470
f 5470 2042 541
f 2039 333 5467
f 5467 2041 2039
f 2042 5470 2041
f 5470 2039 2041
f 2042 2041 5469
f 5469 400 2042
f 541 2042 5471
f 5471 2042 2043
f 2042 400 5472
f 5472 400 1506
f 2043 2042 5472
f 5472 1506 2043
f 2043 1506 5473
f 5473 1506 114
f 151 2037 5474
f 5474 2045 151
f 2037 539 5475
f 5475 2044 2037
f 2045 5474 2044
f 5474 2037 2044
f 2045 2044 5476
f 5476 542 2045
f 539 2034 5477
f 5477 2046 539
f 2034 95 5464
f 5464 2040 2034
f 2046 5477 2040
f 5477 2034 2040
f 2046 2040 5466
f 5466 541 2046
f 542 5476 2047
f 5476 2044 2047
f 2044 5475 2046
f 5475 539 2046
f 2047 2044 5478
f 5478 2044 2046
f 2047 5478 541
f 5478 2046 541
f 542 2047 5479
f 5479 2048 542
f 2047 541 5471
f 5471 2043 2047
f 2048 5479 2043
f 5479 2047 2043
f 2048 2043 5473
f 5473 114 2048
f 151 2045 5480
f 5480 2045 2050
f 2045 542 5481
f 5481 542 2049
f 2050 2045 5481
f 5481 2049 2050
f 2050 2049 5482
f 5482 2049 543
f 542 2048 5483
f 5483 2048 2051
f 2048 114 5484
f 5484 114 1522
f 2051 2048 5484
f 5484 1522 2051
f 2051 1522 5485
f 5485 1522 406
f 543 2049 5486
f 5486 2052 543
f 2049 542 5483
f 5483 2051 2049
f 2052 5486 2051
f 5486 2049 2051
f 2052 2051 5485
f 5485 406 2052
f 543 2052 5487
f 5487 2052 2053
f 2052 406 5488
f 5488 406 1527
f 2053 2052 5488
f 5488 1527 2053
f 2053 1527 5489
f 5489 1527 37
f 46 2030 5490
f 5490 2055 46
f 2030 537 5491
f 5491 2054 2030
f 2055 5490 2054
f 5490 2030 2054
f 2055 2054 5492
f 5492 545 2055
f 537 2027 5493
f 5493 2057 537
f 2027 149 5494
f 5494 2056 2027
f 2057 5493 2056
f 5493 2027 2056
f 2057 2056 5495
f 5495 544 2057
f 545 5492 2058
f 5492 2054 2058
f 2054 5491 2057
f 5491 537 2057
f 2058 2054 5496
f 5496 2054 2057
f 2058 5496 544
f 5496 2057 544
f 545 2058 5497
f 5497 2060 545
f 2058 544 5498
f 5498 2059 2058
f 2060 5497 2059
f 5497 2058 2059
f 2060 2059 5499
f 5499 152 2060
f 149 2018 5500
f 5500 2062 149
f 2018 534 5501
f 5501 2061 2018
f 2062 5500 2061
f 5500 2018 2061
f 2062 2061 5502
f 5502 546 2062
f 534 2015 5503
f 5503 2063 534
f 2015 30 5454
f 5454 2033 2015
f 2063 5503 2033
f 5503 2015 2033
f 2063 2033 5456
f 5456 540 2063
f 546 5502 2064
f 5502 2061 2064
f 2061 5501 2063
f 5501 534 2063
f 2064 2061 5504
f 5504 2061 2063
f 2064 5504 540
f 5504 2063 540
f 546 2064 5505
f 5505 2065 546
f 2064 540 5461
f 5461 2038 2064
f 2065 5505 2038
f 5505 2064 2038
f 2065 2038 5463
f 5463 151 2065
f 152 5499 2067
f 5499 2059 2067
f 2059 5498 2066
f 5498 544 2066
f 2067 2059 5506
f 5506 2059 2066
f 2067 5506 547
f 5506 2066 547
f 544 5495 2068
f 5495 2056 2068
f 2056 5494 2062
f 5494 149 2062
f 2068 2056 5507
f 5507 2056 2062
f 2068 5507 546
f 5507 2062 546
f 547 2066 5508
f 5508 2066 2069
f 2066 544 5509
f 5509 544 2068
f 2069 2066 5509
f 5509 2068 2069
f 2069 2068 5510
f 5510 2068 546
f 547 5508 2070
f 5508 2069 2070
f 2069 5510 2065
f 5510 546 2065
f 2070 2069 5511
f 5511 2069 2065
f 2070 5511 151
f 5511 2065 151
f 152 2067 5512
f 5512 2072 152
f 2067 547 5513
f 5513 2071 2067
f 2072 5512 2071
f 5512 2067 2071
f 2072 2071 5514
f 5514 548 2072
f 547 2070 5515
f 5515 2073 547
f 2070 151 5480
f 5480 2050 2070
f 2073 5515 2050
f 5515 2070 2050
f 2073 2050 5482
f 5482 543 2073
f 548 5514 2074
f 5514 2071 2074
f 2071 5513 2073
f 5513 547 2073
f 2074 2071 5516
f 5516 2071 2073
f 2074 5516 543
f 5516 2073 543
f 548 2074 5517
f 5517 2075 548
f 2074 543 5487
f 5487 2053 2074
f 2075 5517 2053
f 5517 2074 2053
f 2075 2053 5489
f 5489 37 2075
f 46 2055 5518
f 5518 2055 2077
f 2055 545 5519
f 5519 545 2076
f 2077 2055 5519
f 5519 2076 2077
f 2077 2076 5520
f 5520 2076 550
f 545 2060 5521
f 5521 2060 2079
f 2060 152 5522
f 5522 152 2078
f 2079 2060 5522
f 5522 2078 2079
f 2079 2078 5523
f 5523 2078 549
f 550 2076 5524
f 5524 2080 550
f 2076 545 5521
f 5521 2079 2076
f 2080 5524 2079
f 5524 2076 2079
f 2080 2079 5523
f 5523 549 2080
f 550 2080 5525
f 5525 2080 2082
f 2080 549 5526
f 5526 549 2081
f 2082 2080 5526
f 5526 2081 2082
f 2082 2081 5527
f 5527 2081 153
f 152 2072 5528
f 5528 2072 2084
f 2072 548 5529
f 5529 548 2083
f 2084 2072 5529
f 5529 2083 2084
f 2084 2083 5530
f 5530 2083 551
f 548 2075 5531
f 5531 2075 2085
f 2075 37 5532
f 5532 37 1581
f 2085 2075 5532
f 5532 1581 2085
f 2085 1581 5533
f 5533 1581 422
f 551 2083 5534
f 5534 2086 551
f 2083 548 5531
f 5531 2085 2083
f 2086 5534 2085
f 5534 2083 2085
f 2086 2085 5533
f 5533 422 2086
f 551 2086 5535
f 5535 2086 2087
f 2086 422 5536
f 5536 422 1586
f 2087 2086 5536
f 5536 1586 2087
f 2087 1586 5537
f 5537 1586 120
f 153 2081 5538
f 5538 2089 153
f 2081 549 5539
f 5539 2088 2081
f 2089 5538 2088
f 5538 2081 2088
f 2089 2088 5540
f 5540 552 2089
f 549 2078 5541
f 5541 2090 549
f 2078 152 5528
f 5528 2084 2078
f 2090 5541 2084
f 5541 2078 2084
f 2090 2084 5530
f 5530 551 2090
f 552 5540 2091
f 5540 2088 2091
f 2088 5539 2090
f 5539 549 2090
f 2091 2088 5542
f 5542 2088 2090
f 2091 5542 551
f 5542 2090 551
f 552 2091 5543
f 5543 2092 552
f 2091 551 5535
f 5535 2087 2091
f 2092 5543 2087
f 5543 2091 2087
f 2092 2087 5537
f 5537 120 2092
f 153 2089 5544
f 5544 2089 2094
f 2089 552 5545
f 5545 552 2093
f 2094 2089 5545
f 5545 2093 2094
f 2094 2093 5546
f 5546 2093 553
f 552 2092 5547
f 5547 2092 2095
f 2092 120 5548
f 5548 120 1600
f 2095 2092 5548
f 5548 1600 2095
f 2095 1600 5549
f 5549 1600 427
f 553 2093 5550
f 5550 2096 553
f 2093 552 5547
f 5547 2095 2093
f 2096 5550 2095
f 5550 2093 2095
f 2096 2095 5549
f 5549 427 2096
f 553 2096 5551
f 5551 2096 2097
f 2096 427 5552
f 5552 427 1605
f 2097 2096 5552
f 5552 1605 2097
f 2097 1605 5553
f 5553 1605 15
f 16 2004 5554
f 5554 2099 16
f 2004 530 5555
f 5555 2098 2004
f 2099 5554 2098
f 5554 2004 2098
f 2099 2098 5556
f 5556 555 2099
f 530 2001 5557
f 5557 2101 530
f 2001 147 5558
f 5558 2100 2001
f 2101 5557 2100
f 5557 2001 2100
f 2101 2100 5559
f 5559 554 2101
f 555 5556 2102
f 5556 2098 2102
f 2098 5555 2101
f 5555 530 2101
f 2102 2098 5560
f 5560 2098 2101
f 2102 5560 554
f 5560 2101 554
f 555 2102 5561
f 5561 2104 555
f 2102 554 5562
f 5562 2103 2102
f 2104 5561 2103
f 5561 2102 2103
f 2104 2103 5563
f 5563 155 2104
f 147 1992 5564
f 5564 2106 147
f 1992 527 5565
f 5565 2105 1992
f 2106 5564 2105
f 5564 1992 2105
f 2106 2105 5566
f 5566 557 2106
f 527 1989 5567
f 5567 2108 527
f 1989 44 5568
f 5568 2107 1989
f 2108 5567 2107
f 5567 1989 2107
f 2108 2107 5569
f 5569 556 2108
f 557 5566 2109
f 5566 2105 2109
f 2105 5565 2108
f 5565 527 2108
f 2109 2105 5570
f 5570 2105 2108
f 2109 5570 556
f 5570 2108 556
f 557 2109 5571
f 5571 2111 557
f 2109 556 5572
f 5572 2110 2109
f 2111 5571 2110
f 5571 2109 2110
f 2111 2110 5573
f 5573 154 2111
f 155 5563 2113
f 5563 2103 2113
f 2103 5562 2112
f 5562 554 2112
f 2113 2103 5574
f 5574 2103 2112
f 2113 5574 558
f 5574 2112 558
f 554 5559 2114
f 5559 2100 2114
f 2100 5558 2106
f 5558 147 2106
f 2114 2100 5575
f 5575 2100 2106
f 2114 5575 557
f 5575 2106 557
f 558 2112 5576
f 5576 2112 2115
f 2112 554 5577
f 5577 554 2114
f 2115 2112 5577
f 5577 2114 2115
f 2115 2114 5578
f 5578 2114 557
f 558 5576 2116
f 5576 2115 2116
f 2115 5578 2111
f 5578 557 2111
f 2116 2115 5579
f 5579 2115 2111
f 2116 5579 154
f 5579 2111 154
f 155 2113 5580
f 5580 2118 155
f 2113 558 5581
f 5581 2117 2113
f 2118 5580 2117
f 5580 2113 2117
f 2118 2117 5582
f 5582 560 2118
f 558 2116 5583
f 5583 2120 558
f 2116 154 5584
f 5584 2119 2116
f 2120 5583 2119
f 5583 2116 2119
f 2120 2119 5585
f 5585 559 2120
f 560 5582 2121
f 5582 2117 2121
f 2117 5581 2120
f 5581 558 2120
f 2121 2117 5586
f 5586 2117 2120
f 2121 5586 559
f 5586 2120 559
f 560 2121 5587
f 5587 2123 560
f 2121 559 5588
f 5588 2122 2121
f 2123 5587 2122
f 5587 2121 2122
f 2123 2122 5589
f 5589 47 2123
f 44 1956 5590
f 5590 2125 44
f 1956 518 5591
f 5591 2124 1956
f 2125 5590 2124
f 5590 1956 2124
f 2125 2124 5592
f 5592 562 2125
f 518 1953 5593
f 5593 2127 518
f 1953 144 5594
f 5594 2126 1953
f 2127 5593 2126
f 5593 1953 2126
f 2127 2126 5595
f 5595 561 2127
f 562 5592 2128
f 5592 2124 2128
f 2124 5591 2127
f 5591 518 2127
f 2128 2124 5596
f 5596 2124 2127
f 2128 5596 561
f 5596 2127 561
f 562 2128 5597
f 5597 2130 562
f 2128 561 5598
f 5598 2129 2128
f 2130 5597 2129
f 5597 2128 2129
f 2130 2129 5599
f 5599 156 2130
f 144 1944 5600
f 5600 2132 144
f 1944 515 5601
f 5601 2131 1944
f 2132 5600 2131
f 5600 1944 2131
f 2132 2131 5602
f 5602 563 2132
f 515 1941 5603
f 5603 2133 515
f 1941 11 5418
f 5418 2007 1941
f 2133 5603 2007
f 5603 1941 2007
f 2133 2007 5420
f 5420 533 2133
f 563 5602 2134
f 5602 2131 2134
f 2131 5601 2133
f 5601 515 2133
f 2134 2131 5604
f 5604 2131 2133
f 2134 5604 533
f 5604 2133 533
f 563 2134 5605
f 5605 2135 563
f 2134 533 5425
f 5425 2012 2134
f 2135 5605 2012
f 5605 2134 2012
f 2135 2012 5427
f 5427 150 2135
f 156 5599 2137
f 5599 2129 2137
f 2129 5598 2136
f 5598 561 2136
f 2137 2129 5606
f 5606 2129 2136
f 2137 5606 564
f 5606 2136 564
f 561 5595 2138
f 5595 2126 2138
f 2126 5594 2132
f 5594 144 2132
f 2138 2126 5607
f 5607 2126 2132
f 2138 5607 563
f 5607 2132 563
f 564 2136 5608
f 5608 2136 2139
f 2136 561 5609
f 5609 561 2138
f 2139 2136 5609
f 5609 2138 2139
f 2139 2138 5610
f 5610 2138 563
f 564 5608 2140
f 5608 2139 2140
f 2139 5610 2135
f 5610 563 2135
f 2140 2139 5611
f 5611 2139 2135
f 2140 5611 150
f 5611 2135 150
f 156 2137 5612
f 5612 2142 156
f 2137 564 5613
f 5613 2141 2137
f 2142 5612 2141
f 5612 2137 2141
f 2142 2141 5614
f 5614 565 2142
f 564 2140 5615
f 5615 2143 564
f 2140 150 5444
f 5444 2026 2140
f 2143 5615 2026
f 5615 2140 2026
f 2143 2026 5446
f 5446 538 2143
f 565 5614 2144
f 5614 2141 2144
f 2141 5613 2143
f 5613 564 2143
f 2144 2141 5616
f 5616 2141 2143
f 2144 5616 538
f 5616 2143 538
f 565 2144 5617
f 5617 2145 565
f 2144 538 5451
f 5451 2031 2144
f 2145 5617 2031
f 5617 2144 2031
f 2145 2031 5453
f 5453 46 2145
f 47 5589 2147
f 5589 2122 2147
f 2122 5588 2146
f 5588 559 2146
f 2147 2122 5618
f 5618 2122 2146
f 2147 5618 567
f 5618 2146 567
f 559 5585 2149
f 5585 2119 2149
f 2119 5584 2148
f 5584 154 2148
f 2149 2119 5619
f 5619 2119 2148
f 2149 5619 566
f 5619 2148 566
f 567 2146 5620
f 5620 2146 2150
f 2146 559 5621
f 5621 559 2149
f 2150 2146 5621
f 5621 2149 2150
f 2150 2149 5622
f 5622 2149 566
f 567 5620 2152
f 5620 2150 2152
f 2150 5622 2151
f 5622 566 2151
f 2152 2150 5623
f 5623 2150 2151
f 2152 5623 157
f 5623 2151 157
f 154 5573 2154
f 5573 2110 2154
f 2110 5572 2153
f 5572 556 2153
f 2154 2110 5624
f 5624 2110 2153
f 2154 5624 568
f 5624 2153 568
f 556 5569 2155
f 5569 2107 2155
f 2107 5568 2125
f 5568 44 2125
f 2155 2107 5625
f 5625 2107 2125
f 2155 5625 562
f 5625 2125 562
f 568 2153 5626
f 5626 2153 2156
f 2153 556 5627
f 5627 556 2155
f 2156 2153 5627
f 5627 2155 2156
f 2156 2155 5628
f 5628 2155 562
f 568 5626 2157
f 5626 2156 2157
f 2156 5628 2130
f 5628 562 2130
f 2157 2156 5629
f 5629 2156 2130
f 2157 5629 156
f 5629 2130 156
f 157 2151 5630
f 5630 2151 2159
f 2151 566 5631
f 5631 566 2158
f 2159 2151 5631
f 5631 2158 2159
f 2159 2158 5632
f 5632 2158 569
f 566 2148 5633
f 5633 2148 2160
f 2148 154 5634
f 5634 154 2154
f 2160 2148 5634
f 5634 2154 2160
f 2160 2154 5635
f 5635 2154 568
f 569 2158 5636
f 5636 2161 569
f 2158 566 5633
f 5633 2160 2158
f 2161 5636 2160
f 5636 2158 2160
f 2161 2160 5635
f 5635 568 2161
f 569 2161 5637
f 5637 2161 2162
f 2161 568 5638
f 5638 568 2157
f 2162 2161 5638
f 5638 2157 2162
f 2162 2157 5639
f 5639 2157 156
f 157 5630 2164
f 5630 2159 2164
f 2159 5632 2163
f 5632 569 2163
f 2164 2159 5640
f 5640 2159 2163
f 2164 5640 570
f 5640 2163 570
f 569 5637 2165
f 5637 2162 2165
f 2162 5639 2142
f 5639 156 2142
f 2165 2162 5641
f 5641 2162 2142
f 2165 5641 565
f 5641 2142 565
f 570 2163 5642
f 5642 2163 2166
f 2163 569 5643
f 5643 569 2165
f 2166 2163 5643
f 5643 2165 2166
f 2166 2165 5644
f 5644 2165 565
f 570 5642 2167
f 5642 2166 2167
f 2166 5644 2145
f 5644 565 2145
f 2167 2166 5645
f 5645 2166 2145
f 2167 5645 46
f 5645 2145 46
f 47 2147 5646
f 5646 2169 47
f 2147 567 5647
f 5647 2168 2147
f 2169 5646 2168
f 5646 2147 2168
f 2169 2168 5648
f 5648 572 2169
f 567 2152 5649
f 5649 2171 567
f 2152 157 5650
f 5650 2170 2152
f 2171 5649 2170
f 5649 2152 2170
f 2171 2170 5651
f 5651 571 2171
f 572 5648 2172
f 5648 2168 2172
f 2168 5647 2171
f 5647 567 2171
f 2172 2168 5652
f 5652 2168 2171
f 2172 5652 571
f 5652 2171 571
f 572 2172 5653
f 5653 2174 572
f 2172 571 5654
f 5654 2173 2172
f 2174 5653 2173
f 5653 2172 2173
f 2174 2173 5655
f 5655 158 2174
f 157 2164 5656
f 5656 2176 157
f 2164 570 5657
f 5657 2175 2164
f 2176 5656 2175
f 5656 2164 2175
f 2176 2175 5658
f 5658 573 2176
f 570 2167 5659
f 5659 2177 570
f 2167 46 5518
f 5518 2077 2167
f 2177 5659 2077
f 5659 2167 2077
f 2177 2077 5520
f 5520 550 2177
f 573 5658 2178
f 5658 2175 2178
f 2175 5657 2177
f 5657 570 2177
f 2178 2175 5660
f 5660 2175 2177
f 2178 5660 550
f 5660 2177 550
f 573 2178 5661
f 5661 2179 573
f 2178 550 5525
f 5525 2082 2178
f 2179 5661 2082
f 5661 2178 2082
f 2179 2082 5527
f 5527 153 2179
f 158 5655 2181
f 5655 2173 2181
f 2173 5654 2180
f 5654 571 2180
f 2181 2173 5662
f 5662 2173 2180
f 2181 5662 574
f 5662 2180 574
f 571 5651 2182
f 5651 2170 2182
f 2170 5650 2176
f 5650 157 2176
f 2182 2170 5663
f 5663 2170 2176
f 2182 5663 573
f 5663 2176 573
f 574 2180 5664
f 5664 2180 2183
f 2180 571 5665
f 5665 571 2182
f 2183 2180 5665
f 5665 2182 2183
f 2183 2182 5666
f 5666 2182 573
f 574 5664 2184
f 5664 2183 2184
f 2183 5666 2179
f 5666 573 2179
f 2184 2183 5667
f 5667 2183 2179
f 2184 5667 153
f 5667 2179 153
f 158 2181 5668
f 5668 2186 158
f 2181 574 5669
f 5669 2185 2181
f 2186 5668 2185
f 5668 2181 2185
f 2186 2185 5670
f 5670 575 2186
f 574 2184 5671
f 5671 2187 574
f 2184 153 5544
f 5544 2094 2184
f 2187 5671 2094
f 5671 2184 2094
f 2187 2094 5546
f 5546 553 2187
f 575 5670 2188
f 5670 2185 2188
f 2185 5669 2187
f 5669 574 2187
f 2188 2185 5672
f 5672 2185 2187
f 2188 5672 553
f 5672 2187 553
f 575 2188 5673
f 5673 2189 575
f 2188 553 5551
f 5551 2097 2188
f 2189 5673 2097
f 5673 2188 2097
f 2189 2097 5553
f 5553 15 2189
f 16 2099 5674
f 5674 2099 2191
f 2099 555 5675
f 5675 555 2190
f 2191 2099 5675
f 5675 2190 2191
f 2191 2190 5676
f 5676 2190 577
f 555 2104 5677
f 5677 2104 2193
f 2104 155 5678
f 5678 155 2192
f 2193 2104 5678
f 5678 2192 2193
f 2193 2192 5679
f 5679 2192 576
f 577 2190 5680
f 5680 2194 577
f 2190 555 5677
f 5677 2193 2190
f 2194 5680 2193
f 5680 2190 2193
f 2194 2193 5679
f 5679 576 2194
f 577 2194 5681
f 5681 2194 2196
f 2194 576 5682
f 5682 576 2195
f 2196 2194 5682
f 5682 2195 2196
f 2196 2195 5683
f 5683 2195 160
f 155 2118 5684
f 5684 2118 2198
f 2118 560 5685
f 5685 560 2197
f 2198 2118 5685
f 5685 2197 2198
f 2198 2197 5686
f 5686 2197 579
f 560 2123 5687
f 5687 2123 2200
f 2123 47 5688
f 5688 47 2199
f 2200 2123 5688
f 5688 2199 2200
f 2200 2199 5689
f 5689 2199 578
f 579 2197 5690
f 5690 2201 579
f 2197 560 5687
f 5687 2200 2197
f 2201 5690 2200
f 5690 2197 2200
f 2201 2200 5689
f 5689 578 2201
f 579 2201 5691
f 5691 2201 2203
f 2201 578 5692
f 5692 578 2202
f 2203 2201 5692
f 5692 2202 2203
f 2203 2202 5693
f 5693 2202 159
f 160 2195 5694
f 5694 2205 160
f 2195 576 5695
f 5695 2204 2195
f 2205 5694 2204
f 5694 2195 2204
f 2205 2204 5696
f 5696 580 2205
f 576 2192 5697
f 5697 2206 576
f 2192 155 5684
f 5684 2198 2192
f 2206 5697 2198
f 5697 2192 2198
f 2206 2198 5686
f 5686 579 2206
f 580 5696 2207
f 5696 2204 2207
f 2204 5695 2206
f 5695 576 2206
f 2207 2204 5698
f 5698 2204 2206
f 2207 5698 579
f 5698 2206 579
f 580 2207 5699
f 5699 2208 580
f 2207 579 5691
f 5691 2203 2207
f 2208 5699 2203
f 5699 2207 2203
f 2208 2203 5693
f 5693 159 2208
f 160 2205 5700
f 5700 2205 2210
f 2205 580 5701
f 5701 580 2209
f 2210 2205 5701
f 5701 2209 2210
f 2210 2209 5702
f 5702 2209 582
f 580 2208 5703
f 5703 2208 2212
f 2208 159 5704
f 5704 159 2211
f 2212 2208 5704
f 5704 2211 2212
f 2212 2211 5705
f 5705 2211 581
f 582 2209 5706
f 5706 2213 582
f 2209 580 5703
f 5703 2212 2209
f 2213 5706 2212
f 5706 2209 2212
f 2213 2212 5705
f 5705 581 2213
f 582 2213 5707
f 5707 2213 2215
f 2213 581 5708
f 5708 581 2214
f 2215 2213 5708
f 5708 2214 2215
f 2215 2214 5709
f 5709 2214 48
f 47 2169 5710
f 5710 2169 2217
f 2169 572 5711
f 5711 572 2216
f 2217 2169 5711
f 5711 2216 2217
f 2217 2216 5712
f 5712 2216 584
f 572 2174 5713
f 5713 2174 2219
f 2174 158 5714
f 5714 158 2218
f 2219 2174 5714
f 5714 2218 2219
f 2219 2218 5715
f 5715 2218 583
f 584 2216 5716
f 5716 2220 584
f 2216 572 5713
f 5713 2219 2216
f 2220 5716 2219
f 5716 2216 2219
f 2220 2219 5715
f 5715 583 2220
f 584 2220 5717
f 5717 2220 2222
f 2220 583 5718
f 5718 583 2221
f 2222 2220 5718
f 5718 2221 2222
f 2222 2221 5719
f 5719 2221 161
f 158 2186 5720
f 5720 2186 2224
f 2186 575 5721
f 5721 575 2223
f 2224 2186 5721
f 5721 2223 2224
f 2224 2223 5722
f 5722 2223 585
f 575 2189 5723
f 5723 2189 2225
f 2189 15 5724
f 5724 15 1807
f 2225 2189 5724
f 5724 1807 2225
f 2225 1807 5725
f 5725 1807 481
f 585 2223 5726
f 5726 2226 585
f 2223 575 5723
f 5723 2225 2223
f 2226 5726 2225
f 5726 2223 2225
f 2226 2225 5725
f 5725 481 2226
f 585 2226 5727
f 5727 2226 2227
f 2226 481 5728
f 5728 481 1812
f 2227 2226 5728
f 5728 1812 2227
f 2227 1812 5729
f 5729 1812 136
f 161 2221 5730
f 5730 2229 161
f 2221 583 5731
f 5731 2228 2221
f 2229 5730 2228
f 5730 2221 2228
f 2229 2228 5732
f 5732 586 2229
f 583 2218 5733
f 5733 2230 583
f 2218 158 5720
f 5720 2224 2218
f 2230 5733 2224
f 5733 2218 2224
f 2230 2224 5722
f 5722 585 2230
f 586 5732 2231
f 5732 2228 2231
f 2228 5731 2230
f 5731 583 2230
f 2231 2228 5734
f 5734 2228 2230
f 2231 5734 585
f 5734 2230 585
f 586 2231 5735
f 5735 2232 586
f 2231 585 5727
f 5727 2227 2231
f 2232 5735 2227
f 5735 2231 2227
f 2232 2227 5729
f 5729 136 2232
f 161 2229 5736
f 5736 2229 2234
f 2229 586 5737
f 5737 586 2233
f 2234 2229 5737
f 5737 2233 2234
f 2234 2233 5738
f 5738 2233 587
f 586 2232 5739
f 5739 2232 2235
f 2232 136 5740
f 5740 136 1826
f 2235 2232 5740
f 5740 1826 2235
f 2235 1826 5741
f 5741 1826 486
f 587 2233 5742
f 5742 2236 587
f 2233 586 5739
f 5739 2235 2233
f 2236 5742 2235
f 5742 2233 2235
f 2236 2235 5741
f 5741 486 2236
f 587 2236 5743
f 5743 2236 2237
f 2236 486 5744
f 5744 486 1831
f 2237 2236 5744
f 5744 1831 2237
f 2237 1831 5745
f 5745 1831 43
f 48 2214 5746
f 5746 2239 48
f 2214 581 5747
f 5747 2238 2214
f 2239 5746 2238
f 5746 2214 2238
f 2239 2238 5748
f 5748 589 2239
f 581 2211 5749
f 5749 2241 581
f 2211 159 5750
f 5750 2240 2211
f 2241 5749 2240
f 5749 2211 2240
f 2241 2240 5751
f 5751 588 2241
f 589 5748 2242
f 5748 2238 2242
f 2238 5747 2241
f 5747 581 2241
f 2242 2238 5752
f 5752 2238 2241
f 2242 5752 588
f 5752 2241 588
f 589 2242 5753
f 5753 2244 589
f 2242 588 5754
f 5754 2243 2242
f 2244 5753 2243
f 5753 2242 2243
f 2244 2243 5755
f 5755 162 2244
f 159 2202 5756
f 5756 2246 159
f 2202 578 5757
f 5757 2245 2202
f 2246 5756 2245
f 5756 2202 2245
f 2246 2245 5758
f 5758 590 2246
f 578 2199 5759
f 5759 2247 578
f 2199 47 5710
f 5710 2217 2199
f 2247 5759 2217
f 5759 2199 2217
f 2247 2217 5712
f 5712 584 2247
f 590 5758 2248
f 5758 2245 2248
f 2245 5757 2247
f 5757 578 2247
f 2248 2245 5760
f 5760 2245 2247
f 2248 5760 584
f 5760 2247 584
f 590 2248 5761
f 5761 2249 590
f 2248 584 5717
f 5717 2222 2248
f 2249 5761 2222
f 5761 2248 2222
f 2249 2222 5719
f 5719 161 2249
f 162 5755 2251
f 5755 2243 2251
f 2243 5754 2250
f 5754 588 2250
f 2251 2243 5762
f 5762 2243 2250
f 2251 5762 591
f 5762 2250 591
f 588 5751 2252
f 5751 2240 2252
f 2240 5750 2246
f 5750 159 2246
f 2252 2240 5763
f 5763 2240 2246
f 2252 5763 590
f 5763 2246 590
f 591 2250 5764
f 5764 2250 2253
f 2250 588 5765
f 5765 588 2252
f 2253 2250 5765
f 5765 2252 2253
f 2253 2252 5766
f 5766 2252 590
f 591 5764 2254
f 5764 2253 2254
f 2253 5766 2249
f 5766 590 2249
f 2254 2253 5767
f 5767 2253 2249
f 2254 5767 161
f 5767 2249 161
f 162 2251 5768
f 5768 2256 162
f 2251 591 5769
f 5769 2255 2251
f 2256 5768 2255
f 5768 2251 2255
f 2256 2255 5770
f 5770 592 2256
f 591 2254 5771
f 5771 2257 591
f 2254 161 5736
f 5736 2234 2254
f 2257 5771 2234
f 5771 2254 2234
f 2257 2234 5738
f 5738 587 2257
f 592 5770 2258
f 5770 2255 2258
f 2255 5769 2257
f 5769 591 2257
f 2258 2255 5772
f 5772 2255 2257
f 2258 5772 587
f 5772 2257 587
f 592 2258 5773
f 5773 2259 592
f 2258 587 5743
f 5743 2237 2258
f 2259 5773 2237
f 5773 2258 2237
f 2259 2237 5745
f 5745 43 2259
f 48 2239 5774
f 5774 2239 2261
f 2239 589 5775
f 5775 589 2260
f 2261 2239 5775
f 5775 2260 2261
f 2261 2260 5776
f 5776 2260 594
f 589 2244 5777
f 5777 2244 2263
f 2244 162 5778
f 5778 162 2262
f 2263 2244 5778
f 5778 2262 2263
f 2263 2262 5779
f 5779 2262 593
f 594 2260 5780
f 5780 2264 594
f 2260 589 5777
f 5777 2263 2260
f 2264 5780 2263
f 5780 2260 2263
f 2264 2263 5779
f 5779 593 2264
f 594 2264 5781
f 5781 2264 2266
f 2264 593 5782
f 5782 593 2265
f 2266 2264 5782
f 5782 2265 2266
f 2266 2265 5783
f 5783 2265 163
f 162 2256 5784
f 5784 2256 2268
f 2256 592 5785
f 5785 592 2267
f 2268 2256 5785
f 5785 2267 2268
f 2268 2267 5786
f 5786 2267 595
f 592 2259 5787
f 5787 2259 2269
f 2259 43 5788
f 5788 43 1881
f 2269 2259 5788
f 5788 1881 2269
f 2269 1881 5789
f 5789 1881 500
f 595 2267 5790
f 5790 2270 595
f 2267 592 5787
f 5787 2269 2267
f 2270 5790 2269
f 5790 2267 2269
f 2270 2269 5789
f 5789 500 2270
f 595 2270 5791
f 5791 2270 2271
f 2270 500 5792
f 5792 500 1886
f 2271 2270 5792
f 5792 1886 2271
f 2271 1886 5793
f 5793 1886 141
f 163 2265 5794
f 5794 2273 163
f 2265 593 5795
f 5795 2272 2265
f 2273 5794 2272
f 5794 2265 2272
f 2273 2272 5796
f 5796 596 2273
f 593 2262 5797
f 5797 2274 593
f 2262 162 5784
f 5784 2268 2262
f 2274 5797 2268
f 5797 2262 2268
f 2274 2268 5786
f 5786 595 2274
f 596 5796 2275
f 5796 2272 2275
f 2272 5795 2274
f 5795 593 2274
f 2275 2272 5798
f 5798 2272 2274
f 2275 5798 595
f 5798 2274 595
f 596 2275 5799
f 5799 2276 596
f 2275 595 5791
f 5791 2271 2275
f 2276 5799 2271
f 5799 2275 2271
f 2276 2271 5793
f 5793 141 2276
f 163 2273 5800
f 5800 2273 2278
f 2273 596 5801
f 5801 596 2277
f 2278 2273 5801
f 5801 2277 2278
f 2278 2277 5802
f 5802 2277 597
f 596 2276 5803
f 5803 2276 2279
f 2276 141 5804
f 5804 141 1900
f 2279 2276 5804
f 5804 1900 2279
f 2279 1900 5805
f 5805 1900 505
f 597 2277 5806
f 5806 2280 597
f 2277 596 5803
f 5803 2279 2277
f 2280 5806 2279
f 5806 2277 2279
f 2280 2279 5805
f 5805 505 2280
f 597 2280 5807
f 5807 2280 2281
f 2280 505 5808
f 5808 505 1905
f 2281 2280 5808
f 5808 1905 2281
f 2281 1905 5809
f 5809 1905 6
f 7 5282 2283
f 5282 1907 2283
f 1907 5284 2282
f 5284 507 2282
f 2283 1907 5810
f 5810 1907 2282
f 2283 5810 599
f 5810 2282 599
f 507 5289 2285
f 5289 1912 2285
f 1912 5291 2284
f 5291 143 2284
f 2285 1912 5811
f 5811 1912 2284
f 2285 5811 598
f 5811 2284 598
f 599 2282 5812
f 5812 2282 2286
f 2282 507 5813
f 5813 507 2285
f 2286 2282 5813
f 5813 2285 2286
f 2286 2285 5814
f 5814 2285 598
f 599 5812 2288
f 5812 2286 2288
f 2286 5814 2287
f 5814 598 2287
f 2288 2286 5815
f 5815 2286 2287
f 2288 5815 165
f 5815 2287 165
f 143 5308 2290
f 5308 1926 2290
f 1926 5310 2289
f 5310 512 2289
f 2290 1926 5816
f 5816 1926 2289
f 2290 5816 601
f 5816 2289 601
f 512 5315 2292
f 5315 1931 2292
f 1931 5317 2291
f 5317 45 2291
f 2292 1931 5817
f 5817 1931 2291
f 2292 5817 600
f 5817 2291 600
f 601 2289 5818
f 5818 2289 2293
f 2289 512 5819
f 5819 512 2292
f 2293 2289 5819
f 5819 2292 2293
f 2293 2292 5820
f 5820 2292 600
f 601 5818 2295
f 5818 2293 2295
f 2293 5820 2294
f 5820 600 2294
f 2295 2293 5821
f 5821 2293 2294
f 2295 5821 164
f 5821 2294 164
f 165 2287 5822
f 5822 2287 2297
f 2287 598 5823
f 5823 598 2296
f 2297 2287 5823
f 5823 2296 2297
f 2297 2296 5824
f 5824 2296 602
f 598 2284 5825
f 5825 2284 2298
f 2284 143 5826
f 5826 143 2290
f 2298 2284 5826
f 5826 2290 2298
f 2298 2290 5827
f 5827 2290 601
f 602 2296 5828
f 5828 2299 602
f 2296 598 5825
f 5825 2298 2296
f 2299 5828 2298
f 5828 2296 2298
f 2299 2298 5827
f 5827 601 2299
f 602 2299 5829
f 5829 2299 2300
f 2299 601 5830
f 5830 601 2295
f 2300 2299 5830
f 5830 2295 2300
f 2300 2295 5831
f 5831 2295 164
f 165 5822 2302
f 5822 2297 2302
f 2297 5824 2301
f 5824 602 2301
f 2302 2297 5832
f 5832 2297 2301
f 2302 5832 604
f 5832 2301 604
f 602 5829 2304
f 5829 2300 2304
f 2300 5831 2303
f 5831 164 2303
f 2304 2300 5833
f 5833 2300 2303
f 2304 5833 603
f 5833 2303 603
f 604 2301 5834
f 5834 2301 2305
f 2301 602 5835
f 5835 602 2304
f 2305 2301 5835
f 5835 2304 2305
f 2305 2304 5836
f 5836 2304 603
f 604 5834 2307
f 5834 2305 2307
f 2305 5836 2306
f 5836 603 2306
f 2307 2305 5837
f 5837 2305 2306
f 2307 5837 50
f 5837 2306 50
f 45 5382 2309
f 5382 1981 2309
f 1981 5384 2308
f 5384 526 2308
f 2309 1981 5838
f 5838 1981 2308
f 2309 5838 606
f 5838 2308 606
f 526 5389 2311
f 5389 1986 2311
f 1986 5391 2310
f 5391 148 2310
f 2311 1986 5839
f 5839 1986 2310
f 2311 5839 605
f 5839 2310 605
f 606 2308 5840
f 5840 2308 2312
f 2308 526 5841
f 5841 526 2311
f 2312 2308 5841
f 5841 2311 2312
f 2312 2311 5842
f 5842 2311 605
f 606 5840 2314
f 5840 2312 2314
f 2312 5842 2313
f 5842 605 2313
f 2314 2312 5843
f 5843 2312 2313
f 2314 5843 167
f 5843 2313 167
f 148 5408 2316
f 5408 2000 2316
f 2000 5410 2315
f 5410 531 2315
f 2316 2000 5844
f 5844 2000 2315
f 2316 5844 608
f 5844 2315 608
f 531 5415 2318
f 5415 2005 2318
f 2005 5417 2317
f 5417 16 2317
f 2318 2005 5845
f 5845 2005 2317
f 2318 5845 607
f 5845 2317 607
f 608 2315 5846
f 5846 2315 2319
f 2315 531 5847
f 5847 531 2318
f 2319 2315 5847
f 5847 2318 2319
f 2319 2318 5848
f 5848 2318 607
f 608 5846 2321
f 5846 2319 2321
f 2319 5848 2320
f 5848 607 2320
f 2321 2319 5849
f 5849 2319 2320
f 2321 5849 166
f 5849 2320 166
f 167 2313 5850
f 5850 2313 2323
f 2313 605 5851
f 5851 605 2322
f 2323 2313 5851
f 5851 2322 2323
f 2323 2322 5852
f 5852 2322 609
f 605 2310 5853
f 5853 2310 2324
f 2310 148 5854
f 5854 148 2316
f 2324 2310 5854
f 5854 2316 2324
f 2324 2316 5855
f 5855 2316 608
f 609 2322 5856
f 5856 2325 609
f 2322 605 5853
f 5853 2324 2322
f 2325 5856 2324
f 5856 2322 2324
f 2325 2324 5855
f 5855 608 2325
f 609 2325 5857
f 5857 2325 2326
f 2325 608 5858
f 5858 608 2321
f 2326 2325 5858
f 5858 2321 2326
f 2326 2321 5859
f 5859 2321 166
f 167 5850 2328
f 5850 2323 2328
f 2323 5852 2327
f 5852 609 2327
f 2328 2323 5860
f 5860 2323 2327
f 2328 5860 611
f 5860 2327 611
f 609 5857 2330
f 5857 2326 2330
f 2326 5859 2329
f 5859 166 2329
f 2330 2326 5861
f 5861 2326 2329
f 2330 5861 610
f 5861 2329 610
f 611 2327 5862
f 5862 2327 2331
f 2327 609 5863
f 5863 609 2330
f 2331 2327 5863
f 5863 2330 2331
f 2331 2330 5864
f 5864 2330 610
f 611 5862 2333
f 5862 2331 2333
f 2331 5864 2332
f 5864 610 2332
f 2333 2331 5865
f 5865 2331 2332
f 2333 5865 49
f 5865 2332 49
f 50 2306 5866
f 5866 2306 2335
f 2306 603 5867
f 5867 603 2334
f 2335 2306 5867
f 5867 2334 2335
f 2335 2334 5868
f 5868 2334 613
f 603 2303 5869
f 5869 2303 2337
f 2303 164 5870
f 5870 164 2336
f 2337 2303 5870
f 5870 2336 2337
f 2337 2336 5871
f 5871 2336 612
f 613 2334 5872
f 5872 2338 613
f 2334 603 5869
f 5869 2337 2334
f 2338 5872 2337
f 5872 2334 2337
f 2338 2337 5871
f 5871 612 2338
f 613 2338 5873
f 5873 2338 2340
f 2338 612 5874
f 5874 612 2339
f 2340 2338 5874
f 5874 2339 2340
f 2340 2339 5875
f 5875 2339 168
f 164 2294 5876
f 5876 2294 2342
f 2294 600 5877
f 5877 600 2341
f 2342 2294 5877
f 5877 2341 2342
f 2342 2341 5878
f 5878 2341 614
f 600 2291 5879
f 5879 2291 2343
f 2291 45 5880
f 5880 45 2309
f 2343 2291 5880
f 5880 2309 2343
f 2343 2309 5881
f 5881 2309 606
f 614 2341 5882
f 5882 2344 614
f 2341 600 5879
f 5879 2343 2341
f 2344 5882 2343
f 5882 2341 2343
f 2344 2343 5881
f 5881 606 2344
f 614 2344 5883
f 5883 2344 2345
f 2344 606 5884
f 5884 606 2314
f 2345 2344 5884
f 5884 2314 2345
f 2345 2314 5885
f 5885 2314 167
f 168 2339 5886
f 5886 2347 168
f 2339 612 5887
f 5887 2346 2339
f 2347 5886 2346
f 5886 2339 2346
f 2347 2346 5888
f 5888 615 2347
f 612 2336 5889
f 5889 2348 612
f 2336 164 5876
f 5876 2342 2336
f 2348 5889 2342
f 5889 2336 2342
f 2348 2342 5878
f 5878 614 2348
f 615 5888 2349
f 5888 2346 2349
f 2346 5887 2348
f 5887 612 2348
f 2349 2346 5890
f 5890 2346 2348
f 2349 5890 614
f 5890 2348 614
f 615 2349 5891
f 5891 2350 615
f 2349 614 5883
f 5883 2345 2349
f 2350 5891 2345
f 5891 2349 2345
f 2350 2345 5885
f 5885 167 2350
f 168 2347 5892
f 5892 2347 2352
f 2347 615 5893
f 5893 615 2351
f 2352 2347 5893
f 5893 2351 2352
f 2352 2351 5894
f 5894 2351 616
f 615 2350 5895
f 5895 2350 2353
f 2350 167 5896
f 5896 167 2328
f 2353 2350 5896
f 5896 2328 2353
f 2353 2328 5897
f 5897 2328 611
f 616 2351 5898
f 5898 2354 616
f 2351 615 5895
f 5895 2353 2351
f 2354 5898 2353
f 5898 2351 2353
f 2354 2353 5897
f 5897 611 2354
f 616 2354 5899
f 5899 2354 2355
f 2354 611 5900
f 5900 611 2333
f 2355 2354 5900
f 5900 2333 2355
f 2355 2333 5901
f 5901 2333 49
f 50 5866 2357
f 5866 2335 2357
f 2335 5868 2356
f 5868 613 2356
f 2357 2335 5902
f 5902 2335 2356
f 2357 5902 618
f 5902 2356 618
f 613 5873 2359
f 5873 2340 2359
f 2340 5875 2358
f 5875 168 2358
f 2359 2340 5903
f 5903 2340 2358
f 2359 5903 617
f 5903 2358 617
f 618 2356 5904
f 5904 2356 2360
f 2356 613 5905
f 5905 613 2359
f 2360 2356 5905
f 5905 2359 2360
f 2360 2359 5906
f 5906 2359 617
f 618 5904 2362
f 5904 2360 2362
f 2360 5906 2361
f 5906 617 2361
f 2362 2360 5907
f 5907 2360 2361
f 2362 5907 170
f 5907 2361 170
f 168 5892 2364
f 5892 2352 2364
f 2352 5894 2363
f 5894 616 2363
f 2364 2352 5908
f 5908 2352 2363
f 2364 5908 620
f 5908 2363 620
f 616 5899 2366
f 5899 2355 2366
f 2355 5901 2365
f 5901 49 2365
f 2366 2355 5909
f 5909 2355 2365
f 2366 5909 619
f 5909 2365 619
f 620 2363 5910
f 5910 2363 2367
f 2363 616 5911
f 5911 616 2366
f 2367 2363 5911
f 5911 2366 2367
f 2367 2366 5912
f 5912 2366 619
f 620 5910 2369
f 5910 2367 2369
f 2367 5912 2368
f 5912 619 2368
f 2369 2367 5913
f 5913 2367 2368
f 2369 5913 169
f 5913 2368 169
f 170 2361 5914
f 5914 2361 2371
f 2361 617 5915
f 5915 617 2370
f 2371 2361 5915
f 5915 2370 2371
f 2371 2370 5916
f 5916 2370 621
f 617 2358 5917
f 5917 2358 2372
f 2358 168 5918
f 5918 168 2364
f 2372 2358 5918
f 5918 2364 2372
f 2372 2364 5919
f 5919 2364 620
f 621 2370 5920
f 5920 2373 621
f 2370 617 5917
f 5917 2372 2370
f 2373 5920 2372
f 5920 2370 2372
f 2373 2372 5919
f 5919 620 2373
f 621 2373 5921
f 5921 2373 2374
f 2373 620 5922
f 5922 620 2369
f 2374 2373 5922
f 5922 2369 2374
f 2374 2369 5923
f 5923 2369 169
f 170 5914 2376
f 5914 2371 2376
f 2371 5916 2375
f 5916 621 2375
f 2376 2371 5924
f 5924 2371 2375
f 2376 5924 623
f 5924 2375 623
f 621 5921 2378
f 5921 2374 2378
f 2374 5923 2377
f 5923 169 2377
f 2378 2374 5925
f 5925 2374 2377
f 2378 5925 622
f 5925 2377 622
f 623 2375 5926
f 5926 2375 2379
f 2375 621 5927
f 5927 621 2378
f 2379 2375 5927
f 5927 2378 2379
f 2379 2378 5928
f 5928 2378 622
f 623 5926 2381
f 5926 2379 2381
f 2379 5928 2380
f 5928 622 2380
f 2381 2379 5929
f 5929 2379 2380
f 2381 5929 18
f 5929 2380 18
f 16 5674 2383
f 5674 2191 2383
f 2191 5676 2382
f 5676 577 2382
f 2383 2191 5930
f 5930 2191 2382
f 2383 5930 625
f 5930 2382 625
f 577 5681 2385
f 5681 2196 2385
f 2196 5683 2384
f 5683 160 2384
f 2385 2196 5931
f 5931 2196 2384
f 2385 5931 624
f 5931 2384 624
f 625 2382 5932
f 5932 2382 2386
f 2382 577 5933
f 5933 577 2385
f 2386 2382 5933
f 5933 2385 2386
f 2386 2385 5934
f 5934 2385 624
f 625 5932 2388
f 5932 2386 2388
f 2386 5934 2387
f 5934 624 2387
f 2388 2386 5935
f 5935 2386 2387
f 2388 5935 172
f 5935 2387 172
f 160 5700 2390
f 5700 2210 2390
f 2210 5702 2389
f 5702 582 2389
f 2390 2210 5936
f 5936 2210 2389
f 2390 5936 627
f 5936 2389 627
f 582 5707 2392
f 5707 2215 2392
f 2215 5709 2391
f 5709 48 2391
f 2392 2215 5937
f 5937 2215 2391
f 2392 5937 626
f 5937 2391 626
f 627 2389 5938
f 5938 2389 2393
f 2389 582 5939
f 5939 582 2392
f 2393 2389 5939
f 5939 2392 2393
f 2393 2392 5940
f 5940 2392 626
f 627 5938 2395
f 5938 2393 2395
f 2393 5940 2394
f 5940 626 2394
f 2395 2393 5941
f 5941 2393 2394
f 2395 5941 171
f 5941 2394 171
f 172 2387 5942
f 5942 2387 2397
f 2387 624 5943
f 5943 624 2396
f 2397 2387 5943
f 5943 2396 2397
f 2397 2396 5944
f 5944 2396 628
f 624 2384 5945
f 5945 2384 2398
f 2384 160 5946
f 5946 160 2390
f 2398 2384 5946
f 5946 2390 2398
f 2398 2390 5947
f 5947 2390 627
f 628 2396 5948
f 5948 2399 628
f 2396 624 5945
f 5945 2398 2396
f 2399 5948 2398
f 5948 2396 2398
f 2399 2398 5947
f 5947 627 2399
f 628 2399 5949
f 5949 2399 2400
f 2399 627 5950
f 5950 627 2395
f 2400 2399 5950
f 5950 2395 2400
f 2400 2395 5951
f 5951 2395 171
f 172 5942 2402
f 5942 2397 2402
f 2397 5944 2401
f 5944 628 2401
f 2402 2397 5952
f 5952 2397 2401
f 2402 5952 630
f 5952 2401 630
f 628 5949 2404
f 5949 2400 2404
f 2400 5951 2403
f 5951 171 2403
f 2404 2400 5953
f 5953 2400 2403
f 2404 5953 629
f 5953 2403 629
f 630 2401 5954
f 5954 2401 2405
f 2401 628 5955
f 5955 628 2404
f 2405 2401 5955
f 5955 2404 2405
f 2405 2404 5956
f 5956 2404 629
f 630 5954 2407
f 5954 2405 2407
f 2405 5956 2406
f 5956 629 2406
f 2407 2405 5957
f 5957 2405 2406
f 2407 5957 52
f 5957 2406 52
f 48 5774 2409
f 5774 2261 2409
f 2261 5776 2408
f 5776 594 2408
f 2409 2261 5958
f 5958 2261 2408
f 2409 5958 632
f 5958 2408 632
f 594 5781 2411
f 5781 2266 2411
f 2266 5783 2410
f 5783 163 2410
f 2411 2266 5959
f 5959 2266 2410
f 2411 5959 631
f 5959 2410 631
f 632 2408 5960
f 5960 2408 2412
f 2408 594 5961
f 5961 594 2411
f 2412 2408 5961
f 5961 2411 2412
f 2412 2411 5962
f 5962 2411 631
f 632 5960 2414
f 5960 2412 2414
f 2412 5962 2413
f 5962 631 2413
f 2414 2412 5963
f 5963 2412 2413
f 2414 5963 174
f 5963 2413 174
f 163 5800 2416
f 5800 2278 2416
f 2278 5802 2415
f 5802 597 2415
f 2416 2278 5964
f 5964 2278 2415
f 2416 5964 634
f 5964 2415 634
f 597 5807 2418
f 5807 2281 2418
f 2281 5809 2417
f 5809 6 2417
f 2418 2281 5965
f 5965 2281 2417
f 2418 5965 633
f 5965 2417 633
f 634 2415 5966
f 5966 2415 2419
f 2415 597 5967
f 5967 597 2418
f 2419 2415 5967
f 5967 2418 2419
f 2419 2418 5968
f 5968 2418 633
f 634 5966 2421
f 5966 2419 2421
f 2419 5968 2420
f 5968 633 2420
f 2421 2419 5969
f 5969 2419 2420
f 2421 5969 173
f 5969 2420 173
f 174 2413 5970
f 5970 2413 2423
f 2413 631 5971
f 5971 631 2422
f 2423 2413 5971
f 5971 2422 2423
f 2423 2422 5972
f 5972 2422 635
f 631 2410 5973
f 5973 2410 2424
f 2410 163 5974
f 5974 163 2416
f 2424 2410 5974
f 5974 2416 2424
f 2424 2416 5975
f 5975 2416 634
f 635 2422 5976
f 5976 2425 635
f 2422 631 5973
f 5973 2424 2422
f 2425 5976 2424
f 5976 2422 2424
f 2425 2424 5975
f 5975 634 2425
f 635 2425 5977
f 5977 2425 2426
f 2425 634 5978
f 5978 634 2421
f 2426 2425 5978
f 5978 2421 2426
f 2426 2421 5979
f 5979 2421 173
f 174 5970 2428
f 5970 2423 2428
f 2423 5972 2427
f 5972 635 2427
f 2428 2423 5980
f 5980 2423 2427
f 2428 5980 637
f 5980 2427 637
f 635 5977 2430
f 5977 2426 2430
f 2426 5979 2429
f 5979 173 2429
f 2430 2426 5981
f 5981 2426 2429
f 2430 5981 636
f 5981 2429 636
f 637 2427 5982
f 5982 2427 2431
f 2427 635 5983
f 5983 635 2430
f 2431 2427 5983
f 5983 2430 2431
f 2431 2430 5984
f 5984 2430 636
f 637 5982 2433
f 5982 2431 2433
f 2431 5984 2432
f 5984 636 2432
f 2433 2431 5985
f 5985 2431 2432
f 2433 5985 51
f 5985 2432 51
f 52 2406 5986
f 5986 2406 2435
f 2406 629 5987
f 5987 629 2434
f 2435 2406 5987
f 5987 2434 2435
f 2435 2434 5988
f 5988 2434 639
f 629 2403 5989
f 5989 2403 2437
f 2403 171 5990
f 5990 171 2436
f 2437 2403 5990
f 5990 2436 2437
f 2437 2436 5991
f 5991 2436 638
f 639 2434 5992
f 5992 2438 639
f 2434 629 5989
f 5989 2437 2434
f 2438 5992 2437
f 5992 2434 2437
f 2438 2437 5991
f 5991 638 2438
f 639 2438 5993
f 5993 2438 2440
f 2438 638 5994
f 5994 638 2439
f 2440 2438 5994
f 5994 2439 2440
f 2440 2439 5995
f 5995 2439 175
f 171 2394 5996
f 5996 2394 2442
f 2394 626 5997
f 5997 626 2441
f 2442 2394 5997
f 5997 2441 2442
f 2442 2441 5998
f 5998 2441 640
f 626 2391 5999
f 5999 2391 2443
f 2391 48 6000
f 6000 48 2409
f 2443 2391 6000
f 6000 2409 2443
f 2443 2409 6001
f 6001 2409 632
f 640 2441 6002
f 6002 2444 640
f 2441 626 5999
f 5999 2443 2441
f 2444 6002 2443
f 6002 2441 2443
f 2444 2443 6001
f 6001 632 2444
f 640 2444 6003
f 6003 2444 2445
f 2444 632 6004
f 6004 632 2414
f 2445 2444 6004
f 6004 2414 2445
f 2445 2414 6005
f 6005 2414 174
f 175 2439 6006
f 6006 2447 175
f 2439 638 6007
f 6007 2446 2439
f 2447 6006 2446
f 6006 2439 2446
f 2447 2446 6008
f 6008 641 2447
f 638 2436 6009
f 6009 2448 638
f 2436 171 5996
f 5996 2442 2436
f 2448 6009 2442
f 6009 2436 2442
f 2448 2442 5998
f 5998 640 2448
f 641 6008 2449
f 6008 2446 2449
f 2446 6007 2448
f 6007 638 2448
f 2449 2446 6010
f 6010 2446 2448
f 2449 6010 640
f 6010 2448 640
f 641 2449 6011
f 6011 2450 641
f 2449 640 6003
f 6003 2445 2449
f 2450 6011 2445
f 6011 2449 2445
f 2450 2445 6005
f 6005 174 2450
f 175 2447 6012
f 6012 2447 2452
f 2447 641 6013
f 6013 641 2451
f 2452 2447 6013
f 6013 2451 2452
f 2452 2451 6014
f 6014 2451 642
f 641 2450 6015
f 6015 2450 2453
f 2450 174 6016
f 6016 174 2428
f 2453 2450 6016
f 6016 2428 2453
f 2453 2428 6017
f 6017 2428 637
f 642 2451 6018
f 6018 2454 642
f 2451 641 6015
f 6015 2453 2451
f 2454 6018 2453
f 6018 2451 2453
f 2454 2453 6017
f 6017 637 2454
f 642 2454 6019
f 6019 2454 2455
f 2454 637 6020
f 6020 637 2433
f 2455 2454 6020
f 6020 2433 2455
f 2455 2433 6021
f 6021 2433 51
f 52 5986 2457
f 5986 2435 2457
f 2435 5988 2456
f 5988 639 2456
f 2457 2435 6022
f 6022 2435 2456
f 2457 6022 644
f 6022 2456 644
f 639 5993 2459
f 5993 2440 2459
f 2440 5995 2458
f 5995 175 2458
f 2459 2440 6023
f 6023 2440 2458
f 2459 6023 643
f 6023 2458 643
f 644 2456 6024
f 6024 2456 2460
f 2456 639 6025
f 6025 639 2459
f 2460 2456 6025
f 6025 2459 2460
f 2460 2459 6026
f 6026 2459 643
f 644 6024 2462
f 6024 2460 2462
f 2460 6026 2461
f 6026 643 2461
f 2462 2460 6027
f 6027 2460 2461
f 2462 6027 177
f 6027 2461 177
f 175 6012 2464
f 6012 2452 2464
f 2452 6014 2463
f 6014 642 2463
f 2464 2452 6028
f 6028 2452 2463
f 2464 6028 646
f 6028 2463 646
f 642 6019 2466
f 6019 2455 2466
f 2455 6021 2465
f 6021 51 2465
f 2466 2455 6029
f 6029 2455 2465
f 2466 6029 645
f 6029 2465 645
f 646 2463 6030
f 6030 2463 2467
f 2463 642 6031
f 6031 642 2466
f 2467 2463 6031
f 6031 2466 2467
f 2467 2466 6032
f 6032 2466 645
f 646 6030 2469
f 6030 2467 2469
f 2467 6032 2468
f 6032 645 2468
f 2469 2467 6033
f 6033 2467 2468
f 2469 6033 176
f 6033 2468 176
f 177 2461 6034
f 6034 2461 2471
f 2461 643 6035
f 6035 643 2470
f 2471 2461 6035
f 6035 2470 2471
f 2471 2470 6036
f 6036 2470 647
f 643 2458 6037
f 6037 2458 2472
f 2458 175 6038
f 6038 175 2464
f 2472 2458 6038
f 6038 2464 2472
f 2472 2464 6039
f 6039 2464 646
f 647 2470 6040
f 6040 2473 647
f 2470 643 6037
f 6037 2472 2470
f 2473 6040 2472
f 6040 2470 2472
f 2473 2472 6039
f 6039 646 2473
f 647 2473 6041
f 6041 2473 2474
f 2473 646 6042
f 6042 646 2469
f 2474 2473 6042
f 6042 2469 2474
f 2474 2469 6043
f 6043 2469 176
f 177 6034 2476
f 6034 2471 2476
f 2471 6036 2475
f 6036 647 2475
f 2476 2471 6044
f 6044 2471 2475
f 2476 6044 649
f 6044 2475 649
f 647 6041 2478
f 6041 2474 2478
f 2474 6043 2477
f 6043 176 2477
f 2478 2474 6045
f 6045 2474 2477
f 2478 6045 648
f 6045 2477 648
f 649 2475 6046
f 6046 2475 2479
f 2475 647 6047
f 6047 647 2478
f 2479 2475 6047
f 6047 2478 2479
f 2479 2478 6048
f 6048 2478 648
f 649 6046 2481
f 6046 2479 2481
f 2479 6048 2480
f 6048 648 2480
f 2481 2479 6049
f 6049 2479 2480
f 2481 6049 17
f 6049 2480 17
f 18 2380 6050
f 6050 2380 2483
f 2380 622 6051
f 6051 622 2482
f 2483 2380 6051
f 6051 2482 2483
f 2483 2482 6052
f 6052 2482 651
f 622 2377 6053
f 6053 2377 2485
f 2377 169 6054
f 6054 169 2484
f 2485 2377 6054
f 6054 2484 2485
f 2485 2484 6055
f 6055 2484 650
f 651 2482 6056
f 6056 2486 651
f 2482 622 6053
f 6053 2485 2482
f 2486 6056 2485
f 6056 2482 2485
f 2486 2485 6055
f 6055 650 2486
f 651 2486 6057
f 6057 2486 2488
f 2486 650 6058
f 6058 650 2487
f 2488 2486 6058
f 6058 2487 2488
f 2488 2487 6059
f 6059 2487 179
f 169 2368 6060
f 6060 2368 2490
f 2368 619 6061
f 6061 619 2489
f 2490 2368 6061
f 6061 2489 2490
f 2490 2489 6062
f 6062 2489 653
f 619 2365 6063
f 6063 2365 2492
f 2365 49 6064
f 6064 49 2491
f 2492 2365 6064
f 6064 2491 2492
f 2492 2491 6065
f 6065 2491 652
f 653 2489 6066
f 6066 2493 653
f 2489 619 6063
f 6063 2492 2489
f 2493 6066 2492
f 6066 2489 2492
f 2493 2492 6065
f 6065 652 2493
f 653 2493 6067
f 6067 2493 2495
f 2493 652 6068
f 6068 652 2494
f 2495 2493 6068
f 6068 2494 2495
f 2495 2494 6069
f 6069 2494 178
f 179 2487 6070
f 6070 2497 179
f 2487 650 6071
f 6071 2496 2487
f 2497 6070 2496
f 6070 2487 2496
f 2497 2496 6072
f 6072 654 2497
f 650 2484 6073
f 6073 2498 650
f 2484 169 6060
f 6060 2490 2484
f 2498 6073 2490
f 6073 2484 2490
f 2498 2490 6062
f 6062 653 2498
f 654 6072 2499
f 6072 2496 2499
f 2496 6071 2498
f 6071 650 2498
f 2499 2496 6074
f 6074 2496 2498
f 2499 6074 653
f 6074 2498 653
f 654 2499 6075
f 6075 2500 654
f 2499 653 6067
f 6067 2495 2499
f 2500 6075 2495
f 6075 2499 2495
f 2500 2495 6069
f 6069 178 2500
f 179 2497 6076
f 6076 2497 2502
f 2497 654 6077
f 6077 654 2501
f 2502 2497 6077
f 6077 2501 2502
f 2502 2501 6078
f 6078 2501 656
f 654 2500 6079
f 6079 2500 2504
f 2500 178 6080
f 6080 178 2503
f 2504 2500 6080
f 6080 2503 2504
f 2504 2503 6081
f 6081 2503 655
f 656 2501 6082
f 6082 2505 656
f 2501 654 6079
f 6079 2504 2501
f 2505 6082 2504
f 6082 2501 2504
f 2505 2504 6081
f 6081 655 2505
f 656 2505 6083
f 6083 2505 2507
f 2505 655 6084
f 6084 655 2506
f 2507 2505 6084
f 6084 2506 2507
f 2507 2506 6085
f 6085 2506 53
f 49 2332 6086
f 6086 2332 2509
f 2332 610 6087
f 6087 610 2508
f 2509 2332 6087
f 6087 2508 2509
f 2509 2508 6088
f 6088 2508 658
f 610 2329 6089
f 6089 2329 2511
f 2329 166 6090
f 6090 166 2510
f 2511 2329 6090
f 6090 2510 2511
f 2511 2510 6091
f 6091 2510 657
f 658 2508 6092
f 6092 2512 658
f 2508 610 6089
f 6089 2511 2508
f 2512 6092 2511
f 6092 2508 2511
f 2512 2511 6091
f 6091 657 2512
f 658 2512 6093
f 6093 2512 2514
f 2512 657 6094
f 6094 657 2513
f 2514 2512 6094
f 6094 2513 2514
f 2514 2513 6095
f 6095 2513 180
f 166 2320 6096
f 6096 2320 2516
f 2320 607 6097
f 6097 607 2515
f 2516 2320 6097
f 6097 2515 2516
f 2516 2515 6098
f 6098 2515 659
f 607 2317 6099
f 6099 2317 2517
f 2317 16 6100
f 6100 16 2383
f 2517 2317 6100
f 6100 2383 2517
f 2517 2383 6101
f 6101 2383 625
f 659 2515 6102
f 6102 2518 659
f 2515 607 6099
f 6099 2517 2515
f 2518 6102 2517
f 6102 2515 2517
f 2518 2517 6101
f 6101 625 2518
f 659 2518 6103
f 6103 2518 2519
f 2518 625 6104
f 6104 625 2388
f 2519 2518 6104
f 6104 2388 2519
f 2519 2388 6105
f 6105 2388 172
f 180 2513 6106
f 6106 2521 180
f 2513 657 6107
f 6107 2520 2513
f 2521 6106 2520
f 6106 2513 2520
f 2521 2520 6108
f 6108 660 2521
f 657 2510 6109
f 6109 2522 657
f 2510 166 6096
f 6096 2516 2510
f 2522 6109 2516
f 6109 2510 2516
f 2522 2516 6098
f 6098 659 2522
f 660 6108 2523
f 6108 2520 2523
f 2520 6107 2522
f 6107 657 2522
f 2523 2520 6110
f 6110 2520 2522
f 2523 6110 659
f 6110 2522 659
f 660 2523 6111
f 6111 2524 660
f 2523 659 6103
f 6103 2519 2523
f 2524 6111 2519
f 6111 2523 2519
f 2524 2519 6105
f 6105 172 2524
f 180 2521 6112
f 6112 2521 2526
f 2521 660 6113
f 6113 660 2525
f 2526 2521 6113
f 6113 2525 2526
f 2526 2525 6114
f 6114 2525 661
f 660 2524 6115
f 6115 2524 2527
f 2524 172 6116
f 6116 172 2402
f 2527 2524 6116
f 6116 2402 2527
f 2527 2402 6117
f 6117 2402 630
f 661 2525 6118
f 6118 2528 661
f 2525 660 6115
f 6115 2527 2525
f 2528 6118 2527
f 6118 2525 2527
f 2528 2527 6117
f 6117 630 2528
f 661 2528 6119
f 6119 2528 2529
f 2528 630 6120
f 6120 630 2407
f 2529 2528 6120
f 6120 2407 2529
f 2529 2407 6121
f 6121 2407 52
f 53 2506 6122
f 6122 2531 53
f 2506 655 6123
f 6123 2530 2506
f 2531 6122 2530
f 6122 2506 2530
f 2531 2530 6124
f 6124 663 2531
f 655 2503 6125
f 6125 2533 655
f 2503 178 6126
f 6126 2532 2503
f 2533 6125 2532
f 6125 2503 2532
f 2533 2532 6127
f 6127 662 2533
f 663 6124 2534
f 6124 2530 2534
f 2530 6123 2533
f 6123 655 2533
f 2534 2530 6128
f 6128 2530 2533
f 2534 6128 662
f 6128 2533 662
f 663 2534 6129
f 6129 2536 663
f 2534 662 6130
f 6130 2535 2534
f 2536 6129 2535
f 6129 2534 2535
f 2536 2535 6131
f 6131 181 2536
f 178 2494 6132
f 6132 2538 178
f 2494 652 6133
f 6133 2537 2494
f 2538 6132 2537
f 6132 2494 2537
f 2538 2537 6134
f 6134 664 2538
f 652 2491 6135
f 6135 2539 652
f 2491 49 6086
f 6086 2509 2491
f 2539 6135 2509
f 6135 2491 2509
f 2539 2509 6088
f 6088 658 2539
f 664 6134 2540
f 6134 2537 2540
f 2537 6133 2539
f 6133 652 2539
f 2540 2537 6136
f 6136 2537 2539
f 2540 6136 658
f 6136 2539 658
f 664 2540 6137
f 6137 2541 664
f 2540 658 6093
f 6093 2514 2540
f 2541 6137 2514
f 6137 2540 2514
f 2541 2514 6095
f 6095 180 2541
f 181 6131 2543
f 6131 2535 2543
f 2535 6130 2542
f 6130 662 2542
f 2543 2535 6138
f 6138 2535 2542
f 2543 6138 665
f 6138 2542 665
f 662 6127 2544
f 6127 2532 2544
f 2532 6126 2538
f 6126 178 2538
f 2544 2532 6139
f 6139 2532 2538
f 2544 6139 664
f 6139 2538 664
f 665 2542 6140
f 6140 2542 2545
f 2542 662 6141
f 6141 662 2544
f 2545 2542 6141
f 6141 2544 2545
f 2545 2544 6142
f 6142 2544 664
f 665 6140 2546
f 6140 2545 2546
f 2545 6142 2541
f 6142 664 2541
f 2546 2545 6143
f 6143 2545 2541
f 2546 6143 180
f 6143 2541 180
f 181 2543 6144
f 6144 2548 181
f 2543 665 6145
f 6145 2547 2543
f 2548 6144 2547
f 6144 2543 2547
f 2548 2547 6146
f 6146 666 2548
f 665 2546 6147
f 6147 2549 665
f 2546 180 6112
f 6112 2526 2546
f 2549 6147 2526
f 6147 2546 2526
f 2549 2526 6114
f 6114 661 2549
f 666 6146 2550
f 6146 2547 2550
f 2547 6145 2549
f 6145 665 2549
f 2550 2547 6148
f 6148 2547 2549
f 2550 6148 661
f 6148 2549 661
f 666 2550 6149
f 6149 2551 666
f 2550 661 6119
f 6119 2529 2550
f 2551 6149 2529
f 6149 2550 2529
f 2551 2529 6121
f 6121 52 2551
f 53 2531 6150
f 6150 2531 2553
f 2531 663 6151
f 6151 663 2552
f 2553 2531 6151
f 6151 2552 2553
f 2553 2552 6152
f 6152 2552 668
f 663 2536 6153
f 6153 2536 2555
f 2536 181 6154
f 6154 181 2554
f 2555 2536 6154
f 6154 2554 2555
f 2555 2554 6155
f 6155 2554 667
f 668 2552 6156
f 6156 2556 668
f 2552 663 6153
f 6153 2555 2552
f 2556 6156 2555
f 6156 2552 2555
f 2556 2555 6155
f 6155 667 2556
f 668 2556 6157
f 6157 2556 2558
f 2556 667 6158
f 6158 667 2557
f 2558 2556 6158
f 6158 2557 2558
f 2558 2557 6159
f 6159 2557 182
f 181 2548 6160
f 6160 2548 2560
f 2548 666 6161
f 6161 666 2559
f 2560 2548 6161
f 6161 2559 2560
f 2560 2559 6162
f 6162 2559 669
f 666 2551 6163
f 6163 2551 2561
f 2551 52 6164
f 6164 52 2457
f 2561 2551 6164
f 6164 2457 2561
f 2561 2457 6165
f 6165 2457 644
f 669 2559 6166
f 6166 2562 669
f 2559 666 6163
f 6163 2561 2559
f 2562 6166 2561
f 6166 2559 2561
f 2562 2561 6165
f 6165 644 2562
f 669 2562 6167
f 6167 2562 2563
f 2562 644 6168
f 6168 644 2462
f 2563 2562 6168
f 6168 2462 2563
f 2563 2462 6169
f 6169 2462 177
f 182 2557 6170
f 6170 2565 182
f 2557 667 6171
f 6171 2564 2557
f 2565 6170 2564
f 6170 2557 2564
f 2565 2564 6172
f 6172 670 2565
f 667 2554 6173
f 6173 2566 667
f 2554 181 6160
f 6160 2560 2554
f 2566 6173 2560
f 6173 2554 2560
f 2566 2560 6162
f 6162 669 2566
f 670 6172 2567
f 6172 2564 2567
f 2564 6171 2566
f 6171 667 2566
f 2567 2564 6174
f 6174 2564 2566
f 2567 6174 669
f 6174 2566 669
f 670 2567 6175
f 6175 2568 670
f 2567 669 6167
f 6167 2563 2567
f 2568 6175 2563
f 6175 2567 2563
f 2568 2563 6169
f 6169 177 2568
f 182 2565 6176
f 6176 2565 2570
f 2565 670 6177
f 6177 670 2569
f 2570 2565 6177
f 6177 2569 2570
f 2570 2569 6178
f 6178 2569 671
f 670 2568 6179
f 6179 2568 2571
f 2568 177 6180
f 6180 177 2476
f 2571 2568 6180
f 6180 2476 2571
f 2571 2476 6181
f 6181 2476 649
f 671 2569 6182
f 6182 2572 671
f 2569 670 6179
f 6179 2571 2569
f 2572 6182 2571
f 6182 2569 2571
f 2572 2571 6181
f 6181 649 2572
f 671 2572 6183
f 6183 2572 2573
f 2572 649 6184
f 6184 649 2481
f 2573 2572 6184
f 6184 2481 2573
f 2573 2481 6185
f 6185 2481 17
f 18 6050 2575
f 6050 2483 2575
f 2483 6052 2574
f 6052 651 2574
f 2575 2483 6186
f 6186 2483 2574
f 2575 6186 673
f 6186 2574 673
f 651 6057 2577
f 6057 2488 2577
f 2488 6059 2576
f 6059 179 2576
f 2577 2488 6187
f 6187 2488 2576
f 2577 6187 672
f 6187 2576 672
f 673 2574 6188
f 6188 2574 2578
f 2574 651 6189
f 6189 651 2577
f 2578 2574 6189
f 6189 2577 2578
f 2578 2577 6190
f 6190 2577 672
f 673 6188 2580
f 6188 2578 2580
f 2578 6190 2579
f 6190 672 2579
f 2580 2578 6191
f 6191 2578 2579
f 2580 6191 184
f 6191 2579 184
f 179 6076 2582
f 6076 2502 2582
f 2502 6078 2581
f 6078 656 2581
f 2582 2502 6192
f 6192 2502 2581
f 2582 6192 675
f 6192 2581 675
f 656 6083 2584
f 6083 2507 2584
f 2507 6085 2583
f 6085 53 2583
f 2584 2507 6193
f 6193 2507 2583
f 2584 6193 674
f 6193 2583 674
f 675 2581 6194
f 6194 2581 2585
f 2581 656 6195
f 6195 656 2584
f 2585 2581 6195
f 6195 2584 2585
f 2585 2584 6196
f 6196 2584 674
f 675 6194 2587
f 6194 2585 2587
f 2585 6196 2586
f 6196 674 2586
f 2587 2585 6197
f 6197 2585 2586
f 2587 6197 183
f 6197 2586 183
f 184 2579 6198
f 6198 2579 2589
f 2579 672 6199
f 6199 672 2588
f 2589 2579 6199
f 6199 2588 2589
f 2589 2588 6200
f 6200 2588 676
f 672 2576 6201
f 6201 2576 2590
f 2576 179 6202
f 6202 179 2582
f 2590 2576 6202
f 6202 2582 2590
f 2590 2582 6203
f 6203 2582 675
f 676 2588 6204
f 6204 2591 676
f 2588 672 6201
f 6201 2590 2588
f 2591 6204 2590
f 6204 2588 2590
f 2591 2590 6203
f 6203 675 2591
f 676 2591 6205
f 6205 2591 2592
f 2591 675 6206
f 6206 675 2587
f 2592 2591 6206
f 6206 2587 2592
f 2592 2587 6207
f 6207 2587 183
f 184 6198 2594
f 6198 2589 2594
f 2589 6200 2593
f 6200 676 2593
f 2594 2589 6208
f 6208 2589 2593
f 2594 6208 678
f 6208 2593 678
f 676 6205 2596
f 6205 2592 2596
f 2592 6207 2595
f 6207 183 2595
f 2596 2592 6209
f 6209 2592 2595
f 2596 6209 677
f 6209 2595 677
f 678 2593 6210
f 6210 2593 2597
f 2593 676 6211
f 6211 676 2596
f 2597 2593 6211
f 6211 2596 2597
f 2597 2596 6212
f 6212 2596 677
f 678 6210 2599
f 6210 2597 2599
f 2597 6212 2598
f 6212 677 2598
f 2599 2597 6213
f 6213 2597 2598
f 2599 6213 55
f 6213 2598 55
f 53 6150 2601
f 6150 2553 2601
f 2553 6152 2600
f 6152 668 2600
f 2601 2553 6214
f 6214 2553 2600
f 2601 6214 680
f 6214 2600 680
f 668 6157 2603
f 6157 2558 2603
f 2558 6159 2602
f 6159 182 2602
f 2603 2558 6215
f 6215 2558 2602
f 2603 6215 679
f 6215 2602 679
f 680 2600 6216
f 6216 2600 2604
f 2600 668 6217
f 6217 668 2603
f 2604 2600 6217
f 6217 2603 2604
f 2604 2603 6218
f 6218 2603 679
f 680 6216 2606
f 6216 2604 2606
f 2604 6218 2605
f 6218 679 2605
f 2606 2604 6219
f 6219 2604 2605
f 2606 6219 186
f 6219 2605 186
f 182 6176 2608
f 6176 2570 2608
f 2570 6178 2607
f 6178 671 2607
f 2608 2570 6220
f 6220 2570 2607
f 2608 6220 682
f 6220 2607 682
f 671 6183 2610
f 6183 2573 2610
f 2573 6185 2609
f 6185 17 2609
f 2610 2573 6221
f 6221 2573 2609
f 2610 6221 681
f 6221 2609 681
f 682 2607 6222
f 6222 2607 2611
f 2607 671 6223
f 6223 671 2610
f 2611 2607 6223
f 6223 2610 2611
f 2611 2610 6224
f 6224 2610 681
f 682 6222 2613
f 6222 2611 2613
f 2611 6224 2612
f 6224 681 2612
f 2613 2611 6225
f 6225 2611 2612
f 2613 6225 185
f 6225 2612 185
f 186 2605 6226
f 6226 2605 2615
f 2605 679 6227
f 6227 679 2614
f 2615 2605 6227
f 6227 2614 2615
f 2615 2614 6228
f 6228 2614 683
f 679 2602 6229
f 6229 2602 2616
f 2602 182 6230
f 6230 182 2608
f 2616 2602 6230
f 6230 2608 2616
f 2616 2608 6231
f 6231 2608 682
f 683 2614 6232
f 6232 2617 683
f 2614 679 6229
f 6229 2616 2614
f 2617 6232 2616
f 6232 2614 2616
f 2617 2616 6231
f 6231 682 2617
f 683 2617 6233
f 6233 2617 2618
f 2617 682 6234
f 6234 682 2613
f 2618 2617 6234
f 6234 2613 2618
f 2618 2613 6235
f 6235 2613 185
f 186 6226 2620
f 6226 2615 2620
f 2615 6228 2619
f 6228 683 2619
f 2620 2615 6236
f 6236 2615 2619
f 2620 6236 685
f 6236 2619 685
f 683 6233 2622
f 6233 2618 2622
f 2618 6235 2621
f 6235 185 2621
f 2622 2618 6237
f 6237 2618 2621
f 2622 6237 684
f 6237 2621 684
f 685 2619 6238
f 6238 2619 2623
f 2619 683 6239
f 6239 683 2622
f 2623 2619 6239
f 6239 2622 2623
f 2623 2622 6240
f 6240 2622 684
f 685 6238 2625
f 6238 2623 2625
f 2623 6240 2624
f 6240 684 2624
f 2625 2623 6241
f 6241 2623 2624
f 2625 6241 54
f 6241 2624 54
f 55 2598 6242
f 6242 2598 2627
f 2598 677 6243
f 6243 677 2626
f 2627 2598 6243
f 6243 2626 2627
f 2627 2626 6244
f 6244 2626 687
f 677 2595 6245
f 6245 2595 2629
f 2595 183 6246
f 6246 183 2628
f 2629 2595 6246
f 6246 2628 2629
f 2629 2628 6247
f 6247 2628 686
f 687 2626 6248
f 6248 2630 687
f 2626 677 6245
f 6245 2629 2626
f 2630 6248 2629
f 6248 2626 2629
f 2630 2629 6247
f 6247 686 2630
f 687 2630 6249
f 6249 2630 2632
f 2630 686 6250
f 6250 686 2631
f 2632 2630 6250
f 6250 2631 2632
f 2632 2631 6251
f 6251 2631 187
f 183 2586 6252
f 6252 2586 2634
f 2586 674 6253
f 6253 674 2633
f 2634 2586 6253
f 6253 2633 2634
f 2634 2633 6254
f 6254 2633 688
f 674 2583 6255
f 6255 2583 2635
f 2583 53 6256
f 6256 53 2601
f 2635 2583 6256
f 6256 2601 2635
f 2635 2601 6257
f 6257 2601 680
f 688 2633 6258
f 6258 2636 688
f 2633 674 6255
f 6255 2635 2633
f 2636 6258 2635
f 6258 2633 2635
f 2636 2635 6257
f 6257 680 2636
f 688 2636 6259
f 6259 2636 2637
f 2636 680 6260
f 6260 680 2606
f 2637 2636 6260
f 6260 2606 2637
f 2637 2606 6261
f 6261 2606 186
f 187 2631 6262
f 6262 2639 187
f 2631 686 6263
f 6263 2638 2631
f 2639 6262 2638
f 6262 2631 2638
f 2639 2638 6264
f 6264 689 2639
f 686 2628 6265
f 6265 2640 686
f 2628 183 6252
f 6252 2634 2628
f 2640 6265 2634
f 6265 2628 2634
f 2640 2634 6254
f 6254 688 2640
f 689 6264 2641
f 6264 2638 2641
f 2638 6263 2640
f 6263 686 2640
f 2641 2638 6266
f 6266 2638 2640
f 2641 6266 688
f 6266 2640 688
f 689 2641 6267
f 6267 2642 689
f 2641 688 6259
f 6259 2637 2641
f 2642 6267 2637
f 6267 2641 2637
f 2642 2637 6261
f 6261 186 2642
f 187 2639 6268
f 6268 2639 2644
f 2639 689 6269
f 6269 689 2643
f 2644 2639 6269
f 6269 2643 2644
f 2644 2643 6270
f 6270 2643 690
f 689 2642 6271
f 6271 2642 2645
f 2642 186 6272
f 6272 186 2620
f 2645 2642 6272
f 6272 2620 2645
f 2645 2620 6273
f 6273 2620 685
f 690 2643 6274
f 6274 2646 690
f 2643 689 6271
f 6271 2645 2643
f 2646 6274 2645
f 6274 2643 2645
f 2646 2645 6273
f 6273 685 2646
f 690 2646 6275
f 6275 2646 2647
f 2646 685 6276
f 6276 685 2625
f 2647 2646 6276
f 6276 2625 2647
f 2647 2625 6277
f 6277 2625 54
f 55 6242 2649
f 6242 2627 2649
f 2627 6244 2648
f 6244 687 2648
f 2649 2627 6278
f 6278 2627 2648
f 2649 6278 692
f 6278 2648 692
f 687 6249 2651
f 6249 2632 2651
f 2632 6251 2650
f 6251 187 2650
f 2651 2632 6279
f 6279 2632 2650
f 2651 6279 691
f 6279 2650 691
f 692 2648 6280
f 6280 2648 2652
f 2648 687 6281
f 6281 687 2651
f 2652 2648 6281
f 6281 2651 2652
f 2652 2651 6282
f 6282 2651 691
f 692 6280 2654
f 6280 2652 2654
f 2652 6282 2653
f 6282 691 2653
f 2654 2652 6283
f 6283 2652 2653
f 2654 6283 189
f 6283 2653 189
f 187 6268 2656
f 6268 2644 2656
f 2644 6270 2655
f 6270 690 2655
f 2656 2644 6284
f 6284 2644 2655
f 2656 6284 694
f 6284 2655 694
f 690 6275 2658
f 6275 2647 2658
f 2647 6277 2657
f 6277 54 2657
f 2658 2647 6285
f 6285 2647 2657
f 2658 6285 693
f 6285 2657 693
f 694 2655 6286
f 6286 2655 2659
f 2655 690 6287
f 6287 690 2658
f 2659 2655 6287
f 6287 2658 2659
f 2659 2658 6288
f 6288 2658 693
f 694 6286 2661
f 6286 2659 2661
f 2659 6288 2660
f 6288 693 2660
f 2661 2659 6289
f 6289 2659 2660
f 2661 6289 188
f 6289 2660 188
f 189 2653 6290
f 6290 2653 2663
f 2653 691 6291
f 6291 691 2662
f 2663 2653 6291
f 6291 2662 2663
f 2663 2662 6292
f 6292 2662 695
f 691 2650 6293
f 6293 2650 2664
f 2650 187 6294
f 6294 187 2656
f 2664 2650 6294
f 6294 2656 2664
f 2664 2656 6295
f 6295 2656 694
f 695 2662 6296
f 6296 2665 695
f 2662 691 6293
f 6293 2664 2662
f 2665 6296 2664
f 6296 2662 2664
f 2665 2664 6295
f 6295 694 2665
f 695 2665 6297
f 6297 2665 2666
f 2665 694 6298
f 6298 694 2661
f 2666 2665 6298
f 6298 2661 2666
f 2666 2661 6299
f 6299 2661 188
f 189 6290 2668
f 6290 2663 2668
f 2663 6292 2667
f 6292 695 2667
f 2668 2663 6300
f 6300 2663 2667
f 2668 6300 697
f 6300 2667 697
f 695 6297 2670
f 6297 2666 2670
f 2666 6299 2669
f 6299 188 2669
f 2670 2666 6301
f 6301 2666 2669
f 2670 6301 696
f 6301 2669 696
f 697 2667 6302
f 6302 2667 2671
f 2667 695 6303
f 6303 695 2670
f 2671 2667 6303
f 6303 2670 2671
f 2671 2670 6304
f 6304 2670 696
f 697 6302 2673
f 6302 2671 2673
f 2671 6304 2672
f 6304 696 2672
f 2673 2671 6305
f 6305 2671 2672
f 2673 6305 2
f 6305 2672 2
f 4 2674 6306
f 6306 2676 4
f 2674 698 6307
f 6307 2675 2674
f 2676 6306 2675
f 6306 2674 2675
f 2676 2675 6308
f 6308 700 2676
f 698 2677 6309
f 6309 2679 698
f 2677 190 6310
f 6310 2678 2677
f 2679 6309 2678
f 6309 2677 2678
f 2679 2678 6311
f 6311 699 2679
f 700 6308 2680
f 6308 2675 2680
f 2675 6307 2679
f 6307 698 2679
f 2680 2675 6312
f 6312 2675 2679
f 2680 6312 699
f 6312 2679 699
f 700 2680 6313
f 6313 2682 700
f 2680 699 6314
f 6314 2681 2680
f 2682 6313 2681
f 6313 2680 2681
f 2682 2681 6315
f 6315 192 2682
f 190 2683 6316
f 6316 2685 190
f 2683 701 6317
f 6317 2684 2683
f 2685 6316 2684
f 6316 2683 2684
f 2685 2684 6318
f 6318 703 2685
f 701 2686 6319
f 6319 2688 701
f 2686 56 6320
f 6320 2687 2686
f 2688 6319 2687
f 6319 2686 2687
f 2688 2687 6321
f 6321 702 2688
f 703 6318 2689
f 6318 2684 2689
f 2684 6317 2688
f 6317 701 2688
f 2689 2684 6322
f 6322 2684 2688
f 2689 6322 702
f 6322 2688 702
f 703 2689 6323
f 6323 2691 703
f 2689 702 6324
f 6324 2690 2689
f 2691 6323 2690
f 6323 2689 2690
f 2691 2690 6325
f 6325 191 2691
f 192 6315 2693
f 6315 2681 2693
f 2681 6314 2692
f 6314 699 2692
f 2693 2681 6326
f 6326 2681 2692
f 2693 6326 704
f 6326 2692 704
f 699 6311 2694
f 6311 2678 2694
f 2678 6310 2685
f 6310 190 2685
f 2694 2678 6327
f 6327 2678 2685
f 2694 6327 703
f 6327 2685 703
f 704 2692 6328
f 6328 2692 2695
f 2692 699 6329
f 6329 699 2694
f 2695 2692 6329
f 6329 2694 2695
f 2695 2694 6330
f 6330 2694 703
f 704 6328 2696
f 6328 2695 2696
f 2695 6330 2691
f 6330 703 2691
f 2696 2695 6331
f 6331 2695 2691
f 2696 6331 191
f 6331 2691 191
f 192 2693 6332
f 6332 2698 192
f 2693 704 6333
f 6333 2697 2693
f 2698 6332 2697
f 6332 2693 2697
f 2698 2697 6334
f 6334 706 2698
f 704 2696 6335
f 6335 2700 704
f 2696 191 6336
f 6336 2699 2696
f 2700 6335 2699
f 6335 2696 2699
f 2700 2699 6337
f 6337 705 2700
f 706 6334 2701
f 6334 2697 2701
f 2697 6333 2700
f 6333 704 2700
f 2701 2697 6338
f 6338 2697 2700
f 2701 6338 705
f 6338 2700 705
f 706 2701 6339
f 6339 2703 706
f 2701 705 6340
f 6340 2702 2701
f 2703 6339 2702
f 6339 2701 2702
f 2703 2702 6341
f 6341 58 2703
f 56 2704 6342
f 6342 2706 56
f 2704 707 6343
f 6343 2705 2704
f 2706 6342 2705
f 6342 2704 2705
f 2706 2705 6344
f 6344 709 2706
f 707 2707 6345
f 6345 2709 707
f 2707 193 6346
f 6346 2708 2707
f 2709 6345 2708
f 6345 2707 2708
f 2709 2708 6347
f 6347 708 2709
f 709 6344 2710
f 6344 2705 2710
f 2705 6343 2709
f 6343 707 2709
f 2710 2705 6348
f 6348 2705 2709
f 2710 6348 708
f 6348 2709 708
f 709 2710 6349
f 6349 2712 709
f 2710 708 6350
f 6350 2711 2710
f 2712 6349 2711
f 6349 2710 2711
f 2712 2711 6351
f 6351 195 2712
f 193 2713 6352
f 6352 2715 193
f 2713 710 6353
f 6353 2714 2713
f 2715 6352 2714
f 6352 2713 2714
f 2715 2714 6354
f 6354 712 2715
f 710 2716 6355
f 6355 2718 710
f 2716 19 6356
f 6356 2717 2716
f 2718 6355 2717
f 6355 2716 2717
f 2718 2717 6357
f 6357 711 2718
f 712 6354 2719
f 6354 2714 2719
f 2714 6353 2718
f 6353 710 2718
f 2719 2714 6358
f 6358 2714 2718
f 2719 6358 711
f 6358 2718 711
f 712 2719 6359
f 6359 2721 712
f 2719 711 6360
f 6360 2720 2719
f 2721 6359 2720
f 6359 2719 2720
f 2721 2720 6361
f 6361 194 2721
f 195 6351 2723
f 6351 2711 2723
f 2711 6350 2722
f 6350 708 2722
f 2723 2711 6362
f 6362 2711 2722
f 2723 6362 713
f 6362 2722 713
f 708 6347 2724
f 6347 2708 2724
f 2708 6346 2715
f 6346 193 2715
f 2724 2708 6363
f 6363 2708 2715
f 2724 6363 712
f 6363 2715 712
f 713 2722 6364
f 6364 2722 2725
f 2722 708 6365
f 6365 708 2724
f 2725 2722 6365
f 6365 2724 2725
f 2725 2724 6366
f 6366 2724 712
f 713 6364 2726
f 6364 2725 2726
f 2725 6366 2721
f 6366 712 2721
f 2726 2725 6367
f 6367 2725 2721
f 2726 6367 194
f 6367 2721 194
f 195 2723 6368
f 6368 2728 195
f 2723 713 6369
f 6369 2727 2723
f 2728 6368 2727
f 6368 2723 2727
f 2728 2727 6370
f 6370 715 2728
f 713 2726 6371
f 6371 2730 713
f 2726 194 6372
f 6372 2729 2726
f 2730 6371 2729
f 6371 2726 2729
f 2730 2729 6373
f 6373 714 2730
f 715 6370 2731
f 6370 2727 2731
f 2727 6369 2730
f 6369 713 2730
f 2731 2727 6374
f 6374 2727 2730
f 2731 6374 714
f 6374 2730 714
f 715 2731 6375
f 6375 2733 715
f 2731 714 6376
f 6376 2732 2731
f 2733 6375 2732
f 6375 2731 2732
f 2733 2732 6377
f 6377 57 2733
f 58 6341 2735
f 6341 2702 2735
f 2702 6340 2734
f 6340 705 2734
f 2735 2702 6378
f 6378 2702 2734
f 2735 6378 717
f 6378 2734 717
f 705 6337 2737
f 6337 2699 2737
f 2699 6336 2736
f 6336 191 2736
f 2737 2699 6379
f 6379 2699 2736
f 2737 6379 716
f 6379 2736 716
f 717 2734 6380
f 6380 2734 2738
f 2734 705 6381
f 6381 705 2737
f 2738 2734 6381
f 6381 2737 2738
f 2738 2737 6382
f 6382 2737 716
f 717 6380 2740
f 6380 2738 2740
f 2738 6382 2739
f 6382 716 2739
f 2740 2738 6383
f 6383 2738 2739
f 2740 6383 196
f 6383 2739 196
f 191 6325 2742
f 6325 2690 2742
f 2690 6324 2741
f 6324 702 2741
f 2742 2690 6384
f 6384 2690 2741
f 2742 6384 718
f 6384 2741 718
f 702 6321 2743
f 6321 2687 2743
f 2687 6320 2706
f 6320 56 2706
f 2743 2687 6385
f 6385 2687 2706
f 2743 6385 709
f 6385 2706 709
f 718 2741 6386
f 6386 2741 2744
f 2741 702 6387
f 6387 702 2743
f 2744 2741 6387
f 6387 2743 2744
f 2744 2743 6388
f 6388 2743 709
f 718 6386 2745
f 6386 2744 2745
f 2744 6388 2712
f 6388 709 2712
f 2745 2744 6389
f 6389 2744 2712
f 2745 6389 195
f 6389 2712 195
f 196 2739 6390
f 6390 2739 2747
f 2739 716 6391
f 6391 716 2746
f 2747 2739 6391
f 6391 2746 2747
f 2747 2746 6392
f 6392 2746 719
f 716 2736 6393
f 6393 2736 2748
f 2736 191 6394
f 6394 191 2742
f 2748 2736 6394
f 6394 2742 2748
f 2748 2742 6395
f 6395 2742 718
f 719 2746 6396
f 6396 2749 719
f 2746 716 6393
f 6393 2748 2746
f 2749 6396 2748
f 6396 2746 2748
f 2749 2748 6395
f 6395 718 2749
f 719 2749 6397
f 6397 2749 2750
f 2749 718 6398
f 6398 718 2745
f 2750 2749 6398
f 6398 2745 2750
f 2750 2745 6399
f 6399 2745 195
f 196 6390 2752
f 6390 2747 2752
f 2747 6392 2751
f 6392 719 2751
f 2752 2747 6400
f 6400 2747 2751
f 2752 6400 720
f 6400 2751 720
f 719 6397 2753
f 6397 2750 2753
f 2750 6399 2728
f 6399 195 2728
f 2753 2750 6401
f 6401 2750 2728
f 2753 6401 715
f 6401 2728 715
f 720 2751 6402
f 6402 2751 2754
f 2751 719 6403
f 6403 719 2753
f 2754 2751 6403
f 6403 2753 2754
f 2754 2753 6404
f 6404 2753 715
f 720 6402 2755
f 6402 2754 2755
f 2754 6404 2733
f 6404 715 2733
f 2755 2754 6405
f 6405 2754 2733
f 2755 6405 57
f 6405 2733 57
f 58 2735 6406
f 6406 2757 58
f 2735 717 6407
f 6407 2756 2735
f 2757 6406 2756
f 6406 2735 2756
f 2757 2756 6408
f 6408 722 2757
f 717 2740 6409
f 6409 2759 717
f 2740 196 6410
f 6410 2758 2740
f 2759 6409 2758
f 6409 2740 2758
f 2759 2758 6411
f 6411 721 2759
f 722 6408 2760
f 6408 2756 2760
f 2756 6407 2759
f 6407 717 2759
f 2760 2756 6412
f 6412 2756 2759
f 2760 6412 721
f 6412 2759 721
f 722 2760 6413
f 6413 2762 722
f 2760 721 6414
f 6414 2761 2760
f 2762 6413 2761
f 6413 2760 2761
f 2762 2761 6415
f 6415 198 2762
f 196 2752 6416
f 6416 2764 196
f 2752 720 6417
f 6417 2763 2752
f 2764 6416 2763
f 6416 2752 2763
f 2764 2763 6418
f 6418 724 2764
f 720 2755 6419
f 6419 2766 720
f 2755 57 6420
f 6420 2765 2755
f 2766 6419 2765
f 6419 2755 2765
f 2766 2765 6421
f 6421 723 2766
f 724 6418 2767
f 6418 2763 2767
f 2763 6417 2766
f 6417 720 2766
f 2767 2763 6422
f 6422 2763 2766
f 2767 6422 723
f 6422 2766 723
f 724 2767 6423
f 6423 2769 724
f 2767 723 6424
f 6424 2768 2767
f 2769 6423 2768
f 6423 2767 2768
f 2769 2768 6425
f 6425 197 2769
f 198 6415 2771
f 6415 2761 2771
f 2761 6414 2770
f 6414 721 2770
f 2771 2761 6426
f 6426 2761 2770
f 2771 6426 725
f 6426 2770 725
f 721 6411 2772
f 6411 2758 2772
f 2758 6410 2764
f 6410 196 2764
f 2772 2758 6427
f 6427 2758 2764
f 2772 6427 724
f 6427 2764 724
f 725 2770 6428
f 6428 2770 2773
f 2770 721 6429
f 6429 721 2772
f 2773 2770 6429
f 6429 2772 2773
f 2773 2772 6430
f 6430 2772 724
f 725 6428 2774
f 6428 2773 2774
f 2773 6430 2769
f 6430 724 2769
f 2774 2773 6431
f 6431 2773 2769
f 2774 6431 197
f 6431 2769 197
f 198 2771 6432
f 6432 2776 198
f 2771 725 6433
f 6433 2775 2771
f 2776 6432 2775
f 6432 2771 2775
f 2776 2775 6434
f 6434 727 2776
f 725 2774 6435
f 6435 2778 725
f 2774 197 6436
f 6436 2777 2774
f 2778 6435 2777
f 6435 2774 2777
f 2778 2777 6437
f 6437 726 2778
f 727 6434 2779
f 6434 2775 2779
f 2775 6433 2778
f 6433 725 2778
f 2779 2775 6438
f 6438 2775 2778
f 2779 6438 726
f 6438 2778 726
f 727 2779 6439
f 6439 2781 727
f 2779 726 6440
f 6440 2780 2779
f 2781 6439 2780
f 6439 2779 2780
f 2781 2780 6441
f 6441 21 2781
f 19 2782 6442
f 6442 2784 19
f 2782 728 6443
f 6443 2783 2782
f 2784 6442 2783
f 6442 2782 2783
f 2784 2783 6444
f 6444 730 2784
f 728 2785 6445
f 6445 2787 728
f 2785 199 6446
f 6446 2786 2785
f 2787 6445 2786
f 6445 2785 2786
f 2787 2786 6447
f 6447 729 2787
f 730 6444 2788
f 6444 2783 2788
f 2783 6443 2787
f 6443 728 2787
f 2788 2783 6448
f 6448 2783 2787
f 2788 6448 729
f 6448 2787 729
f 730 2788 6449
f 6449 2790 730
f 2788 729 6450
f 6450 2789 2788
f 2790 6449 2789
f 6449 2788 2789
f 2790 2789 6451
f 6451 201 2790
f 199 2791 6452
f 6452 2793 199
f 2791 731 6453
f 6453 2792 2791
f 2793 6452 2792
f 6452 2791 2792
f 2793 2792 6454
f 6454 733 2793
f 731 2794 6455
f 6455 2796 731
f 2794 59 6456
f 6456 2795 2794
f 2796 6455 2795
f 6455 2794 2795
f 2796 2795 6457
f 6457 732 2796
f 733 6454 2797
f 6454 2792 2797
f 2792 6453 2796
f 6453 731 2796
f 2797 2792 6458
f 6458 2792 2796
f 2797 6458 732
f 6458 2796 732
f 733 2797 6459
f 6459 2799 733
f 2797 732 6460
f 6460 2798 2797
f 2799 6459 2798
f 6459 2797 2798
f 2799 2798 6461
f 6461 200 2799
f 201 6451 2801
f 6451 2789 2801
f 2789 6450 2800
f 6450 729 2800
f 2801 2789 6462
f 6462 2789 2800
f 2801 6462 734
f 6462 2800 734
f 729 6447 2802
f 6447 2786 2802
f 2786 6446 2793
f 6446 199 2793
f 2802 2786 6463
f 6463 2786 2793
f 2802 6463 733
f 6463 2793 733
f 734 2800 6464
f 6464 2800 2803
f 2800 729 6465
f 6465 729 2802
f 2803 2800 6465
f 6465 2802 2803
f 2803 2802 6466
f 6466 2802 733
f 734 6464 2804
f 6464 2803 2804
f 2803 6466 2799
f 6466 733 2799
f 2804 2803 6467
f 6467 2803 2799
f 2804 6467 200
f 6467 2799 200
f 201 2801 6468
f 6468 2806 201
f 2801 734 6469
f 6469 2805 2801
f 2806 6468 2805
f 6468 2801 2805
f 2806 2805 6470
f 6470 736 2806
f 734 2804 6471
f 6471 2808 734
f 2804 200 6472
f 6472 2807 2804
f 2808 6471 2807
f 6471 2804 2807
f 2808 2807 6473
f 6473 735 2808
f 736 6470 2809
f 6470 2805 2809
f 2805 6469 2808
f 6469 734 2808
f 2809 2805 6474
f 6474 2805 2808
f 2809 6474 735
f 6474 2808 735
f 736 2809 6475
f 6475 2811 736
f 2809 735 6476
f 6476 2810 2809
f 2811 6475 2810
f 6475 2809 2810
f 2811 2810 6477
f 6477 61 2811
f 59 2812 6478
f 6478 2814 59
f 2812 737 6479
f 6479 2813 2812
f 2814 6478 2813
f 6478 2812 2813
f 2814 2813 6480
f 6480 739 2814
f 737 2815 6481
f 6481 2817 737
f 2815 202 6482
f 6482 2816 2815
f 2817 6481 2816
f 6481 2815 2816
f 2817 2816 6483
f 6483 738 2817
f 739 6480 2818
f 6480 2813 2818
f 2813 6479 2817
f 6479 737 2817
f 2818 2813 6484
f 6484 2813 2817
f 2818 6484 738
f 6484 2817 738
f 739 2818 6485
f 6485 2820 739
f 2818 738 6486
f 6486 2819 2818
f 2820 6485 2819
f 6485 2818 2819
f 2820 2819 6487
f 6487 204 2820
f 202 2821 6488
f 6488 2823 202
f 2821 740 6489
f 6489 2822 2821
f 2823 6488 2822
f 6488 2821 2822
f 2823 2822 6490
f 6490 742 2823
f 740 2824 6491
f 6491 2826 740
f 2824 8 6492
f 6492 2825 2824
f 2826 6491 2825
f 6491 2824 2825
f 2826 2825 6493
f 6493 741 2826
f 742 6490 2827
f 6490 2822 2827
f 2822 6489 2826
f 6489 740 2826
f 2827 2822 6494
f 6494 2822 2826
f 2827 6494 741
f 6494 2826 741
f 742 2827 6495
f 6495 2829 742
f 2827 741 6496
f 6496 2828 2827
f 2829 6495 2828
f 6495 2827 2828
f 2829 2828 6497
f 6497 203 2829
f 204 6487 2831
f 6487 2819 2831
f 2819 6486 2830
f 6486 738 2830
f 2831 2819 6498
f 6498 2819 2830
f 2831 6498 743
f 6498 2830 743
f 738 6483 2832
f 6483 2816 2832
f 2816 6482 2823
f 6482 202 2823
f 2832 2816 6499
f 6499 2816 2823
f 2832 6499 742
f 6499 2823 742
f 743 2830 6500
f 6500 2830 2833
f 2830 738 6501
f 6501 738 2832
f 2833 2830 6501
f 6501 2832 2833
f 2833 2832 6502
f 6502 2832 742
f 743 6500 2834
f 6500 2833 2834
f 2833 6502 2829
f 6502 742 2829
f 2834 2833 6503
f 6503 2833 2829
f 2834 6503 203
f 6503 2829 203
f 204 2831 6504
f 6504 2836 204
f 2831 743 6505
f 6505 2835 2831
f 2836 6504 2835
f 6504 2831 2835
f 2836 2835 6506
f 6506 745 2836
f 743 2834 6507
f 6507 2838 743
f 2834 203 6508
f 6508 2837 2834
f 2838 6507 2837
f 6507 2834 2837
f 2838 2837 6509
f 6509 744 2838
f 745 6506 2839
f 6506 2835 2839
f 2835 6505 2838
f 6505 743 2838
f 2839 2835 6510
f 6510 2835 2838
f 2839 6510 744
f 6510 2838 744
f 745 2839 6511
f 6511 2841 745
f 2839 744 6512
f 6512 2840 2839
f 2841 6511 2840
f 6511 2839 2840
f 2841 2840 6513
f 6513 60 2841
f 61 6477 2843
f 6477 2810 2843
f 2810 6476 2842
f 6476 735 2842
f 2843 2810 6514
f 6514 2810 2842
f 2843 6514 747
f 6514 2842 747
f 735 6473 2845
f 6473 2807 2845
f 2807 6472 2844
f 6472 200 2844
f 2845 2807 6515
f 6515 2807 2844
f 2845 6515 746
f 6515 2844 746
f 747 2842 6516
f 6516 2842 2846
f 2842 735 6517
f 6517 735 2845
f 2846 2842 6517
f 6517 2845 2846
f 2846 2845 6518
f 6518 2845 746
f 747 6516 2848
f 6516 2846 2848
f 2846 6518 2847
f 6518 746 2847
f 2848 2846 6519
f 6519 2846 2847
f 2848 6519 205
f 6519 2847 205
f 200 6461 2850
f 6461 2798 2850
f 2798 6460 2849
f 6460 732 2849
f 2850 2798 6520
f 6520 2798 2849
f 2850 6520 748
f 6520 2849 748
f 732 6457 2851
f 6457 2795 2851
f 2795 6456 2814
f 6456 59 2814
f 2851 2795 6521
f 6521 2795 2814
f 2851 6521 739
f 6521 2814 739
f 748 2849 6522
f 6522 2849 2852
f 2849 732 6523
f 6523 732 2851
f 2852 2849 6523
f 6523 2851 2852
f 2852 2851 6524
f 6524 2851 739
f 748 6522 2853
f 6522 2852 2853
f 2852 6524 2820
f 6524 739 2820
f 2853 2852 6525
f 6525 2852 2820
f 2853 6525 204
f 6525 2820 204
f 205 2847 6526
f 6526 2847 2855
f 2847 746 6527
f 6527 746 2854
f 2855 2847 6527
f 6527 2854 2855
f 2855 2854 6528
f 6528 2854 749
f 746 2844 6529
f 6529 2844 2856
f 2844 200 6530
f 6530 200 2850
f 2856 2844 6530
f 6530 2850 2856
f 2856 2850 6531
f 6531 2850 748
f 749 2854 6532
f 6532 2857 749
f 2854 746 6529
f 6529 2856 2854
f 2857 6532 2856
f 6532 2854 2856
f 2857 2856 6531
f 6531 748 2857
f 749 2857 6533
f 6533 2857 2858
f 2857 748 6534
f 6534 748 2853
f 2858 2857 6534
f 6534 2853 2858
f 2858 2853 6535
f 6535 2853 204
f 205 6526 2860
f 6526 2855 2860
f 2855 6528 2859
f 6528 749 2859
f 2860 2855 6536
f 6536 2855 2859
f 2860 6536 750
f 6536 2859 750
f 749 6533 2861
f 6533 2858 2861
f 2858 6535 2836
f 6535 204 2836
f 2861 2858 6537
f 6537 2858 2836
f 2861 6537 745
f 6537 2836 745
f 750 2859 6538
f 6538 2859 2862
f 2859 749 6539
f 6539 749 2861
f 2862 2859 6539
f 6539 2861 2862
f 2862 2861 6540
f 6540 2861 745
f 750 6538 2863
f 6538 2862 2863
f 2862 6540 2841
f 6540 745 2841
f 2863 2862 6541
f 6541 2862 2841
f 2863 6541 60
f 6541 2841 60
f 61 2843 6542
f 6542 2865 61
f 2843 747 6543
f 6543 2864 2843
f 2865 6542 2864
f 6542 2843 2864
f 2865 2864 6544
f 6544 752 2865
f 747 2848 6545
f 6545 2867 747
f 2848 205 6546
f 6546 2866 2848
f 2867 6545 2866
f 6545 2848 2866
f 2867 2866 6547
f 6547 751 2867
f 752 6544 2868
f 6544 2864 2868
f 2864 6543 2867
f 6543 747 2867
f 2868 2864 6548
f 6548 2864 2867
f 2868 6548 751
f 6548 2867 751
f 752 2868 6549
f 6549 2870 752
f 2868 751 6550
f 6550 2869 2868
f 2870 6549 2869
f 6549 2868 2869
f 2870 2869 6551
f 6551 207 2870
f 205 2860 6552
f 6552 2872 205
f 2860 750 6553
f 6553 2871 2860
f 2872 6552 2871
f 6552 2860 2871
f 2872 2871 6554
f 6554 754 2872
f 750 2863 6555
f 6555 2874 750
f 2863 60 6556
f 6556 2873 2863
f 2874 6555 2873
f 6555 2863 2873
f 2874 2873 6557
f 6557 753 2874
f 754 6554 2875
f 6554 2871 2875
f 2871 6553 2874
f 6553 750 2874
f 2875 2871 6558
f 6558 2871 2874
f 2875 6558 753
f 6558 2874 753
f 754 2875 6559
f 6559 2877 754
f 2875 753 6560
f 6560 2876 2875
f 2877 6559 2876
f 6559 2875 2876
f 2877 2876 6561
f 6561 206 2877
f 207 6551 2879
f 6551 2869 2879
f 2869 6550 2878
f 6550 751 2878
f 2879 2869 6562
f 6562 2869 2878
f 2879 6562 755
f 6562 2878 755
f 751 6547 2880
f 6547 2866 2880
f 2866 6546 2872
f 6546 205 2872
f 2880 2866 6563
f 6563 2866 2872
f 2880 6563 754
f 6563 2872 754
f 755 2878 6564
f 6564 2878 2881
f 2878 751 6565
f 6565 751 2880
f 2881 2878 6565
f 6565 2880 2881
f 2881 2880 6566
f 6566 2880 754
f 755 6564 2882
f 6564 2881 2882
f 2881 6566 2877
f 6566 754 2877
f 2882 2881 6567
f 6567 2881 2877
f 2882 6567 206
f 6567 2877 206
f 207 2879 6568
f 6568 2884 207
f 2879 755 6569
f 6569 2883 2879
f 2884 6568 2883
f 6568 2879 2883
f 2884 2883 6570
f 6570 757 2884
f 755 2882 6571
f 6571 2886 755
f 2882 206 6572
f 6572 2885 2882
f 2886 6571 2885
f 6571 2882 2885
f 2886 2885 6573
f 6573 756 2886
f 757 6570 2887
f 6570 2883 2887
f 2883 6569 2886
f 6569 755 2886
f 2887 2883 6574
f 6574 2883 2886
f 2887 6574 756
f 6574 2886 756
f 757 2887 6575
f 6575 2889 757
f 2887 756 6576
f 6576 2888 2887
f 2889 6575 2888
f 6575 2887 2888
f 2889 2888 6577
f 6577 20 2889
f 21 6441 2891
f 6441 2780 2891
f 2780 6440 2890
f 6440 726 2890
f 2891 2780 6578
f 6578 2780 2890
f 2891 6578 759
f 6578 2890 759
f 726 6437 2893
f 6437 2777 2893
f 2777 6436 2892
f 6436 197 2892
f 2893 2777 6579
f 6579 2777 2892
f 2893 6579 758
f 6579 2892 758
f 759 2890 6580
f 6580 2890 2894
f 2890 726 6581
f 6581 726 2893
f 2894 2890 6581
f 6581 2893 2894
f 2894 2893 6582
f 6582 2893 758
f 759 6580 2896
f 6580 2894 2896
f 2894 6582 2895
f 6582 758 2895
f 2896 2894 6583
f 6583 2894 2895
f 2896 6583 209
f 6583 2895 209
f 197 6425 2898
f 6425 2768 2898
f 2768 6424 2897
f 6424 723 2897
f 2898 2768 6584
f 6584 2768 2897
f 2898 6584 761
f 6584 2897 761
f 723 6421 2900
f 6421 2765 2900
f 2765 6420 2899
f 6420 57 2899
f 2900 2765 6585
f 6585 2765 2899
f 2900 6585 760
f 6585 2899 760
f 761 2897 6586
f 6586 2897 2901
f 2897 723 6587
f 6587 723 2900
f 2901 2897 6587
f 6587 2900 2901
f 2901 2900 6588
f 6588 2900 760
f 761 6586 2903
f 6586 2901 2903
f 2901 6588 2902
f 6588 760 2902
f 2903 2901 6589
f 6589 2901 2902
f 2903 6589 208
f 6589 2902 208
f 209 2895 6590
f 6590 2895 2905
f 2895 758 6591
f 6591 758 2904
f 2905 2895 6591
f 6591 2904 2905
f 2905 2904 6592
f 6592 2904 762
f 758 2892 6593
f 6593 2892 2906
f 2892 197 6594
f 6594 197 2898
f 2906 2892 6594
f 6594 2898 2906
f 2906 2898 6595
f 6595 2898 761
f 762 2904 6596
f 6596 2907 762
f 2904 758 6593
f 6593 2906 2904
f 2907 6596 2906
f 6596 2904 2906
f 2907 2906 6595
f 6595 761 2907
f 762 2907 6597
f 6597 2907 2908
f 2907 761 6598
f 6598 761 2903
f 2908 2907 6598
f 6598 2903 2908
f 2908 2903 6599
f 6599 2903 208
f 209 6590 2910
f 6590 2905 2910
f 2905 6592 2909
f 6592 762 2909
f 2910 2905 6600
f 6600 2905 2909
f 2910 6600 764
f 6600 2909 764
f 762 6597 2912
f 6597 2908 2912
f 2908 6599 2911
f 6599 208 2911
f 2912 2908 6601
f 6601 2908 2911
f 2912 6601 763
f 6601 2911 763
f 764 2909 6602
f 6602 2909 2913
f 2909 762 6603
f 6603 762 2912
f 2913 2909 6603
f 6603 2912 2913
f 2913 2912 6604
f 6604 2912 763
f 764 6602 2915
f 6602 2913 2915
f 2913 6604 2914
f 6604 763 2914
f 2915 2913 6605
f 6605 2913 2914
f 2915 6605 62
f 6605 2914 62
f 57 6377 2917
f 6377 2732 2917
f 2732 6376 2916
f 6376 714 2916
f 2917 2732 6606
f 6606 2732 2916
f 2917 6606 766
f 6606 2916 766
f 714 6373 2919
f 6373 2729 2919
f 2729 6372 2918
f 6372 194 2918
f 2919 2729 6607
f 6607 2729 2918
f 2919 6607 765
f 6607 2918 765
f 766 2916 6608
f 6608 2916 2920
f 2916 714 6609
f 6609 714 2919
f 2920 2916 6609
f 6609 2919 2920
f 2920 2919 6610
f 6610 2919 765
f 766 6608 2922
f 6608 2920 2922
f 2920 6610 2921
f 6610 765 2921
f 2922 2920 6611
f 6611 2920 2921
f 2922 6611 210
f 6611 2921 210
f 194 6361 2924
f 6361 2720 2924
f 2720 6360 2923
f 6360 711 2923
f 2924 2720 6612
f 6612 2720 2923
f 2924 6612 767
f 6612 2923 767
f 711 6357 2925
f 6357 2717 2925
f 2717 6356 2784
f 6356 19 2784
f 2925 2717 6613
f 6613 2717 2784
f 2925 6613 730
f 6613 2784 730
f 767 2923 6614
f 6614 2923 2926
f 2923 711 6615
f 6615 711 2925
f 2926 2923 6615
f 6615 2925 2926
f 2926 2925 6616
f 6616 2925 730
f 767 6614 2927
f 6614 2926 2927
f 2926 6616 2790
f 6616 730 2790
f 2927 2926 6617
f 6617 2926 2790
f 2927 6617 201
f 6617 2790 201
f 210 2921 6618
f 6618 2921 2929
f 2921 765 6619
f 6619 765 2928
f 2929 2921 6619
f 6619 2928 2929
f 2929 2928 6620
f 6620 2928 768
f 765 2918 6621
f 6621 2918 2930
f 2918 194 6622
f 6622 194 2924
f 2930 2918 6622
f 6622 2924 2930
f 2930 2924 6623
f 6623 2924 767
f 768 2928 6624
f 6624 2931 768
f 2928 765 6621
f 6621 2930 2928
f 2931 6624 2930
f 6624 2928 2930
f 2931 2930 6623
f 6623 767 2931
f 768 2931 6625
f 6625 2931 2932
f 2931 767 6626
f 6626 767 2927
f 2932 2931 6626
f 6626 2927 2932
f 2932 2927 6627
f 6627 2927 201
f 210 6618 2934
f 6618 2929 2934
f 2929 6620 2933
f 6620 768 2933
f 2934 2929 6628
f 6628 2929 2933
f 2934 6628 769
f 6628 2933 769
f 768 6625 2935
f 6625 2932 2935
f 2932 6627 2806
f 6627 201 2806
f 2935 2932 6629
f 6629 2932 2806
f 2935 6629 736
f 6629 2806 736
f 769 2933 6630
f 6630 2933 2936
f 2933 768 6631
f 6631 768 2935
f 2936 2933 6631
f 6631 2935 2936
f 2936 2935 6632
f 6632 2935 736
f 769 6630 2937
f 6630 2936 2937
f 2936 6632 2811
f 6632 736 2811
f 2937 2936 6633
f 6633 2936 2811
f 2937 6633 61
f 6633 2811 61
f 62 2914 6634
f 6634 2914 2939
f 2914 763 6635
f 6635 763 2938
f 2939 2914 6635
f 6635 2938 2939
f 2939 2938 6636
f 6636 2938 771
f 763 2911 6637
f 6637 2911 2941
f 2911 208 6638
f 6638 208 2940
f 2941 2911 6638
f 6638 2940 2941
f 2941 2940 6639
f 6639 2940 770
f 771 2938 6640
f 6640 2942 771
f 2938 763 6637
f 6637 2941 2938
f 2942 6640 2941
f 6640 2938 2941
f 2942 2941 6639
f 6639 770 2942
f 771 2942 6641
f 6641 2942 2944
f 2942 770 6642
f 6642 770 2943
f 2944 2942 6642
f 6642 2943 2944
f 2944 2943 6643
f 6643 2943 211
f 208 2902 6644
f 6644 2902 2946
f 2902 760 6645
f 6645 760 2945
f 2946 2902 6645
f 6645 2945 2946
f 2946 2945 6646
f 6646 2945 772
f 760 2899 6647
f 6647 2899 2947
f 2899 57 6648
f 6648 57 2917
f 2947 2899 6648
f 6648 2917 2947
f 2947 2917 6649
f 6649 2917 766
f 772 2945 6650
f 6650 2948 772
f 2945 760 6647
f 6647 2947 2945
f 2948 6650 2947
f 6650 2945 2947
f 2948 2947 6649
f 6649 766 2948
f 772 2948 6651
f 6651 2948 2949
f 2948 766 6652
f 6652 766 2922
f 2949 2948 6652
f 6652 2922 2949
f 2949 2922 6653
f 6653 2922 210
f 211 2943 6654
f 6654 2951 211
f 2943 770 6655
f 6655 2950 2943
f 2951 6654 2950
f 6654 2943 2950
f 2951 2950 6656
f 6656 773 2951
f 770 2940 6657
f 6657 2952 770
f 2940 208 6644
f 6644 2946 2940
f 2952 6657 2946
f 6657 2940 2946
f 2952 2946 6646
f 6646 772 2952
f 773 6656 2953
f 6656 2950 2953
f 2950 6655 2952
f 6655 770 2952
f 2953 2950 6658
f 6658 2950 2952
f 2953 6658 772
f 6658 2952 772
f 773 2953 6659
f 6659 2954 773
f 2953 772 6651
f 6651 2949 2953
f 2954 6659 2949
f 6659 2953 2949
f 2954 2949 6653
f 6653 210 2954
f 211 2951 6660
f 6660 2951 2956
f 2951 773 6661
f 6661 773 2955
f 2956 2951 6661
f 6661 2955 2956
f 2956 2955 6662
f 6662 2955 774
f 773 2954 6663
f 6663 2954 2957
f 2954 210 6664
f 6664 210 2934
f 2957 2954 6664
f 6664 2934 2957
f 2957 2934 6665
f 6665 2934 769
f 774 2955 6666
f 6666 2958 774
f 2955 773 6663
f 6663 2957 2955
f 2958 6666 2957
f 6666 2955 2957
f 2958 2957 6665
f 6665 769 2958
f 774 2958 6667
f 6667 2958 2959
f 2958 769 6668
f 6668 769 2937
f 2959 2958 6668
f 6668 2937 2959
f 2959 2937 6669
f 6669 2937 61
f 62 6634 2961
f 6634 2939 2961
f 2939 6636 2960
f 6636 771 2960
f 2961 2939 6670
f 6670 2939 2960
f 2961 6670 776
f 6670 2960 776
f 771 6641 2963
f 6641 2944 2963
f 2944 6643 2962
f 6643 211 2962
f 2963 2944 6671
f 6671 2944 2962
f 2963 6671 775
f 6671 2962 775
f 776 2960 6672
f 6672 2960 2964
f 2960 771 6673
f 6673 771 2963
f 2964 2960 6673
f 6673 2963 2964
f 2964 2963 6674
f 6674 2963 775
f 776 6672 2966
f 6672 2964 2966
f 2964 6674 2965
f 6674 775 2965
f 2966 2964 6675
f 6675 2964 2965
f 2966 6675 212
f 6675 2965 212
f 211 6660 2968
f 6660 2956 2968
f 2956 6662 2967
f 6662 774 2967
f 2968 2956 6676
f 6676 2956 2967
f 2968 6676 777
f 6676 2967 777
f 774 6667 2969
f 6667 2959 2969
f 2959 6669 2865
f 6669 61 2865
f 2969 2959 6677
f 6677 2959 2865
f 2969 6677 752
f 6677 2865 752
f 777 2967 6678
f 6678 2967 2970
f 2967 774 6679
f 6679 774 2969
f 2970 2967 6679
f 6679 2969 2970
f 2970 2969 6680
f 6680 2969 752
f 777 6678 2971
f 6678 2970 2971
f 2970 6680 2870
f 6680 752 2870
f 2971 2970 6681
f 6681 2970 2870
f 2971 6681 207
f 6681 2870 207
f 212 2965 6682
f 6682 2965 2973
f 2965 775 6683
f 6683 775 2972
f 2973 2965 6683
f 6683 2972 2973
f 2973 2972 6684
f 6684 2972 778
f 775 2962 6685
f 6685 2962 2974
f 2962 211 6686
f 6686 211 2968
f 2974 2962 6686
f 6686 2968 2974
f 2974 2968 6687
f 6687 2968 777
f 778 2972 6688
f 6688 2975 778
f 2972 775 6685
f 6685 2974 2972
f 2975 6688 2974
f 6688 2972 2974
f 2975 2974 6687
f 6687 777 2975
f 778 2975 6689
f 6689 2975 2976
f 2975 777 6690
f 6690 777 2971
f 2976 2975 6690
f 6690 2971 2976
f 2976 2971 6691
f 6691 2971 207
f 212 6682 2978
f 6682 2973 2978
f 2973 6684 2977
f 6684 778 2977
f 2978 2973 6692
f 6692 2973 2977
f 2978 6692 779
f 6692 2977 779
f 778 6689 2979
f 6689 2976 2979
f 2976 6691 2884
f 6691 207 2884
f 2979 2976 6693
f 6693 2976 2884
f 2979 6693 757
f 6693 2884 757
f 779 2977 6694
f 6694 2977 2980
f 2977 778 6695
f 6695 778 2979
f 2980 2977 6695
f 6695 2979 2980
f 2980 2979 6696
f 6696 2979 757
f 779 6694 2981
f 6694 2980 2981
f 2980 6696 2889
f 6696 757 2889
f 2981 2980 6697
f 6697 2980 2889
f 2981 6697 20
f 6697 2889 20
f 21 2891 6698
f 6698 2983 21
f 2891 759 6699
f 6699 2982 2891
f 2983 6698 2982
f 6698 2891 2982
f 2983 2982 6700
f 6700 781 2983
f 759 2896 6701
f 6701 2985 759
f 2896 209 6702
f 6702 2984 2896
f 2985 6701 2984
f 6701 2896 2984
f 2985 2984 6703
f 6703 780 2985
f 781 6700 2986
f 6700 2982 2986
f 2982 6699 2985
f 6699 759 2985
f 2986 2982 6704
f 6704 2982 2985
f 2986 6704 780
f 6704 2985 780
f 781 2986 6705
f 6705 2988 781
f 2986 780 6706
f 6706 2987 2986
f 2988 6705 2987
f 6705 2986 2987
f 2988 2987 6707
f 6707 214 2988
f 209 2910 6708
f 6708 2990 209
f 2910 764 6709
f 6709 2989 2910
f 2990 6708 2989
f 6708 2910 2989
f 2990 2989 6710
f 6710 783 2990
f 764 2915 6711
f 6711 2992 764
f 2915 62 6712
f 6712 2991 2915
f 2992 6711 2991
f 6711 2915 2991
f 2992 2991 6713
f 6713 782 2992
f 783 6710 2993
f 6710 2989 2993
f 2989 6709 2992
f 6709 764 2992
f 2993 2989 6714
f 6714 2989 2992
f 2993 6714 782
f 6714 2992 782
f 783 2993 6715
f 6715 2995 783
f 2993 782 6716
f 6716 2994 2993
f 2995 6715 2994
f 6715 2993 2994
f 2995 2994 6717
f 6717 213 2995
f 214 6707 2997
f 6707 2987 2997
f 2987 6706 2996
f 6706 780 2996
f 2997 2987 6718
f 6718 2987 2996
f 2997 6718 784
f 6718 2996 784
f 780 6703 2998
f 6703 2984 2998
f 2984 6702 2990
f 6702 209 2990
f 2998 2984 6719
f 6719 2984 2990
f 2998 6719 783
f 6719 2990 783
f 784 2996 6720
f 6720 2996 2999
f 2996 780 6721
f 6721 780 2998
f 2999 2996 6721
f 6721 2998 2999
f 2999 2998 6722
f 6722 2998 783
f 784 6720 3000
f 6720 2999 3000
f 2999 6722 2995
f 6722 783 2995
f 3000 2999 6723
f 6723 2999 2995
f 3000 6723 213
f 6723 2995 213
f 214 2997 6724
f 6724 3002 214
f 2997 784 6725
f 6725 3001 2997
f 3002 6724 3001
f 6724 2997 3001
f 3002 3001 6726
f 6726 786 3002
f 784 3000 6727
f 6727 3004 784
f 3000 213 6728
f 6728 3003 3000
f 3004 6727 3003
f 6727 3000 3003
f 3004 3003 6729
f 6729 785 3004
f 786 6726 3005
f 6726 3001 3005
f 3001 6725 3004
f 6725 784 3004
f 3005 3001 6730
f 6730 3001 3004
f 3005 6730 785
f 6730 3004 785
f 786 3005 6731
f 6731 3007 786
f 3005 785 6732
f 6732 3006 3005
f 3007 6731 3006
f 6731 3005 3006
f 3007 3006 6733
f 6733 64 3007
f 62 2961 6734
f 6734 3009 62
f 2961 776 6735
f 6735 3008 2961
f 3009 6734 3008
f 6734 2961 3008
f 3009 3008 6736
f 6736 788 3009
f 776 2966 6737
f 6737 3011 776
f 2966 212 6738
f 6738 3010 2966
f 3011 6737 3010
f 6737 2966 3010
f 3011 3010 6739
f 6739 787 3011
f 788 6736 3012
f 6736 3008 3012
f 3008 6735 3011
f 6735 776 3011
f 3012 3008 6740
f 6740 3008 3011
f 3012 6740 787
f 6740 3011 787
f 788 3012 6741
f 6741 3014 788
f 3012 787 6742
f 6742 3013 3012
f 3014 6741 3013
f 6741 3012 3013
f 3014 3013 6743
f 6743 216 3014
f 212 2978 6744
f 6744 3016 212
f 2978 779 6745
f 6745 3015 2978
f 3016 6744 3015
f 6744 2978 3015
f 3016 3015 6746
f 6746 790 3016
f 779 2981 6747
f 6747 3018 779
f 2981 20 6748
f 6748 3017 2981
f 3018 6747 3017
f 6747 2981 3017
f 3018 3017 6749
f 6749 789 3018
f 790 6746 3019
f 6746 3015 3019
f 3015 6745 3018
f 6745 779 3018
f 3019 3015 6750
f 6750 3015 3018
f 3019 6750 789
f 6750 3018 789
f 790 3019 6751
f 6751 3021 790
f 3019 789 6752
f 6752 3020 3019
f 3021 6751 3020
f 6751 3019 3020
f 3021 3020 6753
f 6753 215 3021
f 216 6743 3023
f 6743 3013 3023
f 3013 6742 3022
f 6742 787 3022
f 3023 3013 6754
f 6754 3013 3022
f 3023 6754 791
f 6754 3022 791
f 787 6739 3024
f 6739 3010 3024
f 3010 6738 3016
f 6738 212 3016
f 3024 3010 6755
f 6755 3010 3016
f 3024 6755 790
f 6755 3016 790
f 791 3022 6756
f 6756 3022 3025
f 3022 787 6757
f 6757 787 3024
f 3025 3022 6757
f 6757 3024 3025
f 3025 3024 6758
f 6758 3024 790
f 791 6756 3026
f 6756 3025 3026
f 3025 6758 3021
f 6758 790 3021
f 3026 3025 6759
f 6759 3025 3021
f 3026 6759 215
f 6759 3021 215
f 216 3023 6760
f 6760 3028 216
f 3023 791 6761
f 6761 3027 3023
f 3028 6760 3027
f 6760 3023 3027
f 3028 3027 6762
f 6762 793 3028
f 791 3026 6763
f 6763 3030 791
f 3026 215 6764
f 6764 3029 3026
f 3030 6763 3029
f 6763 3026 3029
f 3030 3029 6765
f 6765 792 3030
f 793 6762 3031
f 6762 3027 3031
f 3027 6761 3030
f 6761 791 3030
f 3031 3027 6766
f 6766 3027 3030
f 3031 6766 792
f 6766 3030 792
f 793 3031 6767
f 6767 3033 793
f 3031 792 6768
f 6768 3032 3031
f 3033 6767 3032
f 6767 3031 3032
f 3033 3032 6769
f 6769 63 3033
f 64 6733 3035
f 6733 3006 3035
f 3006 6732 3034
f 6732 785 3034
f 3035 3006 6770
f 6770 3006 3034
f 3035 6770 795
f 6770 3034 795
f 785 6729 3037
f 6729 3003 3037
f 3003 6728 3036
f 6728 213 3036
f 3037 3003 6771
f 6771 3003 3036
f 3037 6771 794
f 6771 3036 794
f 795 3034 6772
f 6772 3034 3038
f 3034 785 6773
f 6773 785 3037
f 3038 3034 6773
f 6773 3037 3038
f 3038 3037 6774
f 6774 3037 794
f 795 6772 3040
f 6772 3038 3040
f 3038 6774 3039
f 6774 794 3039
f 3040 3038 6775
f 6775 3038 3039
f 3040 6775 217
f 6775 3039 217
f 213 6717 3042
f 6717 2994 3042
f 2994 6716 3041
f 6716 782 3041
f 3042 2994 6776
f 6776 2994 3041
f 3042 6776 796
f 6776 3041 796
f 782 6713 3043
f 6713 2991 3043
f 2991 6712 3009
f 6712 62 3009
f 3043 2991 6777
f 6777 2991 3009
f 3043 6777 788
f 6777 3009 788
f 796 3041 6778
f 6778 3041 3044
f 3041 782 6779
f 6779 782 3043
f 3044 3041 6779
f 6779 3043 3044
f 3044 3043 6780
f 6780 3043 788
f 796 6778 3045
f 6778 3044 3045
f 3044 6780 3014
f 6780 788 3014
f 3045 3044 6781
f 6781 3044 3014
f 3045 6781 216
f 6781 3014 216
f 217 3039 6782
f 6782 3039 3047
f 3039 794 6783
f 6783 794 3046
f 3047 3039 6783
f 6783 3046 3047
f 3047 3046 6784
f 6784 3046 797
f 794 3036 6785
f 6785 3036 3048
f 3036 213 6786
f 6786 213 3042
f 3048 3036 6786
f 6786 3042 3048
f 3048 3042 6787
f 6787 3042 796
f 797 3046 6788
f 6788 3049 797
f 3046 794 6785
f 6785 3048 3046
f 3049 6788 3048
f 6788 3046 3048
f 3049 3048 6787
f 6787 796 3049
f 797 3049 6789
f 6789 3049 3050
f 3049 796 6790
f 6790 796 3045
f 3050 3049 6790
f 6790 3045 3050
f 3050 3045 6791
f 6791 3045 216
f 217 6782 3052
f 6782 3047 3052
f 3047 6784 3051
f 6784 797 3051
f 3052 3047 6792
f 6792 3047 3051
f 3052 6792 798
f 6792 3051 798
f 797 6789 3053
f 6789 3050 3053
f 3050 6791 3028
f 6791 216 3028
f 3053 3050 6793
f 6793 3050 3028
f 3053 6793 793
f 6793 3028 793
f 798 3051 6794
f 6794 3051 3054
f 3051 797 6795
f 6795 797 3053
f 3054 3051 6795
f 6795 3053 3054
f 3054 3053 6796
f 6796 3053 793
f 798 6794 3055
f 6794 3054 3055
f 3054 6796 3033
f 6796 793 3033
f 3055 3054 6797
f 6797 3054 3033
f 3055 6797 63
f 6797 3033 63
f 64 3035 6798
f 6798 3057 64
f 3035 795 6799
f 6799 3056 3035
f 3057 6798 3056
f 6798 3035 3056
f 3057 3056 6800
f 6800 800 3057
f 795 3040 6801
f 6801 3059 795
f 3040 217 6802
f 6802 3058 3040
f 3059 6801 3058
f 6801 3040 3058
f 3059 3058 6803
f 6803 799 3059
f 800 6800 3060
f 6800 3056 3060
f 3056 6799 3059
f 6799 795 3059
f 3060 3056 6804
f 6804 3056 3059
f 3060 6804 799
f 6804 3059 799
f 800 3060 6805
f 6805 3062 800
f 3060 799 6806
f 6806 3061 3060
f 3062 6805 3061
f 6805 3060 3061
f 3062 3061 6807
f 6807 219 3062
f 217 3052 6808
f 6808 3064 217
f 3052 798 6809
f 6809 3063 3052
f 3064 6808 3063
f 6808 3052 3063
f 3064 3063 6810
f 6810 802 3064
f 798 3055 6811
f 6811 3066 798
f 3055 63 6812
f 6812 3065 3055
f 3066 6811 3065
f 6811 3055 3065
f 3066 3065 6813
f 6813 801 3066
f 802 6810 3067
f 6810 3063 3067
f 3063 6809 3066
f 6809 798 3066
f 3067 3063 6814
f 6814 3063 3066
f 3067 6814 801
f 6814 3066 801
f 802 3067 6815
f 6815 3069 802
f 3067 801 6816
f 6816 3068 3067
f 3069 6815 3068
f 6815 3067 3068
f 3069 3068 6817
f 6817 218 3069
f 219 6807 3071
f 6807 3061 3071
f 3061 6806 3070
f 6806 799 3070
f 3071 3061 6818
f 6818 3061 3070
f 3071 6818 803
f 6818 3070 803
f 799 6803 3072
f 6803 3058 3072
f 3058 6802 3064
f 6802 217 3064
f 3072 3058 6819
f 6819 3058 3064
f 3072 6819 802
f 6819 3064 802
f 803 3070 6820
f 6820 3070 3073
f 3070 799 6821
f 6821 799 3072
f 3073 3070 6821
f 6821 3072 3073
f 3073 3072 6822
f 6822 3072 802
f 803 6820 3074
f 6820 3073 3074
f 3073 6822 3069
f 6822 802 3069
f 3074 3073 6823
f 6823 3073 3069
f 3074 6823 218
f 6823 3069 218
f 219 3071 6824
f 6824 3076 219
f 3071 803 6825
f 6825 3075 3071
f 3076 6824 3075
f 6824 3071 3075
f 3076 3075 6826
f 6826 805 3076
f 803 3074 6827
f 6827 3078 803
f 3074 218 6828
f 6828 3077 3074
f 3078 6827 3077
f 6827 3074 3077
f 3078 3077 6829
f 6829 804 3078
f 805 6826 3079
f 6826 3075 3079
f 3075 6825 3078
f 6825 803 3078
f 3079 3075 6830
f 6830 3075 3078
f 3079 6830 804
f 6830 3078 804
f 805 3079 6831
f 6831 3081 805
f 3079 804 6832
f 6832 3080 3079
f 3081 6831 3080
f 6831 3079 3080
f 3081 3080 6833
f 6833 9 3081
f 8 3082 6834
f 6834 3084 8
f 3082 806 6835
f 6835 3083 3082
f 3084 6834 3083
f 6834 3082 3083
f 3084 3083 6836
f 6836 808 3084
f 806 3085 6837
f 6837 3087 806
f 3085 220 6838
f 6838 3086 3085
f 3087 6837 3086
f 6837 3085 3086
f 3087 3086 6839
f 6839 807 3087
f 808 6836 3088
f 6836 3083 3088
f 3083 6835 3087
f 6835 806 3087
f 3088 3083 6840
f 6840 3083 3087
f 3088 6840 807
f 6840 3087 807
f 808 3088 6841
f 6841 3090 808
f 3088 807 6842
f 6842 3089 3088
f 3090 6841 3089
f 6841 3088 3089
f 3090 3089 6843
f 6843 222 3090
f 220 3091 6844
f 6844 3093 220
f 3091 809 6845
f 6845 3092 3091
f 3093 6844 3092
f 6844 3091 3092
f 3093 3092 6846
f 6846 811 3093
f 809 3094 6847
f 6847 3096 809
f 3094 65 6848
f 6848 3095 3094
f 3096 6847 3095
f 6847 3094 3095
f 3096 3095 6849
f 6849 810 3096
f 811 6846 3097
f 6846 3092 3097
f 3092 6845 3096
f 6845 809 3096
f 3097 3092 6850
f 6850 3092 3096
f 3097 6850 810
f 6850 3096 810
f 811 3097 6851
f 6851 3099 811
f 3097 810 6852
f 6852 3098 3097
f 3099 6851 3098
f 6851 3097 3098
f 3099 3098 6853
f 6853 221 3099
f 222 6843 3101
f 6843 3089 3101
f 3089 6842 3100
f 6842 807 3100
f 3101 3089 6854
f 6854 3089 3100
f 3101 6854 812
f 6854 3100 812
f 807 6839 3102
f 6839 3086 3102
f 3086 6838 3093
f 6838 220 3093
f 3102 3086 6855
f 6855 3086 3093
f 3102 6855 811
f 6855 3093 811
f 812 3100 6856
f 6856 3100 3103
f 3100 807 6857
f 6857 807 3102
f 3103 3100 6857
f 6857 3102 3103
f 3103 3102 6858
f 6858 3102 811
f 812 6856 3104
f 6856 3103 3104
f 3103 6858 3099
f 6858 811 3099
f 3104 3103 6859
f 6859 3103 3099
f 3104 6859 221
f 6859 3099 221
f 222 3101 6860
f 6860 3106 222
f 3101 812 6861
f 6861 3105 3101
f 3106 6860 3105
f 6860 3101 3105
f 3106 3105 6862
f 6862 814 3106
f 812 3104 6863
f 6863 3108 812
f 3104 221 6864
f 6864 3107 3104
f 3108 6863 3107
f 6863 3104 3107
f 3108 3107 6865
f 6865 813 3108
f 814 6862 3109
f 6862 3105 3109
f 3105 6861 3108
f 6861 812 3108
f 3109 3105 6866
f 6866 3105 3108
f 3109 6866 813
f 6866 3108 813
f 814 3109 6867
f 6867 3111 814
f 3109 813 6868
f 6868 3110 3109
f 3111 6867 3110
f 6867 3109 3110
f 3111 3110 6869
f 6869 67 3111
f 65 3112 6870
f 6870 3114 65
f 3112 815 6871
f 6871 3113 3112
f 3114 6870 3113
f 6870 3112 3113
f 3114 3113 6872
f 6872 817 3114
f 815 3115 6873
f 6873 3117 815
f 3115 223 6874
f 6874 3116 3115
f 3117 6873 3116
f 6873 3115 3116
f 3117 3116 6875
f 6875 816 3117
f 817 6872 3118
f 6872 3113 3118
f 3113 6871 3117
f 6871 815 3117
f 3118 3113 6876
f 6876 3113 3117
f 3118 6876 816
f 6876 3117 816
f 817 3118 6877
f 6877 3120 817
f 3118 816 6878
f 6878 3119 3118
f 3120 6877 3119
f 6877 3118 3119
f 3120 3119 6879
f 6879 225 3120
f 223 3121 6880
f 6880 3123 223
f 3121 818 6881
f 6881 3122 3121
f 3123 6880 3122
f 6880 3121 3122
f 3123 3122 6882
f 6882 820 3123
f 818 3124 6883
f 6883 3126 818
f 3124 22 6884
f 6884 3125 3124
f 3126 6883 3125
f 6883 3124 3125
f 3126 3125 6885
f 6885 819 3126
f 820 6882 3127
f 6882 3122 3127
f 3122 6881 3126
f 6881 818 3126
f 3127 3122 6886
f 6886 3122 3126
f 3127 6886 819
f 6886 3126 819
f 820 3127 6887
f 6887 3129 820
f 3127 819 6888
f 6888 3128 3127
f 3129 6887 3128
f 6887 3127 3128
f 3129 3128 6889
f 6889 224 3129
f 225 6879 3131
f 6879 3119 3131
f 3119 6878 3130
f 6878 816 3130
f 3131 3119 6890
f 6890 3119 3130
f 3131 6890 821
f 6890 3130 821
f 816 6875 3132
f 6875 3116 3132
f 3116 6874 3123
f 6874 223 3123
f 3132 3116 6891
f 6891 3116 3123
f 3132 6891 820
f 6891 3123 820
f 821 3130 6892
f 6892 3130 3133
f 3130 816 6893
f 6893 816 3132
f 3133 3130 6893
f 6893 3132 3133
f 3133 3132 6894
f 6894 3132 820
f 821 6892 3134
f 6892 3133 3134
f 3133 6894 3129
f 6894 820 3129
f 3134 3133 6895
f 6895 3133 3129
f 3134 6895 224
f 6895 3129 224
f 225 3131 6896
f 6896 3136 225
f 3131 821 6897
f 6897 3135 3131
f 3136 6896 3135
f 6896 3131 3135
f 3136 3135 6898
f 6898 823 3136
f 821 3134 6899
f 6899 3138 821
f 3134 224 6900
f 6900 3137 3134
f 3138 6899 3137
f 6899 3134 3137
f 3138 3137 6901
f 6901 822 3138
f 823 6898 3139
f 6898 3135 3139
f 3135 6897 3138
f 6897 821 3138
f 3139 3135 6902
f 6902 3135 3138
f 3139 6902 822
f 6902 3138 822
f 823 3139 6903
f 6903 3141 823
f 3139 822 6904
f 6904 3140 3139
f 3141 6903 3140
f 6903 3139 3140
f 3141 3140 6905
f 6905 66 3141
f 67 6869 3143
f 6869 3110 3143
f 3110 6868 3142
f 6868 813 3142
f 3143 3110 6906
f 6906 3110 3142
f 3143 6906 825
f 6906 3142 825
f 813 6865 3145
f 6865 3107 3145
f 3107 6864 3144
f 6864 221 3144
f 3145 3107 6907
f 6907 3107 3144
f 3145 6907 824
f 6907 3144 824
f 825 3142 6908
f 6908 3142 3146
f 3142 813 6909
f 6909 813 3145
f 3146 3142 6909
f 6909 3145 3146
f 3146 3145 6910
f 6910 3145 824
f 825 6908 3148
f 6908 3146 3148
f 3146 6910 3147
f 6910 824 3147
f 3148 3146 6911
f 6911 3146 3147
f 3148 6911 226
f 6911 3147 226
f 221 6853 3150
f 6853 3098 3150
f 3098 6852 3149
f 6852 810 3149
f 3150 3098 6912
f 6912 3098 3149
f 3150 6912 826
f 6912 3149 826
f 810 6849 3151
f 6849 3095 3151
f 3095 6848 3114
f 6848 65 3114
f 3151 3095 6913
f 6913 3095 3114
f 3151 6913 817
f 6913 3114 817
f 826 3149 6914
f 6914 3149 3152
f 3149 810 6915
f 6915 810 3151
f 3152 3149 6915
f 6915 3151 3152
f 3152 3151 6916
f 6916 3151 817
f 826 6914 3153
f 6914 3152 3153
f 3152 6916 3120
f 6916 817 3120
f 3153 3152 6917
f 6917 3152 3120
f 3153 6917 225
f 6917 3120 225
f 226 3147 6918
f 6918 3147 3155
f 3147 824 6919
f 6919 824 3154
f 3155 3147 6919
f 6919 3154 3155
f 3155 3154 6920
f 6920 3154 827
f 824 3144 6921
f 6921 3144 3156
f 3144 221 6922
f 6922 221 3150
f 3156 3144 6922
f 6922 3150 3156
f 3156 3150 6923
f 6923 3150 826
f 827 3154 6924
f 6924 3157 827
f 3154 824 6921
f 6921 3156 3154
f 3157 6924 3156
f 6924 3154 3156
f 3157 3156 6923
f 6923 826 3157
f 827 3157 6925
f 6925 3157 3158
f 3157 826 6926
f 6926 826 3153
f 3158 3157 6926
f 6926 3153 3158
f 3158 3153 6927
f 6927 3153 225
f 226 6918 3160
f 6918 3155 3160
f 3155 6920 3159
f 6920 827 3159
f 3160 3155 6928
f 6928 3155 3159
f 3160 6928 828
f 6928 3159 828
f 827 6925 3161
f 6925 3158 3161
f 3158 6927 3136
f 6927 225 3136
f 3161 3158 6929
f 6929 3158 3136
f 3161 6929 823
f 6929 3136 823
f 828 3159 6930
f 6930 3159 3162
f 3159 827 6931
f 6931 827 3161
f 3162 3159 6931
f 6931 3161 3162
f 3162 3161 6932
f 6932 3161 823
f 828 6930 3163
f 6930 3162 3163
f 3162 6932 3141
f 6932 823 3141
f 3163 3162 6933
f 6933 3162 3141
f 3163 6933 66
f 6933 3141 66
f 67 3143 6934
f 6934 3165 67
f 3143 825 6935
f 6935 3164 3143
f 3165 6934 3164
f 6934 3143 3164
f 3165 3164 6936
f 6936 830 3165
f 825 3148 6937
f 6937 3167 825
f 3148 226 6938
f 6938 3166 3148
f 3167 6937 3166
f 6937 3148 3166
f 3167 3166 6939
f 6939 829 3167
f 830 6936 3168
f 6936 3164 3168
f 3164 6935 3167
f 6935 825 3167
f 3168 3164 6940
f 6940 3164 3167
f 3168 6940 829
f 6940 3167 829
f 830 3168 6941
f 6941 3170 830
f 3168 829 6942
f 6942 3169 3168
f 3170 6941 3169
f 6941 3168 3169
f 3170 3169 6943
f 6943 228 3170
f 226 3160 6944
f 6944 3172 226
f 3160 828 6945
f 6945 3171 3160
f 3172 6944 3171
f 6944 3160 3171
f 3172 3171 6946
f 6946 832 3172
f 828 3163 6947
f 6947 3174 828
f 3163 66 6948
f 6948 3173 3163
f 3174 6947 3173
f 6947 3163 3173
f 3174 3173 6949
f 6949 831 3174
f 832 6946 3175
f 6946 3171 3175
f 3171 6945 3174
f 6945 828 3174
f 3175 3171 6950
f 6950 3171 3174
f 3175 6950 831
f 6950 3174 831
f 832 3175 6951
f 6951 3177 832
f 3175 831 6952
f 6952 3176 3175
f 3177 6951 3176
f 6951 3175 3176
f 3177 3176 6953
f 6953 227 3177
f 228 6943 3179
f 6943 3169 3179
f 3169 6942 3178
f 6942 829 3178
f 3179 3169 6954
f 6954 3169 3178
f 3179 6954 833
f 6954 3178 833
f 829 6939 3180
f 6939 3166 3180
f 3166 6938 3172
f 6938 226 3172
f 3180 3166 6955
f 6955 3166 3172
f 3180 6955 832
f 6955 3172 832
f 833 3178 6956
f 6956 3178 3181
f 3178 829 6957
f 6957 829 3180
f 3181 3178 6957
f 6957 3180 3181
f 3181 3180 6958
f 6958 3180 832
f 833 6956 3182
f 6956 3181 3182
f 3181 6958 3177
f 6958 832 3177
f 3182 3181 6959
f 6959 3181 3177
f 3182 6959 227
f 6959 3177 227
f 228 3179 6960
f 6960 3184 228
f 3179 833 6961
f 6961 3183 3179
f 3184 6960 3183
f 6960 3179 3183
f 3184 3183 6962
f 6962 835 3184
f 833 3182 6963
f 6963 3186 833
f 3182 227 6964
f 6964 3185 3182
f 3186 6963 3185
f 6963 3182 3185
f 3186 3185 6965
f 6965 834 3186
f 835 6962 3187
f 6962 3183 3187
f 3183 6961 3186
f 6961 833 3186
f 3187 3183 6966
f 6966 3183 3186
f 3187 6966 834
f 6966 3186 834
f 835 3187 6967
f 6967 3189 835
f 3187 834 6968
f 6968 3188 3187
f 3189 6967 3188
f 6967 3187 3188
f 3189 3188 6969
f 6969 23 3189
f 22 3190 6970
f 6970 3192 22
f 3190 836 6971
f 6971 3191 3190
f 3192 6970 3191
f 6970 3190 3191
f 3192 3191 6972
f 6972 838 3192
f 836 3193 6973
f 6973 3195 836
f 3193 229 6974
f 6974 3194 3193
f 3195 6973 3194
f 6973 3193 3194
f 3195 3194 6975
f 6975 837 3195
f 838 6972 3196
f 6972 3191 3196
f 3191 6971 3195
f 6971 836 3195
f 3196 3191 6976
f 6976 3191 3195
f 3196 6976 837
f 6976 3195 837
f 838 3196 6977
f 6977 3198 838
f 3196 837 6978
f 6978 3197 3196
f 3198 6977 3197
f 6977 3196 3197
f 3198 3197 6979
f 6979 231 3198
f 229 3199 6980
f 6980 3201 229
f 3199 839 6981
f 6981 3200 3199
f 3201 6980 3200
f 6980 3199 3200
f 3201 3200 6982
f 6982 841 3201
f 839 3202 6983
f 6983 3204 839
f 3202 68 6984
f 6984 3203 3202
f 3204 6983 3203
f 6983 3202 3203
f 3204 3203 6985
f 6985 840 3204
f 841 6982 3205
f 6982 3200 3205
f 3200 6981 3204
f 6981 839 3204
f 3205 3200 6986
f 6986 3200 3204
f 3205 6986 840
f 6986 3204 840
f 841 3205 6987
f 6987 3207 841
f 3205 840 6988
f 6988 3206 3205
f 3207 6987 3206
f 6987 3205 3206
f 3207 3206 6989
f 6989 230 3207
f 231 6979 3209
f 6979 3197 3209
f 3197 6978 3208
f 6978 837 3208
f 3209 3197 6990
f 6990 3197 3208
f 3209 6990 842
f 6990 3208 842
f 837 6975 3210
f 6975 3194 3210
f 3194 6974 3201
f 6974 229 3201
f 3210 3194 6991
f 6991 3194 3201
f 3210 6991 841
f 6991 3201 841
f 842 3208 6992
f 6992 3208 3211
f 3208 837 6993
f 6993 837 3210
f 3211 3208 6993
f 6993 3210 3211
f 3211 3210 6994
f 6994 3210 841
f 842 6992 3212
f 6992 3211 3212
f 3211 6994 3207
f 6994 841 3207
f 3212 3211 6995
f 6995 3211 3207
f 3212 6995 230
f 6995 3207 230
f 231 3209 6996
f 6996 3214 231
f 3209 842 6997
f 6997 3213 3209
f 3214 6996 3213
f 6996 3209 3213
f 3214 3213 6998
f 6998 844 3214
f 842 3212 6999
f 6999 3216 842
f 3212 230 7000
f 7000 3215 3212
f 3216 6999 3215
f 6999 3212 3215
f 3216 3215 7001
f 7001 843 3216
f 844 6998 3217
f 6998 3213 3217
f 3213 6997 3216
f 6997 842 3216
f 3217 3213 7002
f 7002 3213 3216
f 3217 7002 843
f 7002 3216 843
f 844 3217 7003
f 7003 3219 844
f 3217 843 7004
f 7004 3218 3217
f 3219 7003 3218
f 7003 3217 3218
f 3219 3218 7005
f 7005 69 3219
f 68 3220 7006
f 7006 3222 68
f 3220 845 7007
f 7007 3221 3220
f 3222 7006 3221
f 7006 3220 3221
f 3222 3221 7008
f 7008 847 3222
f 845 3223 7009
f 7009 3225 845
f 3223 232 7010
f 7010 3224 3223
f 3225 7009 3224
f 7009 3223 3224
f 3225 3224 7011
f 7011 846 3225
f 847 7008 3226
f 7008 3221 3226
f 3221 7007 3225
f 7007 845 3225
f 3226 3221 7012
f 7012 3221 3225
f 3226 7012 846
f 7012 3225 846
f 847 3226 7013
f 7013 3228 847
f 3226 846 7014
f 7014 3227 3226
f 3228 7013 3227
f 7013 3226 3227
f 3228 3227 7015
f 7015 233 3228
f 232 3229 7016
f 7016 3231 232
f 3229 848 7017
f 7017 3230 3229
f 3231 7016 3230
f 7016 3229 3230
f 3231 3230 7018
f 7018 849 3231
f 848 3232 7019
f 7019 3233 848
f 3232 1 4940
f 4940 1648 3232
f 3233 7019 1648
f 7019 3232 1648
f 3233 1648 4939
f 4939 440 3233
f 849 7018 3234
f 7018 3230 3234
f 3230 7017 3233
f 7017 848 3233
f 3234 3230 7020
f 7020 3230 3233
f 3234 7020 440
f 7020 3233 440
f 849 3234 7021
f 7021 3235 849
f 3234 440 4937
f 4937 1645 3234
f 3235 7021 1645
f 7021 3234 1645
f 3235 1645 4936
f 4936 124 3235
f 233 7015 3237
f 7015 3227 3237
f 3227 7014 3236
f 7014 846 3236
f 3237 3227 7022
f 7022 3227 3236
f 3237 7022 850
f 7022 3236 850
f 846 7011 3238
f 7011 3224 3238
f 3224 7010 3231
f 7010 232 3231
f 3238 3224 7023
f 7023 3224 3231
f 3238 7023 849
f 7023 3231 849
f 850 3236 7024
f 7024 3236 3239
f 3236 846 7025
f 7025 846 3238
f 3239 3236 7025
f 7025 3238 3239
f 3239 3238 7026
f 7026 3238 849
f 850 7024 3240
f 7024 3239 3240
f 3239 7026 3235
f 7026 849 3235
f 3240 3239 7027
f 7027 3239 3235
f 3240 7027 124
f 7027 3235 124
f 233 3237 7028
f 7028 3242 233
f 3237 850 7029
f 7029 3241 3237
f 3242 7028 3241
f 7028 3237 3241
f 3242 3241 7030
f 7030 851 3242
f 850 3240 7031
f 7031 3243 850
f 3240 124 4930
f 4930 1639 3240
f 3243 7031 1639
f 7031 3240 1639
f 3243 1639 4929
f 4929 437 3243
f 851 7030 3244
f 7030 3241 3244
f 3241 7029 3243
f 7029 850 3243
f 3244 3241 7032
f 7032 3241 3243
f 3244 7032 437
f 7032 3243 437
f 851 3244 7033
f 7033 3245 851
f 3244 437 4927
f 4927 1636 3244
f 3245 7033 1636
f 7033 3244 1636
f 3245 1636 4926
f 4926 38 3245
f 69 7005 3247
f 7005 3218 3247
f 3218 7004 3246
f 7004 843 3246
f 3247 3218 7034
f 7034 3218 3246
f 3247 7034 853
f 7034 3246 853
f 843 7001 3249
f 7001 3215 3249
f 3215 7000 3248
f 7000 230 3248
f 3249 3215 7035
f 7035 3215 3248
f 3249 7035 852
f 7035 3248 852
f 853 3246 7036
f 7036 3246 3250
f 3246 843 7037
f 7037 843 3249
f 3250 3246 7037
f 7037 3249 3250
f 3250 3249 7038
f 7038 3249 852
f 853 7036 3252
f 7036 3250 3252
f 3250 7038 3251
f 7038 852 3251
f 3252 3250 7039
f 7039 3250 3251
f 3252 7039 234
f 7039 3251 234
f 230 6989 3254
f 6989 3206 3254
f 3206 6988 3253
f 6988 840 3253
f 3254 3206 7040
f 7040 3206 3253
f 3254 7040 854
f 7040 3253 854
f 840 6985 3255
f 6985 3203 3255
f 3203 6984 3222
f 6984 68 3222
f 3255 3203 7041
f 7041 3203 3222
f 3255 7041 847
f 7041 3222 847
f 854 3253 7042
f 7042 3253 3256
f 3253 840 7043
f 7043 840 3255
f 3256 3253 7043
f 7043 3255 3256
f 3256 3255 7044
f 7044 3255 847
f 854 7042 3257
f 7042 3256 3257
f 3256 7044 3228
f 7044 847 3228
f 3257 3256 7045
f 7045 3256 3228
f 3257 7045 233
f 7045 3228 233
f 234 3251 7046
f 7046 3251 3259
f 3251 852 7047
f 7047 852 3258
f 3259 3251 7047
f 7047 3258 3259
f 3259 3258 7048
f 7048 3258 855
f 852 3248 7049
f 7049 3248 3260
f 3248 230 7050
f 7050 230 3254
f 3260 3248 7050
f 7050 3254 3260
f 3260 3254 7051
f 7051 3254 854
f 855 3258 7052
f 7052 3261 855
f 3258 852 7049
f 7049 3260 3258
f 3261 7052 3260
f 7052 3258 3260
f 3261 3260 7051
f 7051 854 3261
f 855 3261 7053
f 7053 3261 3262
f 3261 854 7054
f 7054 854 3257
f 3262 3261 7054
f 7054 3257 3262
f 3262 3257 7055
f 7055 3257 233
f 234 7046 3264
f 7046 3259 3264
f 3259 7048 3263
f 7048 855 3263
f 3264 3259 7056
f 7056 3259 3263
f 3264 7056 856
f 7056 3263 856
f 855 7053 3265
f 7053 3262 3265
f 3262 7055 3242
f 7055 233 3242
f 3265 3262 7057
f 7057 3262 3242
f 3265 7057 851
f 7057 3242 851
f 856 3263 7058
f 7058 3263 3266
f 3263 855 7059
f 7059 855 3265
f 3266 3263 7059
f 7059 3265 3266
f 3266 3265 7060
f 7060 3265 851
f 856 7058 3267
f 7058 3266 3267
f 3266 7060 3245
f 7060 851 3245
f 3267 3266 7061
f 7061 3266 3245
f 3267 7061 38
f 7061 3245 38
f 69 3247 7062
f 7062 3269 69
f 3247 853 7063
f 7063 3268 3247
f 3269 7062 3268
f 7062 3247 3268
f 3269 3268 7064
f 7064 858 3269
f 853 3252 7065
f 7065 3271 853
f 3252 234 7066
f 7066 3270 3252
f 3271 7065 3270
f 7065 3252 3270
f 3271 3270 7067
f 7067 857 3271
f 858 7064 3272
f 7064 3268 3272
f 3268 7063 3271
f 7063 853 3271
f 3272 3268 7068
f 7068 3268 3271
f 3272 7068 857
f 7068 3271 857
f 858 3272 7069
f 7069 3274 858
f 3272 857 7070
f 7070 3273 3272
f 3274 7069 3273
f 7069 3272 3273
f 3274 3273 7071
f 7071 235 3274
f 234 3264 7072
f 7072 3276 234
f 3264 856 7073
f 7073 3275 3264
f 3276 7072 3275
f 7072 3264 3275
f 3276 3275 7074
f 7074 859 3276
f 856 3267 7075
f 7075 3277 856
f 3267 38 4904
f 4904 1618 3267
f 3277 7075 1618
f 7075 3267 1618
f 3277 1618 4903
f 4903 431 3277
f 859 7074 3278
f 7074 3275 3278
f 3275 7073 3277
f 7073 856 3277
f 3278 3275 7076
f 7076 3275 3277
f 3278 7076 431
f 7076 3277 431
f 859 3278 7077
f 7077 3279 859
f 3278 431 4901
f 4901 1615 3278
f 3279 7077 1615
f 7077 3278 1615
f 3279 1615 4900
f 4900 121 3279
f 235 7071 3281
f 7071 3273 3281
f 3273 7070 3280
f 7070 857 3280
f 3281 3273 7078
f 7078 3273 3280
f 3281 7078 860
f 7078 3280 860
f 857 7067 3282
f 7067 3270 3282
f 3270 7066 3276
f 7066 234 3276
f 3282 3270 7079
f 7079 3270 3276
f 3282 7079 859
f 7079 3276 859
f 860 3280 7080
f 7080 3280 3283
f 3280 857 7081
f 7081 857 3282
f 3283 3280 7081
f 7081 3282 3283
f 3283 3282 7082
f 7082 3282 859
f 860 7080 3284
f 7080 3283 3284
f 3283 7082 3279
f 7082 859 3279
f 3284 3283 7083
f 7083 3283 3279
f 3284 7083 121
f 7083 3279 121
f 235 3281 7084
f 7084 3286 235
f 3281 860 7085
f 7085 3285 3281
f 3286 7084 3285
f 7084 3281 3285
f 3286 3285 7086
f 7086 861 3286
f 860 3284 7087
f 7087 3287 860
f 3284 121 4894
f 4894 1609 3284
f 3287 7087 1609
f 7087 3284 1609
f 3287 1609 4893
f 4893 428 3287
f 861 7086 3288
f 7086 3285 3288
f 3285 7085 3287
f 7085 860 3287
f 3288 3285 7088
f 7088 3285 3287
f 3288 7088 428
f 7088 3287 428
f 861 3288 7089
f 7089 3289 861
f 3288 428 4891
f 4891 1606 3288
f 3289 7089 1606
f 7089 3288 1606
f 3289 1606 4890
f 4890 13 3289
f 23 6969 3291
f 6969 3188 3291
f 3188 6968 3290
f 6968 834 3290
f 3291 3188 7090
f 7090 3188 3290
f 3291 7090 863
f 7090 3290 863
f 834 6965 3293
f 6965 3185 3293
f 3185 6964 3292
f 6964 227 3292
f 3293 3185 7091
f 7091 3185 3292
f 3293 7091 862
f 7091 3292 862
f 863 3290 7092
f 7092 3290 3294
f 3290 834 7093
f 7093 834 3293
f 3294 3290 7093
f 7093 3293 3294
f 3294 3293 7094
f 7094 3293 862
f 863 7092 3296
f 7092 3294 3296
f 3294 7094 3295
f 7094 862 3295
f 3296 3294 7095
f 7095 3294 3295
f 3296 7095 237
f 7095 3295 237
f 227 6953 3298
f 6953 3176 3298
f 3176 6952 3297
f 6952 831 3297
f 3298 3176 7096
f 7096 3176 3297
f 3298 7096 865
f 7096 3297 865
f 831 6949 3300
f 6949 3173 3300
f 3173 6948 3299
f 6948 66 3299
f 3300 3173 7097
f 7097 3173 3299
f 3300 7097 864
f 7097 3299 864
f 865 3297 7098
f 7098 3297 3301
f 3297 831 7099
f 7099 831 3300
f 3301 3297 7099
f 7099 3300 3301
f 3301 3300 7100
f 7100 3300 864
f 865 7098 3303
f 7098 3301 3303
f 3301 7100 3302
f 7100 864 3302
f 3303 3301 7101
f 7101 3301 3302
f 3303 7101 236
f 7101 3302 236
f 237 3295 7102
f 7102 3295 3305
f 3295 862 7103
f 7103 862 3304
f 3305 3295 7103
f 7103 3304 3305
f 3305 3304 7104
f 7104 3304 866
f 862 3292 7105
f 7105 3292 3306
f 3292 227 7106
f 7106 227 3298
f 3306 3292 7106
f 7106 3298 3306
f 3306 3298 7107
f 7107 3298 865
f 866 3304 7108
f 7108 3307 866
f 3304 862 7105
f 7105 3306 3304
f 3307 7108 3306
f 7108 3304 3306
f 3307 3306 7107
f 7107 865 3307
f 866 3307 7109
f 7109 3307 3308
f 3307 865 7110
f 7110 865 3303
f 3308 3307 7110
f 7110 3303 3308
f 3308 3303 7111
f 7111 3303 236
f 237 7102 3310
f 7102 3305 3310
f 3305 7104 3309
f 7104 866 3309
f 3310 3305 7112
f 7112 3305 3309
f 3310 7112 868
f 7112 3309 868
f 866 7109 3312
f 7109 3308 3312
f 3308 7111 3311
f 7111 236 3311
f 3312 3308 7113
f 7113 3308 3311
f 3312 7113 867
f 7113 3311 867
f 868 3309 7114
f 7114 3309 3313
f 3309 866 7115
f 7115 866 3312
f 3313 3309 7115
f 7115 3312 3313
f 3313 3312 7116
f 7116 3312 867
f 868 7114 3315
f 7114 3313 3315
f 3313 7116 3314
f 7116 867 3314
f 3315 3313 7117
f 7117 3313 3314
f 3315 7117 70
f 7117 3314 70
f 66 6905 3317
f 6905 3140 3317
f 3140 6904 3316
f 6904 822 3316
f 3317 3140 7118
f 7118 3140 3316
f 3317 7118 870
f 7118 3316 870
f 822 6901 3319
f 6901 3137 3319
f 3137 6900 3318
f 6900 224 3318
f 3319 3137 7119
f 7119 3137 3318
f 3319 7119 869
f 7119 3318 869
f 870 3316 7120
f 7120 3316 3320
f 3316 822 7121
f 7121 822 3319
f 3320 3316 7121
f 7121 3319 3320
f 3320 3319 7122
f 7122 3319 869
f 870 7120 3322
f 7120 3320 3322
f 3320 7122 3321
f 7122 869 3321
f 3322 3320 7123
f 7123 3320 3321
f 3322 7123 238
f 7123 3321 238
f 224 6889 3324
f 6889 3128 3324
f 3128 6888 3323
f 6888 819 3323
f 3324 3128 7124
f 7124 3128 3323
f 3324 7124 871
f 7124 3323 871
f 819 6885 3325
f 6885 3125 3325
f 3125 6884 3192
f 6884 22 3192
f 3325 3125 7125
f 7125 3125 3192
f 3325 7125 838
f 7125 3192 838
f 871 3323 7126
f 7126 3323 3326
f 3323 819 7127
f 7127 819 3325
f 3326 3323 7127
f 7127 3325 3326
f 3326 3325 7128
f 7128 3325 838
f 871 7126 3327
f 7126 3326 3327
f 3326 7128 3198
f 7128 838 3198
f 3327 3326 7129
f 7129 3326 3198
f 3327 7129 231
f 7129 3198 231
f 238 3321 7130
f 7130 3321 3329
f 3321 869 7131
f 7131 869 3328
f 3329 3321 7131
f 7131 3328 3329
f 3329 3328 7132
f 7132 3328 872
f 869 3318 7133
f 7133 3318 3330
f 3318 224 7134
f 7134 224 3324
f 3330 3318 7134
f 7134 3324 3330
f 3330 3324 7135
f 7135 3324 871
f 872 3328 7136
f 7136 3331 872
f 3328 869 7133
f 7133 3330 3328
f 3331 7136 3330
f 7136 3328 3330
f 3331 3330 7135
f 7135 871 3331
f 872 3331 7137
f 7137 3331 3332
f 3331 871 7138
f 7138 871 3327
f 3332 3331 7138
f 7138 3327 3332
f 3332 3327 7139
f 7139 3327 231
f 238 7130 3334
f 7130 3329 3334
f 3329 7132 3333
f 7132 872 3333
f 3334 3329 7140
f 7140 3329 3333
f 3334 7140 873
f 7140 3333 873
f 872 7137 3335
f 7137 3332 3335
f 3332 7139 3214
f 7139 231 3214
f 3335 3332 7141
f 7141 3332 3214
f 3335 7141 844
f 7141 3214 844
f 873 3333 7142
f 7142 3333 3336
f 3333 872 7143
f 7143 872 3335
f 3336 3333 7143
f 7143 3335 3336
f 3336 3335 7144
f 7144 3335 844
f 873 7142 3337
f 7142 3336 3337
f 3336 7144 3219
f 7144 844 3219
f 3337 3336 7145
f 7145 3336 3219
f 3337 7145 69
f 7145 3219 69
f 70 3314 7146
f 7146 3314 3339
f 3314 867 7147
f 7147 867 3338
f 3339 3314 7147
f 7147 3338 3339
f 3339 3338 7148
f 7148 3338 875
f 867 3311 7149
f 7149 3311 3341
f 3311 236 7150
f 7150 236 3340
f 3341 3311 7150
f 7150 3340 3341
f 3341 3340 7151
f 7151 3340 874
f 875 3338 7152
f 7152 3342 875
f 3338 867 7149
f 7149 3341 3338
f 3342 7152 3341
f 7152 3338 3341
f 3342 3341 7151
f 7151 874 3342
f 875 3342 7153
f 7153 3342 3344
f 3342 874 7154
f 7154 874 3343
f 3344 3342 7154
f 7154 3343 3344
f 3344 3343 7155
f 7155 3343 239
f 236 3302 7156
f 7156 3302 3346
f 3302 864 7157
f 7157 864 3345
f 3346 3302 7157
f 7157 3345 3346
f 3346 3345 7158
f 7158 3345 876
f 864 3299 7159
f 7159 3299 3347
f 3299 66 7160
f 7160 66 3317
f 3347 3299 7160
f 7160 3317 3347
f 3347 3317 7161
f 7161 3317 870
f 876 3345 7162
f 7162 3348 876
f 3345 864 7159
f 7159 3347 3345
f 3348 7162 3347
f 7162 3345 3347
f 3348 3347 7161
f 7161 870 3348
f 876 3348 7163
f 7163 3348 3349
f 3348 870 7164
f 7164 870 3322
f 3349 3348 7164
f 7164 3322 3349
f 3349 3322 7165
f 7165 3322 238
f 239 3343 7166
f 7166 3351 239
f 3343 874 7167
f 7167 3350 3343
f 3351 7166 3350
f 7166 3343 3350
f 3351 3350 7168
f 7168 877 3351
f 874 3340 7169
f 7169 3352 874
f 3340 236 7156
f 7156 3346 3340
f 3352 7169 3346
f 7169 3340 3346
f 3352 3346 7158
f 7158 876 3352
f 877 7168 3353
f 7168 3350 3353
f 3350 7167 3352
f 7167 874 3352
f 3353 3350 7170
f 7170 3350 3352
f 3353 7170 876
f 7170 3352 876
f 877 3353 7171
f 7171 3354 877
f 3353 876 7163
f 7163 3349 3353
f 3354 7171 3349
f 7171 3353 3349
f 3354 3349 7165
f 7165 238 3354
f 239 3351 7172
f 7172 3351 3356
f 3351 877 7173
f 7173 877 3355
f 3356 3351 7173
f 7173 3355 3356
f 3356 3355 7174
f 7174 3355 878
f 877 3354 7175
f 7175 3354 3357
f 3354 238 7176
f 7176 238 3334
f 3357 3354 7176
f 7176 3334 3357
f 3357 3334 7177
f 7177 3334 873
f 878 3355 7178
f 7178 3358 878
f 3355 877 7175
f 7175 3357 3355
f 3358 7178 3357
f 7178 3355 3357
f 3358 3357 7177
f 7177 873 3358
f 878 3358 7179
f 7179 3358 3359
f 3358 873 7180
f 7180 873 3337
f 3359 3358 7180
f 7180 3337 3359
f 3359 3337 7181
f 7181 3337 69
f 70 7146 3361
f 7146 3339 3361
f 3339 7148 3360
f 7148 875 3360
f 3361 3339 7182
f 7182 3339 3360
f 3361 7182 880
f 7182 3360 880
f 875 7153 3363
f 7153 3344 3363
f 3344 7155 3362
f 7155 239 3362
f 3363 3344 7183
f 7183 3344 3362
f 3363 7183 879
f 7183 3362 879
f 880 3360 7184
f 7184 3360 3364
f 3360 875 7185
f 7185 875 3363
f 3364 3360 7185
f 7185 3363 3364
f 3364 3363 7186
f 7186 3363 879
f 880 7184 3366
f 7184 3364 3366
f 3364 7186 3365
f 7186 879 3365
f 3366 3364 7187
f 7187 3364 3365
f 3366 7187 240
f 7187 3365 240
f 239 7172 3368
f 7172 3356 3368
f 3356 7174 3367
f 7174 878 3367
f 3368 3356 7188
f 7188 3356 3367
f 3368 7188 881
f 7188 3367 881
f 878 7179 3369
f 7179 3359 3369
f 3359 7181 3269
f 7181 69 3269
f 3369 3359 7189
f 7189 3359 3269
f 3369 7189 858
f 7189 3269 858
f 881 3367 7190
f 7190 3367 3370
f 3367 878 7191
f 7191 878 3369
f 3370 3367 7191
f 7191 3369 3370
f 3370 3369 7192
f 7192 3369 858
f 881 7190 3371
f 7190 3370 3371
f 3370 7192 3274
f 7192 858 3274
f 3371 3370 7193
f 7193 3370 3274
f 3371 7193 235
f 7193 3274 235
f 240 3365 7194
f 7194 3365 3373
f 3365 879 7195
f 7195 879 3372
f 3373 3365 7195
f 7195 3372 3373
f 3373 3372 7196
f 7196 3372 882
f 879 3362 7197
f 7197 3362 3374
f 3362 239 7198
f 7198 239 3368
f 3374 3362 7198
f 7198 3368 3374
f 3374 3368 7199
f 7199 3368 881
f 882 3372 7200
f 7200 3375 882
f 3372 879 7197
f 7197 3374 3372
f 3375 7200 3374
f 7200 3372 3374
f 3375 3374 7199
f 7199 881 3375
f 882 3375 7201
f 7201 3375 3376
f 3375 881 7202
f 7202 881 3371
f 3376 3375 7202
f 7202 3371 3376
f 3376 3371 7203
f 7203 3371 235
f 240 7194 3378
f 7194 3373 3378
f 3373 7196 3377
f 7196 882 3377
f 3378 3373 7204
f 7204 3373 3377
f 3378 7204 883
f 7204 3377 883
f 882 7201 3379
f 7201 3376 3379
f 3376 7203 3286
f 7203 235 3286
f 3379 3376 7205
f 7205 3376 3286
f 3379 7205 861
f 7205 3286 861
f 883 3377 7206
f 7206 3377 3380
f 3377 882 7207
f 7207 882 3379
f 3380 3377 7207
f 7207 3379 3380
f 3380 3379 7208
f 7208 3379 861
f 883 7206 3381
f 7206 3380 3381
f 3380 7208 3289
f 7208 861 3289
f 3381 3380 7209
f 7209 3380 3289
f 3381 7209 13
f 7209 3289 13
f 23 3291 7210
f 7210 3383 23
f 3291 863 7211
f 7211 3382 3291
f 3383 7210 3382
f 7210 3291 3382
f 3383 3382 7212
f 7212 885 3383
f 863 3296 7213
f 7213 3385 863
f 3296 237 7214
f 7214 3384 3296
f 3385 7213 3384
f 7213 3296 3384
f 3385 3384 7215
f 7215 884 3385
f 885 7212 3386
f 7212 3382 3386
f 3382 7211 3385
f 7211 863 3385
f 3386 3382 7216
f 7216 3382 3385
f 3386 7216 884
f 7216 3385 884
f 885 3386 7217
f 7217 3388 885
f 3386 884 7218
f 7218 3387 3386
f 3388 7217 3387
f 7217 3386 3387
f 3388 3387 7219
f 7219 242 3388
f 237 3310 7220
f 7220 3390 237
f 3310 868 7221
f 7221 3389 3310
f 3390 7220 3389
f 7220 3310 3389
f 3390 3389 7222
f 7222 887 3390
f 868 3315 7223
f 7223 3392 868
f 3315 70 7224
f 7224 3391 3315
f 3392 7223 3391
f 7223 3315 3391
f 3392 3391 7225
f 7225 886 3392
f 887 7222 3393
f 7222 3389 3393
f 3389 7221 3392
f 7221 868 3392
f 3393 3389 7226
f 7226 3389 3392
f 3393 7226 886
f 7226 3392 886
f 887 3393 7227
f 7227 3395 887
f 3393 886 7228
f 7228 3394 3393
f 3395 7227 3394
f 7227 3393 3394
f 3395 3394 7229
f 7229 241 3395
f 242 7219 3397
f 7219 3387 3397
f 3387 7218 3396
f 7218 884 3396
f 3397 3387 7230
f 7230 3387 3396
f 3397 7230 888
f 7230 3396 888
f 884 7215 3398
f 7215 3384 3398
f 3384 7214 3390
f 7214 237 3390
f 3398 3384 7231
f 7231 3384 3390
f 3398 7231 887
f 7231 3390 887
f 888 3396 7232
f 7232 3396 3399
f 3396 884 7233
f 7233 884 3398
f 3399 3396 7233
f 7233 3398 3399
f 3399 3398 7234
f 7234 3398 887
f 888 7232 3400
f 7232 3399 3400
f 3399 7234 3395
f 7234 887 3395
f 3400 3399 7235
f 7235 3399 3395
f 3400 7235 241
f 7235 3395 241
f 242 3397 7236
f 7236 3402 242
f 3397 888 7237
f 7237 3401 3397
f 3402 7236 3401
f 7236 3397 3401
f 3402 3401 7238
f 7238 890 3402
f 888 3400 7239
f 7239 3404 888
f 3400 241 7240
f 7240 3403 3400
f 3404 7239 3403
f 7239 3400 3403
f 3404 3403 7241
f 7241 889 3404
f 890 7238 3405
f 7238 3401 3405
f 3401 7237 3404
f 7237 888 3404
f 3405 3401 7242
f 7242 3401 3404
f 3405 7242 889
f 7242 3404 889
f 890 3405 7243
f 7243 3407 890
f 3405 889 7244
f 7244 3406 3405
f 3407 7243 3406
f 7243 3405 3406
f 3407 3406 7245
f 7245 71 3407
f 70 3361 7246
f 7246 3409 70
f 3361 880 7247
f 7247 3408 3361
f 3409 7246 3408
f 7246 3361 3408
f 3409 3408 7248
f 7248 892 3409
f 880 3366 7249
f 7249 3411 880
f 3366 240 7250
f 7250 3410 3366
f 3411 7249 3410
f 7249 3366 3410
f 3411 3410 7251
f 7251 891 3411
f 892 7248 3412
f 7248 3408 3412
f 3408 7247 3411
f 7247 880 3411
f 3412 3408 7252
f 7252 3408 3411
f 3412 7252 891
f 7252 3411 891
f 892 3412 7253
f 7253 3414 892
f 3412 891 7254
f 7254 3413 3412
f 3414 7253 3413
f 7253 3412 3413
f 3414 3413 7255
f 7255 243 3414
f 240 3378 7256
f 7256 3416 240
f 3378 883 7257
f 7257 3415 3378
f 3416 7256 3415
f 7256 3378 3415
f 3416 3415 7258
f 7258 893 3416
f 883 3381 7259
f 7259 3417 883
f 3381 13 4804
f 4804 1540 3381
f 3417 7259 1540
f 7259 3381 1540
f 3417 1540 4803
f 4803 410 3417
f 893 7258 3418
f 7258 3415 3418
f 3415 7257 3417
f 7257 883 3417
f 3418 3415 7260
f 7260 3415 3417
f 3418 7260 410
f 7260 3417 410
f 893 3418 7261
f 7261 3419 893
f 3418 410 4801
f 4801 1537 3418
f 3419 7261 1537
f 7261 3418 1537
f 3419 1537 4800
f 4800 115 3419
f 243 7255 3421
f 7255 3413 3421
f 3413 7254 3420
f 7254 891 3420
f 3421 3413 7262
f 7262 3413 3420
f 3421 7262 894
f 7262 3420 894
f 891 7251 3422
f 7251 3410 3422
f 3410 7250 3416
f 7250 240 3416
f 3422 3410 7263
f 7263 3410 3416
f 3422 7263 893
f 7263 3416 893
f 894 3420 7264
f 7264 3420 3423
f 3420 891 7265
f 7265 891 3422
f 3423 3420 7265
f 7265 3422 3423
f 3423 3422 7266
f 7266 3422 893
f 894 7264 3424
f 7264 3423 3424
f 3423 7266 3419
f 7266 893 3419
f 3424 3423 7267
f 7267 3423 3419
f 3424 7267 115
f 7267 3419 115
f 243 3421 7268
f 7268 3426 243
f 3421 894 7269
f 7269 3425 3421
f 3426 7268 3425
f 7268 3421 3425
f 3426 3425 7270
f 7270 895 3426
f 894 3424 7271
f 7271 3427 894
f 3424 115 4794
f 4794 1531 3424
f 3427 7271 1531
f 7271 3424 1531
f 3427 1531 4793
f 4793 407 3427
f 895 7270 3428
f 7270 3425 3428
f 3425 7269 3427
f 7269 894 3427
f 3428 3425 7272
f 7272 3425 3427
f 3428 7272 407
f 7272 3427 407
f 895 3428 7273
f 7273 3429 895
f 3428 407 4791
f 4791 1528 3428
f 3429 7273 1528
f 7273 3428 1528
f 3429 1528 4790
f 4790 35 3429
f 71 7245 3431
f 7245 3406 3431
f 3406 7244 3430
f 7244 889 3430
f 3431 3406 7274
f 7274 3406 3430
f 3431 7274 897
f 7274 3430 897
f 889 7241 3433
f 7241 3403 3433
f 3403 7240 3432
f 7240 241 3432
f 3433 3403 7275
f 7275 3403 3432
f 3433 7275 896
f 7275 3432 896
f 897 3430 7276
f 7276 3430 3434
f 3430 889 7277
f 7277 889 3433
f 3434 3430 7277
f 7277 3433 3434
f 3434 3433 7278
f 7278 3433 896
f 897 7276 3436
f 7276 3434 3436
f 3434 7278 3435
f 7278 896 3435
f 3436 3434 7279
f 7279 3434 3435
f 3436 7279 244
f 7279 3435 244
f 241 7229 3438
f 7229 3394 3438
f 3394 7228 3437
f 7228 886 3437
f 3438 3394 7280
f 7280 3394 3437
f 3438 7280 898
f 7280 3437 898
f 886 7225 3439
f 7225 3391 3439
f 3391 7224 3409
f 7224 70 3409
f 3439 3391 7281
f 7281 3391 3409
f 3439 7281 892
f 7281 3409 892
f 898 3437 7282
f 7282 3437 3440
f 3437 886 7283
f 7283 886 3439
f 3440 3437 7283
f 7283 3439 3440
f 3440 3439 7284
f 7284 3439 892
f 898 7282 3441
f 7282 3440 3441
f 3440 7284 3414
f 7284 892 3414
f 3441 3440 7285
f 7285 3440 3414
f 3441 7285 243
f 7285 3414 243
f 244 3435 7286
f 7286 3435 3443
f 3435 896 7287
f 7287 896 3442
f 3443 3435 7287
f 7287 3442 3443
f 3443 3442 7288
f 7288 3442 899
f 896 3432 7289
f 7289 3432 3444
f 3432 241 7290
f 7290 241 3438
f 3444 3432 7290
f 7290 3438 3444
f 3444 3438 7291
f 7291 3438 898
f 899 3442 7292
f 7292 3445 899
f 3442 896 7289
f 7289 3444 3442
f 3445 7292 3444
f 7292 3442 3444
f 3445 3444 7291
f 7291 898 3445
f 899 3445 7293
f 7293 3445 3446
f 3445 898 7294
f 7294 898 3441
f 3446 3445 7294
f 7294 3441 3446
f 3446 3441 7295
f 7295 3441 243
f 244 7286 3448
f 7286 3443 3448
f 3443 7288 3447
f 7288 899 3447
f 3448 3443 7296
f 7296 3443 3447
f 3448 7296 900
f 7296 3447 900
f 899 7293 3449
f 7293 3446 3449
f 3446 7295 3426
f 7295 243 3426
f 3449 3446 7297
f 7297 3446 3426
f 3449 7297 895
f 7297 3426 895
f 900 3447 7298
f 7298 3447 3450
f 3447 899 7299
f 7299 899 3449
f 3450 3447 7299
f 7299 3449 3450
f 3450 3449 7300
f 7300 3449 895
f 900 7298 3451
f 7298 3450 3451
f 3450 7300 3429
f 7300 895 3429
f 3451 3450 7301
f 7301 3450 3429
f 3451 7301 35
f 7301 3429 35
f 71 3431 7302
f 7302 3453 71
f 3431 897 7303
f 7303 3452 3431
f 3453 7302 3452
f 7302 3431 3452
f 3453 3452 7304
f 7304 902 3453
f 897 3436 7305
f 7305 3455 897
f 3436 244 7306
f 7306 3454 3436
f 3455 7305 3454
f 7305 3436 3454
f 3455 3454 7307
f 7307 901 3455
f 902 7304 3456
f 7304 3452 3456
f 3452 7303 3455
f 7303 897 3455
f 3456 3452 7308
f 7308 3452 3455
f 3456 7308 901
f 7308 3455 901
f 902 3456 7309
f 7309 3458 902
f 3456 901 7310
f 7310 3457 3456
f 3458 7309 3457
f 7309 3456 3457
f 3458 3457 7311
f 7311 245 3458
f 244 3448 7312
f 7312 3460 244
f 3448 900 7313
f 7313 3459 3448
f 3460 7312 3459
f 7312 3448 3459
f 3460 3459 7314
f 7314 903 3460
f 900 3451 7315
f 7315 3461 900
f 3451 35 4768
f 4768 1510 3451
f 3461 7315 1510
f 7315 3451 1510
f 3461 1510 4767
f 4767 401 3461
f 903 7314 3462
f 7314 3459 3462
f 3459 7313 3461
f 7313 900 3461
f 3462 3459 7316
f 7316 3459 3461
f 3462 7316 401
f 7316 3461 401
f 903 3462 7317
f 7317 3463 903
f 3462 401 4765
f 4765 1507 3462
f 3463 7317 1507
f 7317 3462 1507
f 3463 1507 4764
f 4764 112 3463
f 245 7311 3465
f 7311 3457 3465
f 3457 7310 3464
f 7310 901 3464
f 3465 3457 7318
f 7318 3457 3464
f 3465 7318 904
f 7318 3464 904
f 901 7307 3466
f 7307 3454 3466
f 3454 7306 3460
f 7306 244 3460
f 3466 3454 7319
f 7319 3454 3460
f 3466 7319 903
f 7319 3460 903
f 904 3464 7320
f 7320 3464 3467
f 3464 901 7321
f 7321 901 3466
f 3467 3464 7321
f 7321 3466 3467
f 3467 3466 7322
f 7322 3466 903
f 904 7320 3468
f 7320 3467 3468
f 3467 7322 3463
f 7322 903 3463
f 3468 3467 7323
f 7323 3467 3463
f 3468 7323 112
f 7323 3463 112
f 245 3465 7324
f 7324 3470 245
f 3465 904 7325
f 7325 3469 3465
f 3470 7324 3469
f 7324 3465 3469
f 3470 3469 7326
f 7326 905 3470
f 904 3468 7327
f 7327 3471 904
f 3468 112 4758
f 4758 1501 3468
f 3471 7327 1501
f 7327 3468 1501
f 3471 1501 4757
f 4757 398 3471
f 905 7326 3472
f 7326 3469 3472
f 3469 7325 3471
f 7325 904 3471
f 3472 3469 7328
f 7328 3469 3471
f 3472 7328 398
f 7328 3471 398
f 905 3472 7329
f 7329 3473 905
f 3472 398 4755
f 4755 1498 3472
f 3473 7329 1498
f 7329 3472 1498
f 3473 1498 4754
f 4754 5 3473
f 9 6833 3475
f 6833 3080 3475
f 3080 6832 3474
f 6832 804 3474
f 3475 3080 7330
f 7330 3080 3474
f 3475 7330 907
f 7330 3474 907
f 804 6829 3477
f 6829 3077 3477
f 3077 6828 3476
f 6828 218 3476
f 3477 3077 7331
f 7331 3077 3476
f 3477 7331 906
f 7331 3476 906
f 907 3474 7332
f 7332 3474 3478
f 3474 804 7333
f 7333 804 3477
f 3478 3474 7333
f 7333 3477 3478
f 3478 3477 7334
f 7334 3477 906
f 907 7332 3480
f 7332 3478 3480
f 3478 7334 3479
f 7334 906 3479
f 3480 3478 7335
f 7335 3478 3479
f 3480 7335 247
f 7335 3479 247
f 218 6817 3482
f 6817 3068 3482
f 3068 6816 3481
f 6816 801 3481
f 3482 3068 7336
f 7336 3068 3481
f 3482 7336 909
f 7336 3481 909
f 801 6813 3484
f 6813 3065 3484
f 3065 6812 3483
f 6812 63 3483
f 3484 3065 7337
f 7337 3065 3483
f 3484 7337 908
f 7337 3483 908
f 909 3481 7338
f 7338 3481 3485
f 3481 801 7339
f 7339 801 3484
f 3485 3481 7339
f 7339 3484 3485
f 3485 3484 7340
f 7340 3484 908
f 909 7338 3487
f 7338 3485 3487
f 3485 7340 3486
f 7340 908 3486
f 3487 3485 7341
f 7341 3485 3486
f 3487 7341 246
f 7341 3486 246
f 247 3479 7342
f 7342 3479 3489
f 3479 906 7343
f 7343 906 3488
f 3489 3479 7343
f 7343 3488 3489
f 3489 3488 7344
f 7344 3488 910
f 906 3476 7345
f 7345 3476 3490
f 3476 218 7346
f 7346 218 3482
f 3490 3476 7346
f 7346 3482 3490
f 3490 3482 7347
f 7347 3482 909
f 910 3488 7348
f 7348 3491 910
f 3488 906 7345
f 7345 3490 3488
f 3491 7348 3490
f 7348 3488 3490
f 3491 3490 7347
f 7347 909 3491
f 910 3491 7349
f 7349 3491 3492
f 3491 909 7350
f 7350 909 3487
f 3492 3491 7350
f 7350 3487 3492
f 3492 3487 7351
f 7351 3487 246
f 247 7342 3494
f 7342 3489 3494
f 3489 7344 3493
f 7344 910 3493
f 3494 3489 7352
f 7352 3489 3493
f 3494 7352 912
f 7352 3493 912
f 910 7349 3496
f 7349 3492 3496
f 3492 7351 3495
f 7351 246 3495
f 3496 3492 7353
f 7353 3492 3495
f 3496 7353 911
f 7353 3495 911
f 912 3493 7354
f 7354 3493 3497
f 3493 910 7355
f 7355 910 3496
f 3497 3493 7355
f 7355 3496 3497
f 3497 3496 7356
f 7356 3496 911
f 912 7354 3499
f 7354 3497 3499
f 3497 7356 3498
f 7356 911 3498
f 3499 3497 7357
f 7357 3497 3498
f 3499 7357 73
f 7357 3498 73
f 63 6769 3501
f 6769 3032 3501
f 3032 6768 3500
f 6768 792 3500
f 3501 3032 7358
f 7358 3032 3500
f 3501 7358 914
f 7358 3500 914
f 792 6765 3503
f 6765 3029 3503
f 3029 6764 3502
f 6764 215 3502
f 3503 3029 7359
f 7359 3029 3502
f 3503 7359 913
f 7359 3502 913
f 914 3500 7360
f 7360 3500 3504
f 3500 792 7361
f 7361 792 3503
f 3504 3500 7361
f 7361 3503 3504
f 3504 3503 7362
f 7362 3503 913
f 914 7360 3506
f 7360 3504 3506
f 3504 7362 3505
f 7362 913 3505
f 3506 3504 7363
f 7363 3504 3505
f 3506 7363 249
f 7363 3505 249
f 215 6753 3508
f 6753 3020 3508
f 3020 6752 3507
f 6752 789 3507
f 3508 3020 7364
f 7364 3020 3507
f 3508 7364 916
f 7364 3507 916
f 789 6749 3510
f 6749 3017 3510
f 3017 6748 3509
f 6748 20 3509
f 3510 3017 7365
f 7365 3017 3509
f 3510 7365 915
f 7365 3509 915
f 916 3507 7366
f 7366 3507 3511
f 3507 789 7367
f 7367 789 3510
f 3511 3507 7367
f 7367 3510 3511
f 3511 3510 7368
f 7368 3510 915
f 916 7366 3513
f 7366 3511 3513
f 3511 7368 3512
f 7368 915 3512
f 3513 3511 7369
f 7369 3511 3512
f 3513 7369 248
f 7369 3512 248
f 249 3505 7370
f 7370 3505 3515
f 3505 913 7371
f 7371 913 3514
f 3515 3505 7371
f 7371 3514 3515
f 3515 3514 7372
f 7372 3514 917
f 913 3502 7373
f 7373 3502 3516
f 3502 215 7374
f 7374 215 3508
f 3516 3502 7374
f 7374 3508 3516
f 3516 3508 7375
f 7375 3508 916
f 917 3514 7376
f 7376 3517 917
f 3514 913 7373
f 7373 3516 3514
f 3517 7376 3516
f 7376 3514 3516
f 3517 3516 7375
f 7375 916 3517
f 917 3517 7377
f 7377 3517 3518
f 3517 916 7378
f 7378 916 3513
f 3518 3517 7378
f 7378 3513 3518
f 3518 3513 7379
f 7379 3513 248
f 249 7370 3520
f 7370 3515 3520
f 3515 7372 3519
f 7372 917 3519
f 3520 3515 7380
f 7380 3515 3519
f 3520 7380 919
f 7380 3519 919
f 917 7377 3522
f 7377 3518 3522
f 3518 7379 3521
f 7379 248 3521
f 3522 3518 7381
f 7381 3518 3521
f 3522 7381 918
f 7381 3521 918
f 919 3519 7382
f 7382 3519 3523
f 3519 917 7383
f 7383 917 3522
f 3523 3519 7383
f 7383 3522 3523
f 3523 3522 7384
f 7384 3522 918
f 919 7382 3525
f 7382 3523 3525
f 3523 7384 3524
f 7384 918 3524
f 3525 3523 7385
f 7385 3523 3524
f 3525 7385 72
f 7385 3524 72
f 73 3498 7386
f 7386 3498 3527
f 3498 911 7387
f 7387 911 3526
f 3527 3498 7387
f 7387 3526 3527
f 3527 3526 7388
f 7388 3526 921
f 911 3495 7389
f 7389 3495 3529
f 3495 246 7390
f 7390 246 3528
f 3529 3495 7390
f 7390 3528 3529
f 3529 3528 7391
f 7391 3528 920
f 921 3526 7392
f 7392 3530 921
f 3526 911 7389
f 7389 3529 3526
f 3530 7392 3529
f 7392 3526 3529
f 3530 3529 7391
f 7391 920 3530
f 921 3530 7393
f 7393 3530 3532
f 3530 920 7394
f 7394 920 3531
f 3532 3530 7394
f 7394 3531 3532
f 3532 3531 7395
f 7395 3531 250
f 246 3486 7396
f 7396 3486 3534
f 3486 908 7397
f 7397 908 3533
f 3534 3486 7397
f 7397 3533 3534
f 3534 3533 7398
f 7398 3533 922
f 908 3483 7399
f 7399 3483 3535
f 3483 63 7400
f 7400 63 3501
f 3535 3483 7400
f 7400 3501 3535
f 3535 3501 7401
f 7401 3501 914
f 922 3533 7402
f 7402 3536 922
f 3533 908 7399
f 7399 3535 3533
f 3536 7402 3535
f 7402 3533 3535
f 3536 3535 7401
f 7401 914 3536
f 922 3536 7403
f 7403 3536 3537
f 3536 914 7404
f 7404 914 3506
f 3537 3536 7404
f 7404 3506 3537
f 3537 3506 7405
f 7405 3506 249
f 250 3531 7406
f 7406 3539 250
f 3531 920 7407
f 7407 3538 3531
f 3539 7406 3538
f 7406 3531 3538
f 3539 3538 7408
f 7408 923 3539
f 920 3528 7409
f 7409 3540 920
f 3528 246 7396
f 7396 3534 3528
f 3540 7409 3534
f 7409 3528 3534
f 3540 3534 7398
f 7398 922 3540
f 923 7408 3541
f 7408 3538 3541
f 3538 7407 3540
f 7407 920 3540
f 3541 3538 7410
f 7410 3538 3540
f 3541 7410 922
f 7410 3540 922
f 923 3541 7411
f 7411 3542 923
f 3541 922 7403
f 7403 3537 3541
f 3542 7411 3537
f 7411 3541 3537
f 3542 3537 7405
f 7405 249 3542
f 250 3539 7412
f 7412 3539 3544
f 3539 923 7413
f 7413 923 3543
f 3544 3539 7413
f 7413 3543 3544
f 3544 3543 7414
f 7414 3543 924
f 923 3542 7415
f 7415 3542 3545
f 3542 249 7416
f 7416 249 3520
f 3545 3542 7416
f 7416 3520 3545
f 3545 3520 7417
f 7417 3520 919
f 924 3543 7418
f 7418 3546 924
f 3543 923 7415
f 7415 3545 3543
f 3546 7418 3545
f 7418 3543 3545
f 3546 3545 7417
f 7417 919 3546
f 924 3546 7419
f 7419 3546 3547
f 3546 919 7420
f 7420 919 3525
f 3547 3546 7420
f 7420 3525 3547
f 3547 3525 7421
f 7421 3525 72
f 73 7386 3549
f 7386 3527 3549
f 3527 7388 3548
f 7388 921 3548
f 3549 3527 7422
f 7422 3527 3548
f 3549 7422 926
f 7422 3548 926
f 921 7393 3551
f 7393 3532 3551
f 3532 7395 3550
f 7395 250 3550
f 3551 3532 7423
f 7423 3532 3550
f 3551 7423 925
f 7423 3550 925
f 926 3548 7424
f 7424 3548 3552
f 3548 921 7425
f 7425 921 3551
f 3552 3548 7425
f 7425 3551 3552
f 3552 3551 7426
f 7426 3551 925
f 926 7424 3554
f 7424 3552 3554
f 3552 7426 3553
f 7426 925 3553
f 3554 3552 7427
f 7427 3552 3553
f 3554 7427 252
f 7427 3553 252
f 250 7412 3556
f 7412 3544 3556
f 3544 7414 3555
f 7414 924 3555
f 3556 3544 7428
f 7428 3544 3555
f 3556 7428 928
f 7428 3555 928
f 924 7419 3558
f 7419 3547 3558
f 3547 7421 3557
f 7421 72 3557
f 3558 3547 7429
f 7429 3547 3557
f 3558 7429 927
f 7429 3557 927
f 928 3555 7430
f 7430 3555 3559
f 3555 924 7431
f 7431 924 3558
f 3559 3555 7431
f 7431 3558 3559
f 3559 3558 7432
f 7432 3558 927
f 928 7430 3561
f 7430 3559 3561
f 3559 7432 3560
f 7432 927 3560
f 3561 3559 7433
f 7433 3559 3560
f 3561 7433 251
f 7433 3560 251
f 252 3553 7434
f 7434 3553 3563
f 3553 925 7435
f 7435 925 3562
f 3563 3553 7435
f 7435 3562 3563
f 3563 3562 7436
f 7436 3562 929
f 925 3550 7437
f 7437 3550 3564
f 3550 250 7438
f 7438 250 3556
f 3564 3550 7438
f 7438 3556 3564
f 3564 3556 7439
f 7439 3556 928
f 929 3562 7440
f 7440 3565 929
f 3562 925 7437
f 7437 3564 3562
f 3565 7440 3564
f 7440 3562 3564
f 3565 3564 7439
f 7439 928 3565
f 929 3565 7441
f 7441 3565 3566
f 3565 928 7442
f 7442 928 3561
f 3566 3565 7442
f 7442 3561 3566
f 3566 3561 7443
f 7443 3561 251
f 252 7434 3568
f 7434 3563 3568
f 3563 7436 3567
f 7436 929 3567
f 3568 3563 7444
f 7444 3563 3567
f 3568 7444 931
f 7444 3567 931
f 929 7441 3570
f 7441 3566 3570
f 3566 7443 3569
f 7443 251 3569
f 3570 3566 7445
f 7445 3566 3569
f 3570 7445 930
f 7445 3569 930
f 931 3567 7446
f 7446 3567 3571
f 3567 929 7447
f 7447 929 3570
f 3571 3567 7447
f 7447 3570 3571
f 3571 3570 7448
f 7448 3570 930
f 931 7446 3573
f 7446 3571 3573
f 3571 7448 3572
f 7448 930 3572
f 3573 3571 7449
f 7449 3571 3572
f 3573 7449 24
f 7449 3572 24
f 20 6577 3575
f 6577 2888 3575
f 2888 6576 3574
f 6576 756 3574
f 3575 2888 7450
f 7450 2888 3574
f 3575 7450 933
f 7450 3574 933
f 756 6573 3577
f 6573 2885 3577
f 2885 6572 3576
f 6572 206 3576
f 3577 2885 7451
f 7451 2885 3576
f 3577 7451 932
f 7451 3576 932
f 933 3574 7452
f 7452 3574 3578
f 3574 756 7453
f 7453 756 3577
f 3578 3574 7453
f 7453 3577 3578
f 3578 3577 7454
f 7454 3577 932
f 933 7452 3580
f 7452 3578 3580
f 3578 7454 3579
f 7454 932 3579
f 3580 3578 7455
f 7455 3578 3579
f 3580 7455 254
f 7455 3579 254
f 206 6561 3582
f 6561 2876 3582
f 2876 6560 3581
f 6560 753 3581
f 3582 2876 7456
f 7456 2876 3581
f 3582 7456 935
f 7456 3581 935
f 753 6557 3584
f 6557 2873 3584
f 2873 6556 3583
f 6556 60 3583
f 3584 2873 7457
f 7457 2873 3583
f 3584 7457 934
f 7457 3583 934
f 935 3581 7458
f 7458 3581 3585
f 3581 753 7459
f 7459 753 3584
f 3585 3581 7459
f 7459 3584 3585
f 3585 3584 7460
f 7460 3584 934
f 935 7458 3587
f 7458 3585 3587
f 3585 7460 3586
f 7460 934 3586
f 3587 3585 7461
f 7461 3585 3586
f 3587 7461 253
f 7461 3586 253
f 254 3579 7462
f 7462 3579 3589
f 3579 932 7463
f 7463 932 3588
f 3589 3579 7463
f 7463 3588 3589
f 3589 3588 7464
f 7464 3588 936
f 932 3576 7465
f 7465 3576 3590
f 3576 206 7466
f 7466 206 3582
f 3590 3576 7466
f 7466 3582 3590
f 3590 3582 7467
f 7467 3582 935
f 936 3588 7468
f 7468 3591 936
f 3588 932 7465
f 7465 3590 3588
f 3591 7468 3590
f 7468 3588 3590
f 3591 3590 7467
f 7467 935 3591
f 936 3591 7469
f 7469 3591 3592
f 3591 935 7470
f 7470 935 3587
f 3592 3591 7470
f 7470 3587 3592
f 3592 3587 7471
f 7471 3587 253
f 254 7462 3594
f 7462 3589 3594
f 3589 7464 3593
f 7464 936 3593
f 3594 3589 7472
f 7472 3589 3593
f 3594 7472 938
f 7472 3593 938
f 936 7469 3596
f 7469 3592 3596
f 3592 7471 3595
f 7471 253 3595
f 3596 3592 7473
f 7473 3592 3595
f 3596 7473 937
f 7473 3595 937
f 938 3593 7474
f 7474 3593 3597
f 3593 936 7475
f 7475 936 3596
f 3597 3593 7475
f 7475 3596 3597
f 3597 3596 7476
f 7476 3596 937
f 938 7474 3599
f 7474 3597 3599
f 3597 7476 3598
f 7476 937 3598
f 3599 3597 7477
f 7477 3597 3598
f 3599 7477 74
f 7477 3598 74
f 60 6513 3601
f 6513 2840 3601
f 2840 6512 3600
f 6512 744 3600
f 3601 2840 7478
f 7478 2840 3600
f 3601 7478 940
f 7478 3600 940
f 744 6509 3603
f 6509 2837 3603
f 2837 6508 3602
f 6508 203 3602
f 3603 2837 7479
f 7479 2837 3602
f 3603 7479 939
f 7479 3602 939
f 940 3600 7480
f 7480 3600 3604
f 3600 744 7481
f 7481 744 3603
f 3604 3600 7481
f 7481 3603 3604
f 3604 3603 7482
f 7482 3603 939
f 940 7480 3606
f 7480 3604 3606
f 3604 7482 3605
f 7482 939 3605
f 3606 3604 7483
f 7483 3604 3605
f 3606 7483 255
f 7483 3605 255
f 203 6497 3608
f 6497 2828 3608
f 2828 6496 3607
f 6496 741 3607
f 3608 2828 7484
f 7484 2828 3607
f 3608 7484 941
f 7484 3607 941
f 741 6493 3609
f 6493 2825 3609
f 2825 6492 3084
f 6492 8 3084
f 3609 2825 7485
f 7485 2825 3084
f 3609 7485 808
f 7485 3084 808
f 941 3607 7486
f 7486 3607 3610
f 3607 741 7487
f 7487 741 3609
f 3610 3607 7487
f 7487 3609 3610
f 3610 3609 7488
f 7488 3609 808
f 941 7486 3611
f 7486 3610 3611
f 3610 7488 3090
f 7488 808 3090
f 3611 3610 7489
f 7489 3610 3090
f 3611 7489 222
f 7489 3090 222
f 255 3605 7490
f 7490 3605 3613
f 3605 939 7491
f 7491 939 3612
f 3613 3605 7491
f 7491 3612 3613
f 3613 3612 7492
f 7492 3612 942
f 939 3602 7493
f 7493 3602 3614
f 3602 203 7494
f 7494 203 3608
f 3614 3602 7494
f 7494 3608 3614
f 3614 3608 7495
f 7495 3608 941
f 942 3612 7496
f 7496 3615 942
f 3612 939 7493
f 7493 3614 3612
f 3615 7496 3614
f 7496 3612 3614
f 3615 3614 7495
f 7495 941 3615
f 942 3615 7497
f 7497 3615 3616
f 3615 941 7498
f 7498 941 3611
f 3616 3615 7498
f 7498 3611 3616
f 3616 3611 7499
f 7499 3611 222
f 255 7490 3618
f 7490 3613 3618
f 3613 7492 3617
f 7492 942 3617
f 3618 3613 7500
f 7500 3613 3617
f 3618 7500 943
f 7500 3617 943
f 942 7497 3619
f 7497 3616 3619
f 3616 7499 3106
f 7499 222 3106
f 3619 3616 7501
f 7501 3616 3106
f 3619 7501 814
f 7501 3106 814
f 943 3617 7502
f 7502 3617 3620
f 3617 942 7503
f 7503 942 3619
f 3620 3617 7503
f 7503 3619 3620
f 3620 3619 7504
f 7504 3619 814
f 943 7502 3621
f 7502 3620 3621
f 3620 7504 3111
f 7504 814 3111
f 3621 3620 7505
f 7505 3620 3111
f 3621 7505 67
f 7505 3111 67
f 74 3598 7506
f 7506 3598 3623
f 3598 937 7507
f 7507 937 3622
f 3623 3598 7507
f 7507 3622 3623
f 3623 3622 7508
f 7508 3622 945
f 937 3595 7509
f 7509 3595 3625
f 3595 253 7510
f 7510 253 3624
f 3625 3595 7510
f 7510 3624 3625
f 3625 3624 7511
f 7511 3624 944
f 945 3622 7512
f 7512 3626 945
f 3622 937 7509
f 7509 3625 3622
f 3626 7512 3625
f 7512 3622 3625
f 3626 3625 7511
f 7511 944 3626
f 945 3626 7513
f 7513 3626 3628
f 3626 944 7514
f 7514 944 3627
f 3628 3626 7514
f 7514 3627 3628
f 3628 3627 7515
f 7515 3627 256
f 253 3586 7516
f 7516 3586 3630
f 3586 934 7517
f 7517 934 3629
f 3630 3586 7517
f 7517 3629 3630
f 3630 3629 7518
f 7518 3629 946
f 934 3583 7519
f 7519 3583 3631
f 3583 60 7520
f 7520 60 3601
f 3631 3583 7520
f 7520 3601 3631
f 3631 3601 7521
f 7521 3601 940
f 946 3629 7522
f 7522 3632 946
f 3629 934 7519
f 7519 3631 3629
f 3632 7522 3631
f 7522 3629 3631
f 3632 3631 7521
f 7521 940 3632
f 946 3632 7523
f 7523 3632 3633
f 3632 940 7524
f 7524 940 3606
f 3633 3632 7524
f 7524 3606 3633
f 3633 3606 7525
f 7525 3606 255
f 256 3627 7526
f 7526 3635 256
f 3627 944 7527
f 7527 3634 3627
f 3635 7526 3634
f 7526 3627 3634
f 3635 3634 7528
f 7528 947 3635
f 944 3624 7529
f 7529 3636 944
f 3624 253 7516
f 7516 3630 3624
f 3636 7529 3630
f 7529 3624 3630
f 3636 3630 7518
f 7518 946 3636
f 947 7528 3637
f 7528 3634 3637
f 3634 7527 3636
f 7527 944 3636
f 3637 3634 7530
f 7530 3634 3636
f 3637 7530 946
f 7530 3636 946
f 947 3637 7531
f 7531 3638 947
f 3637 946 7523
f 7523 3633 3637
f 3638 7531 3633
f 7531 3637 3633
f 3638 3633 7525
f 7525 255 3638
f 256 3635 7532
f 7532 3635 3640
f 3635 947 7533
f 7533 947 3639
f 3640 3635 7533
f 7533 3639 3640
f 3640 3639 7534
f 7534 3639 948
f 947 3638 7535
f 7535 3638 3641
f 3638 255 7536
f 7536 255 3618
f 3641 3638 7536
f 7536 3618 3641
f 3641 3618 7537
f 7537 3618 943
f 948 3639 7538
f 7538 3642 948
f 3639 947 7535
f 7535 3641 3639
f 3642 7538 3641
f 7538 3639 3641
f 3642 3641 7537
f 7537 943 3642
f 948 3642 7539
f 7539 3642 3643
f 3642 943 7540
f 7540 943 3621
f 3643 3642 7540
f 7540 3621 3643
f 3643 3621 7541
f 7541 3621 67
f 74 7506 3645
f 7506 3623 3645
f 3623 7508 3644
f 7508 945 3644
f 3645 3623 7542
f 7542 3623 3644
f 3645 7542 950
f 7542 3644 950
f 945 7513 3647
f 7513 3628 3647
f 3628 7515 3646
f 7515 256 3646
f 3647 3628 7543
f 7543 3628 3646
f 3647 7543 949
f 7543 3646 949
f 950 3644 7544
f 7544 3644 3648
f 3644 945 7545
f 7545 945 3647
f 3648 3644 7545
f 7545 3647 3648
f 3648 3647 7546
f 7546 3647 949
f 950 7544 3650
f 7544 3648 3650
f 3648 7546 3649
f 7546 949 3649
f 3650 3648 7547
f 7547 3648 3649
f 3650 7547 257
f 7547 3649 257
f 256 7532 3652
f 7532 3640 3652
f 3640 7534 3651
f 7534 948 3651
f 3652 3640 7548
f 7548 3640 3651
f 3652 7548 951
f 7548 3651 951
f 948 7539 3653
f 7539 3643 3653
f 3643 7541 3165
f 7541 67 3165
f 3653 3643 7549
f 7549 3643 3165
f 3653 7549 830
f 7549 3165 830
f 951 3651 7550
f 7550 3651 3654
f 3651 948 7551
f 7551 948 3653
f 3654 3651 7551
f 7551 3653 3654
f 3654 3653 7552
f 7552 3653 830
f 951 7550 3655
f 7550 3654 3655
f 3654 7552 3170
f 7552 830 3170
f 3655 3654 7553
f 7553 3654 3170
f 3655 7553 228
f 7553 3170 228
f 257 3649 7554
f 7554 3649 3657
f 3649 949 7555
f 7555 949 3656
f 3657 3649 7555
f 7555 3656 3657
f 3657 3656 7556
f 7556 3656 952
f 949 3646 7557
f 7557 3646 3658
f 3646 256 7558
f 7558 256 3652
f 3658 3646 7558
f 7558 3652 3658
f 3658 3652 7559
f 7559 3652 951
f 952 3656 7560
f 7560 3659 952
f 3656 949 7557
f 7557 3658 3656
f 3659 7560 3658
f 7560 3656 3658
f 3659 3658 7559
f 7559 951 3659
f 952 3659 7561
f 7561 3659 3660
f 3659 951 7562
f 7562 951 3655
f 3660 3659 7562
f 7562 3655 3660
f 3660 3655 7563
f 7563 3655 228
f 257 7554 3662
f 7554 3657 3662
f 3657 7556 3661
f 7556 952 3661
f 3662 3657 7564
f 7564 3657 3661
f 3662 7564 953
f 7564 3661 953
f 952 7561 3663
f 7561 3660 3663
f 3660 7563 3184
f 7563 228 3184
f 3663 3660 7565
f 7565 3660 3184
f 3663 7565 835
f 7565 3184 835
f 953 3661 7566
f 7566 3661 3664
f 3661 952 7567
f 7567 952 3663
f 3664 3661 7567
f 7567 3663 3664
f 3664 3663 7568
f 7568 3663 835
f 953 7566 3665
f 7566 3664 3665
f 3664 7568 3189
f 7568 835 3189
f 3665 3664 7569
f 7569 3664 3189
f 3665 7569 23
f 7569 3189 23
f 24 3572 7570
f 7570 3572 3667
f 3572 930 7571
f 7571 930 3666
f 3667 3572 7571
f 7571 3666 3667
f 3667 3666 7572
f 7572 3666 955
f 930 3569 7573
f 7573 3569 3669
f 3569 251 7574
f 7574 251 3668
f 3669 3569 7574
f 7574 3668 3669
f 3669 3668 7575
f 7575 3668 954
f 955 3666 7576
f 7576 3670 955
f 3666 930 7573
f 7573 3669 3666
f 3670 7576 3669
f 7576 3666 3669
f 3670 3669 7575
f 7575 954 3670
f 955 3670 7577
f 7577 3670 3672
f 3670 954 7578
f 7578 954 3671
f 3672 3670 7578
f 7578 3671 3672
f 3672 3671 7579
f 7579 3671 259
f 251 3560 7580
f 7580 3560 3674
f 3560 927 7581
f 7581 927 3673
f 3674 3560 7581
f 7581 3673 3674
f 3674 3673 7582
f 7582 3673 957
f 927 3557 7583
f 7583 3557 3676
f 3557 72 7584
f 7584 72 3675
f 3676 3557 7584
f 7584 3675 3676
f 3676 3675 7585
f 7585 3675 956
f 957 3673 7586
f 7586 3677 957
f 3673 927 7583
f 7583 3676 3673
f 3677 7586 3676
f 7586 3673 3676
f 3677 3676 7585
f 7585 956 3677
f 957 3677 7587
f 7587 3677 3679
f 3677 956 7588
f 7588 956 3678
f 3679 3677 7588
f 7588 3678 3679
f 3679 3678 7589
f 7589 3678 258
f 259 3671 7590
f 7590 3681 259
f 3671 954 7591
f 7591 3680 3671
f 3681 7590 3680
f 7590 3671 3680
f 3681 3680 7592
f 7592 958 3681
f 954 3668 7593
f 7593 3682 954
f 3668 251 7580
f 7580 3674 3668
f 3682 7593 3674
f 7593 3668 3674
f 3682 3674 7582
f 7582 957 3682
f 958 7592 3683
f 7592 3680 3683
f 3680 7591 3682
f 7591 954 3682
f 3683 3680 7594
f 7594 3680 3682
f 3683 7594 957
f 7594 3682 957
f 958 3683 7595
f 7595 3684 958
f 3683 957 7587
f 7587 3679 3683
f 3684 7595 3679
f 7595 3683 3679
f 3684 3679 7589
f 7589 258 3684
f 259 3681 7596
f 7596 3681 3686
f 3681 958 7597
f 7597 958 3685
f 3686 3681 7597
f 7597 3685 3686
f 3686 3685 7598
f 7598 3685 960
f 958 3684 7599
f 7599 3684 3688
f 3684 258 7600
f 7600 258 3687
f 3688 3684 7600
f 7600 3687 3688
f 3688 3687 7601
f 7601 3687 959
f 960 3685 7602
f 7602 3689 960
f 3685 958 7599
f 7599 3688 3685
f 3689 7602 3688
f 7602 3685 3688
f 3689 3688 7601
f 7601 959 3689
f 960 3689 7603
f 7603 3689 3691
f 3689 959 7604
f 7604 959 3690
f 3691 3689 7604
f 7604 3690 3691
f 3691 3690 7605
f 7605 3690 75
f 72 3524 7606
f 7606 3524 3693
f 3524 918 7607
f 7607 918 3692
f 3693 3524 7607
f 7607 3692 3693
f 3693 3692 7608
f 7608 3692 962
f 918 3521 7609
f 7609 3521 3695
f 3521 248 7610
f 7610 248 3694
f 3695 3521 7610
f 7610 3694 3695
f 3695 3694 7611
f 7611 3694 961
f 962 3692 7612
f 7612 3696 962
f 3692 918 7609
f 7609 3695 3692
f 3696 7612 3695
f 7612 3692 3695
f 3696 3695 7611
f 7611 961 3696
f 962 3696 7613
f 7613 3696 3698
f 3696 961 7614
f 7614 961 3697
f 3698 3696 7614
f 7614 3697 3698
f 3698 3697 7615
f 7615 3697 260
f 248 3512 7616
f 7616 3512 3700
f 3512 915 7617
f 7617 915 3699
f 3700 3512 7617
f 7617 3699 3700
f 3700 3699 7618
f 7618 3699 963
f 915 3509 7619
f 7619 3509 3701
f 3509 20 7620
f 7620 20 3575
f 3701 3509 7620
f 7620 3575 3701
f 3701 3575 7621
f 7621 3575 933
f 963 3699 7622
f 7622 3702 963
f 3699 915 7619
f 7619 3701 3699
f 3702 7622 3701
f 7622 3699 3701
f 3702 3701 7621
f 7621 933 3702
f 963 3702 7623
f 7623 3702 3703
f 3702 933 7624
f 7624 933 3580
f 3703 3702 7624
f 7624 3580 3703
f 3703 3580 7625
f 7625 3580 254
f 260 3697 7626
f 7626 3705 260
f 3697 961 7627
f 7627 3704 3697
f 3705 7626 3704
f 7626 3697 3704
f 3705 3704 7628
f 7628 964 3705
f 961 3694 7629
f 7629 3706 961
f 3694 248 7616
f 7616 3700 3694
f 3706 7629 3700
f 7629 3694 3700
f 3706 3700 7618
f 7618 963 3706
f 964 7628 3707
f 7628 3704 3707
f 3704 7627 3706
f 7627 961 3706
f 3707 3704 7630
f 7630 3704 3706
f 3707 7630 963
f 7630 3706 963
f 964 3707 7631
f 7631 3708 964
f 3707 963 7623
f 7623 3703 3707
f 3708 7631 3703
f 7631 3707 3703
f 3708 3703 7625
f 7625 254 3708
f 260 3705 7632
f 7632 3705 3710
f 3705 964 7633
f 7633 964 3709
f 3710 3705 7633
f 7633 3709 3710
f 3710 3709 7634
f 7634 3709 965
f 964 3708 7635
f 7635 3708 3711
f 3708 254 7636
f 7636 254 3594
f 3711 3708 7636
f 7636 3594 3711
f 3711 3594 7637
f 7637 3594 938
f 965 3709 7638
f 7638 3712 965
f 3709 964 7635
f 7635 3711 3709
f 3712 7638 3711
f 7638 3709 3711
f 3712 3711 7637
f 7637 938 3712
f 965 3712 7639
f 7639 3712 3713
f 3712 938 7640
f 7640 938 3599
f 3713 3712 7640
f 7640 3599 3713
f 3713 3599 7641
f 7641 3599 74
f 75 3690 7642
f 7642 3715 75
f 3690 959 7643
f 7643 3714 3690
f 3715 7642 3714
f 7642 3690 3714
f 3715 3714 7644
f 7644 967 3715
f 959 3687 7645
f 7645 3717 959
f 3687 258 7646
f 7646 3716 3687
f 3717 7645 3716
f 7645 3687 3716
f 3717 3716 7647
f 7647 966 3717
f 967 7644 3718
f 7644 3714 3718
f 3714 7643 3717
f 7643 959 3717
f 3718 3714 7648
f 7648 3714 3717
f 3718 7648 966
f 7648 3717 966
f 967 3718 7649
f 7649 3720 967
f 3718 966 7650
f 7650 3719 3718
f 3720 7649 3719
f 7649 3718 3719
f 3720 3719 7651
f 7651 261 3720
f 258 3678 7652
f 7652 3722 258
f 3678 956 7653
f 7653 3721 3678
f 3722 7652 3721
f 7652 3678 3721
f 3722 3721 7654
f 7654 968 3722
f 956 3675 7655
f 7655 3723 956
f 3675 72 7606
f 7606 3693 3675
f 3723 7655 3693
f 7655 3675 3693
f 3723 3693 7608
f 7608 962 3723
f 968 7654 3724
f 7654 3721 3724
f 3721 7653 3723
f 7653 956 3723
f 3724 3721 7656
f 7656 3721 3723
f 3724 7656 962
f 7656 3723 962
f 968 3724 7657
f 7657 3725 968
f 3724 962 7613
f 7613 3698 3724
f 3725 7657 3698
f 7657 3724 3698
f 3725 3698 7615
f 7615 260 3725
f 261 7651 3727
f 7651 3719 3727
f 3719 7650 3726
f 7650 966 3726
f 3727 3719 7658
f 7658 3719 3726
f 3727 7658 969
f 7658 3726 969
f 966 7647 3728
f 7647 3716 3728
f 3716 7646 3722
f 7646 258 3722
f 3728 3716 7659
f 7659 3716 3722
f 3728 7659 968
f 7659 3722 968
f 969 3726 7660
f 7660 3726 3729
f 3726 966 7661
f 7661 966 3728
f 3729 3726 7661
f 7661 3728 3729
f 3729 3728 7662
f 7662 3728 968
f 969 7660 3730
f 7660 3729 3730
f 3729 7662 3725
f 7662 968 3725
f 3730 3729 7663
f 7663 3729 3725
f 3730 7663 260
f 7663 3725 260
f 261 3727 7664
f 7664 3732 261
f 3727 969 7665
f 7665 3731 3727
f 3732 7664 3731
f 7664 3727 3731
f 3732 3731 7666
f 7666 970 3732
f 969 3730 7667
f 7667 3733 969
f 3730 260 7632
f 7632 3710 3730
f 3733 7667 3710
f 7667 3730 3710
f 3733 3710 7634
f 7634 965 3733
f 970 7666 3734
f 7666 3731 3734
f 3731 7665 3733
f 7665 969 3733
f 3734 3731 7668
f 7668 3731 3733
f 3734 7668 965
f 7668 3733 965
f 970 3734 7669
f 7669 3735 970
f 3734 965 7639
f 7639 3713 3734
f 3735 7669 3713
f 7669 3734 3713
f 3735 3713 7641
f 7641 74 3735
f 75 3715 7670
f 7670 3715 3737
f 3715 967 7671
f 7671 967 3736
f 3737 3715 7671
f 7671 3736 3737
f 3737 3736 7672
f 7672 3736 972
f 967 3720 7673
f 7673 3720 3739
f 3720 261 7674
f 7674 261 3738
f 3739 3720 7674
f 7674 3738 3739
f 3739 3738 7675
f 7675 3738 971
f 972 3736 7676
f 7676 3740 972
f 3736 967 7673
f 7673 3739 3736
f 3740 7676 3739
f 7676 3736 3739
f 3740 3739 7675
f 7675 971 3740
f 972 3740 7677
f 7677 3740 3742
f 3740 971 7678
f 7678 971 3741
f 3742 3740 7678
f 7678 3741 3742
f 3742 3741 7679
f 7679 3741 262
f 261 3732 7680
f 7680 3732 3744
f 3732 970 7681
f 7681 970 3743
f 3744 3732 7681
f 7681 3743 3744
f 3744 3743 7682
f 7682 3743 973
f 970 3735 7683
f 7683 3735 3745
f 3735 74 7684
f 7684 74 3645
f 3745 3735 7684
f 7684 3645 3745
f 3745 3645 7685
f 7685 3645 950
f 973 3743 7686
f 7686 3746 973
f 3743 970 7683
f 7683 3745 3743
f 3746 7686 3745
f 7686 3743 3745
f 3746 3745 7685
f 7685 950 3746
f 973 3746 7687
f 7687 3746 3747
f 3746 950 7688
f 7688 950 3650
f 3747 3746 7688
f 7688 3650 3747
f 3747 3650 7689
f 7689 3650 257
f 262 3741 7690
f 7690 3749 262
f 3741 971 7691
f 7691 3748 3741
f 3749 7690 3748
f 7690 3741 3748
f 3749 3748 7692
f 7692 974 3749
f 971 3738 7693
f 7693 3750 971
f 3738 261 7680
f 7680 3744 3738
f 3750 7693 3744
f 7693 3738 3744
f 3750 3744 7682
f 7682 973 3750
f 974 7692 3751
f 7692 3748 3751
f 3748 7691 3750
f 7691 971 3750
f 3751 3748 7694
f 7694 3748 3750
f 3751 7694 973
f 7694 3750 973
f 974 3751 7695
f 7695 3752 974
f 3751 973 7687
f 7687 3747 3751
f 3752 7695 3747
f 7695 3751 3747
f 3752 3747 7689
f 7689 257 3752
f 262 3749 7696
f 7696 3749 3754
f 3749 974 7697
f 7697 974 3753
f 3754 3749 7697
f 7697 3753 3754
f 3754 3753 7698
f 7698 3753 975
f 974 3752 7699
f 7699 3752 3755
f 3752 257 7700
f 7700 257 3662
f 3755 3752 7700
f 7700 3662 3755
f 3755 3662 7701
f 7701 3662 953
f 975 3753 7702
f 7702 3756 975
f 3753 974 7699
f 7699 3755 3753
f 3756 7702 3755
f 7702 3753 3755
f 3756 3755 7701
f 7701 953 3756
f 975 3756 7703
f 7703 3756 3757
f 3756 953 7704
f 7704 953 3665
f 3757 3756 7704
f 7704 3665 3757
f 3757 3665 7705
f 7705 3665 23
f 24 7570 3759
f 7570 3667 3759
f 3667 7572 3758
f 7572 955 3758
f 3759 3667 7706
f 7706 3667 3758
f 3759 7706 977
f 7706 3758 977
f 955 7577 3761
f 7577 3672 3761
f 3672 7579 3760
f 7579 259 3760
f 3761 3672 7707
f 7707 3672 3760
f 3761 7707 976
f 7707 3760 976
f 977 3758 7708
f 7708 3758 3762
f 3758 955 7709
f 7709 955 3761
f 3762 3758 7709
f 7709 3761 3762
f 3762 3761 7710
f 7710 3761 976
f 977 7708 3764
f 7708 3762 3764
f 3762 7710 3763
f 7710 976 3763
f 3764 3762 7711
f 7711 3762 3763
f 3764 7711 264
f 7711 3763 264
f 259 7596 3766
f 7596 3686 3766
f 3686 7598 3765
f 7598 960 3765
f 3766 3686 7712
f 7712 3686 3765
f 3766 7712 979
f 7712 3765 979
f 960 7603 3768
f 7603 3691 3768
f 3691 7605 3767
f 7605 75 3767
f 3768 3691 7713
f 7713 3691 3767
f 3768 7713 978
f 7713 3767 978
f 979 3765 7714
f 7714 3765 3769
f 3765 960 7715
f 7715 960 3768
f 3769 3765 7715
f 7715 3768 3769
f 3769 3768 7716
f 7716 3768 978
f 979 7714 3771
f 7714 3769 3771
f 3769 7716 3770
f 7716 978 3770
f 3771 3769 7717
f 7717 3769 3770
f 3771 7717 263
f 7717 3770 263
f 264 3763 7718
f 7718 3763 3773
f 3763 976 7719
f 7719 976 3772
f 3773 3763 7719
f 7719 3772 3773
f 3773 3772 7720
f 7720 3772 980
f 976 3760 7721
f 7721 3760 3774
f 3760 259 7722
f 7722 259 3766
f 3774 3760 7722
f 7722 3766 3774
f 3774 3766 7723
f 7723 3766 979
f 980 3772 7724
f 7724 3775 980
f 3772 976 7721
f 7721 3774 3772
f 3775 7724 3774
f 7724 3772 3774
f 3775 3774 7723
f 7723 979 3775
f 980 3775 7725
f 7725 3775 3776
f 3775 979 7726
f 7726 979 3771
f 3776 3775 7726
f 7726 3771 3776
f 3776 3771 7727
f 7727 3771 263
f 264 7718 3778
f 7718 3773 3778
f 3773 7720 3777
f 7720 980 3777
f 3778 3773 7728
f 7728 3773 3777
f 3778 7728 982
f 7728 3777 982
f 980 7725 3780
f 7725 3776 3780
f 3776 7727 3779
f 7727 263 3779
f 3780 3776 7729
f 7729 3776 3779
f 3780 7729 981
f 7729 3779 981
f 982 3777 7730
f 7730 3777 3781
f 3777 980 7731
f 7731 980 3780
f 3781 3777 7731
f 7731 3780 3781
f 3781 3780 7732
f 7732 3780 981
f 982 7730 3783
f 7730 3781 3783
f 3781 7732 3782
f 7732 981 3782
f 3783 3781 7733
f 7733 3781 3782
f 3783 7733 76
f 7733 3782 76
f 75 7670 3785
f 7670 3737 3785
f 3737 7672 3784
f 7672 972 3784
f 3785 3737 7734
f 7734 3737 3784
f 3785 7734 984
f 7734 3784 984
f 972 7677 3787
f 7677 3742 3787
f 3742 7679 3786
f 7679 262 3786
f 3787 3742 7735
f 7735 3742 3786
f 3787 7735 983
f 7735 3786 983
f 984 3784 7736
f 7736 3784 3788
f 3784 972 7737
f 7737 972 3787
f 3788 3784 7737
f 7737 3787 3788
f 3788 3787 7738
f 7738 3787 983
f 984 7736 3790
f 7736 3788 3790
f 3788 7738 3789
f 7738 983 3789
f 3790 3788 7739
f 7739 3788 3789
f 3790 7739 265
f 7739 3789 265
f 262 7696 3792
f 7696 3754 3792
f 3754 7698 3791
f 7698 975 3791
f 3792 3754 7740
f 7740 3754 3791
f 3792 7740 985
f 7740 3791 985
f 975 7703 3793
f 7703 3757 3793
f 3757 7705 3383
f 7705 23 3383
f 3793 3757 7741
f 7741 3757 3383
f 3793 7741 885
f 7741 3383 885
f 985 3791 7742
f 7742 3791 3794
f 3791 975 7743
f 7743 975 3793
f 3794 3791 7743
f 7743 3793 3794
f 3794 3793 7744
f 7744 3793 885
f 985 7742 3795
f 7742 3794 3795
f 3794 7744 3388
f 7744 885 3388
f 3795 3794 7745
f 7745 3794 3388
f 3795 7745 242
f 7745 3388 242
f 265 3789 7746
f 7746 3789 3797
f 3789 983 7747
f 7747 983 3796
f 3797 3789 7747
f 7747 3796 3797
f 3797 3796 7748
f 7748 3796 986
f 983 3786 7749
f 7749 3786 3798
f 3786 262 7750
f 7750 262 3792
f 3798 3786 7750
f 7750 3792 3798
f 3798 3792 7751
f 7751 3792 985
f 986 3796 7752
f 7752 3799 986
f 3796 983 7749
f 7749 3798 3796
f 3799 7752 3798
f 7752 3796 3798
f 3799 3798 7751
f 7751 985 3799
f 986 3799 7753
f 7753 3799 3800
f 3799 985 7754
f 7754 985 3795
f 3800 3799 7754
f 7754 3795 3800
f 3800 3795 7755
f 7755 3795 242
f 265 7746 3802
f 7746 3797 3802
f 3797 7748 3801
f 7748 986 3801
f 3802 3797 7756
f 7756 3797 3801
f 3802 7756 987
f 7756 3801 987
f 986 7753 3803
f 7753 3800 3803
f 3800 7755 3402
f 7755 242 3402
f 3803 3800 7757
f 7757 3800 3402
f 3803 7757 890
f 7757 3402 890
f 987 3801 7758
f 7758 3801 3804
f 3801 986 7759
f 7759 986 3803
f 3804 3801 7759
f 7759 3803 3804
f 3804 3803 7760
f 7760 3803 890
f 987 7758 3805
f 7758 3804 3805
f 3804 7760 3407
f 7760 890 3407
f 3805 3804 7761
f 7761 3804 3407
f 3805 7761 71
f 7761 3407 71
f 76 3782 7762
f 7762 3782 3807
f 3782 981 7763
f 7763 981 3806
f 3807 3782 7763
f 7763 3806 3807
f 3807 3806 7764
f 7764 3806 989
f 981 3779 7765
f 7765 3779 3809
f 3779 263 7766
f 7766 263 3808
f 3809 3779 7766
f 7766 3808 3809
f 3809 3808 7767
f 7767 3808 988
f 989 3806 7768
f 7768 3810 989
f 3806 981 7765
f 7765 3809 3806
f 3810 7768 3809
f 7768 3806 3809
f 3810 3809 7767
f 7767 988 3810
f 989 3810 7769
f 7769 3810 3812
f 3810 988 7770
f 7770 988 3811
f 3812 3810 7770
f 7770 3811 3812
f 3812 3811 7771
f 7771 3811 266
f 263 3770 7772
f 7772 3770 3814
f 3770 978 7773
f 7773 978 3813
f 3814 3770 7773
f 7773 3813 3814
f 3814 3813 7774
f 7774 3813 990
f 978 3767 7775
f 7775 3767 3815
f 3767 75 7776
f 7776 75 3785
f 3815 3767 7776
f 7776 3785 3815
f 3815 3785 7777
f 7777 3785 984
f 990 3813 7778
f 7778 3816 990
f 3813 978 7775
f 7775 3815 3813
f 3816 7778 3815
f 7778 3813 3815
f 3816 3815 7777
f 7777 984 3816
f 990 3816 7779
f 7779 3816 3817
f 3816 984 7780
f 7780 984 3790
f 3817 3816 7780
f 7780 3790 3817
f 3817 3790 7781
f 7781 3790 265
f 266 3811 7782
f 7782 3819 266
f 3811 988 7783
f 7783 3818 3811
f 3819 7782 3818
f 7782 3811 3818
f 3819 3818 7784
f 7784 991 3819
f 988 3808 7785
f 7785 3820 988
f 3808 263 7772
f 7772 3814 3808
f 3820 7785 3814
f 7785 3808 3814
f 3820 3814 7774
f 7774 990 3820
f 991 7784 3821
f 7784 3818 3821
f 3818 7783 3820
f 7783 988 3820
f 3821 3818 7786
f 7786 3818 3820
f 3821 7786 990
f 7786 3820 990
f 991 3821 7787
f 7787 3822 991
f 3821 990 7779
f 7779 3817 3821
f 3822 7787 3817
f 7787 3821 3817
f 3822 3817 7781
f 7781 265 3822
f 266 3819 7788
f 7788 3819 3824
f 3819 991 7789
f 7789 991 3823
f 3824 3819 7789
f 7789 3823 3824
f 3824 3823 7790
f 7790 3823 992
f 991 3822 7791
f 7791 3822 3825
f 3822 265 7792
f 7792 265 3802
f 3825 3822 7792
f 7792 3802 3825
f 3825 3802 7793
f 7793 3802 987
f 992 3823 7794
f 7794 3826 992
f 3823 991 7791
f 7791 3825 3823
f 3826 7794 3825
f 7794 3823 3825
f 3826 3825 7793
f 7793 987 3826
f 992 3826 7795
f 7795 3826 3827
f 3826 987 7796
f 7796 987 3805
f 3827 3826 7796
f 7796 3805 3827
f 3827 3805 7797
f 7797 3805 71
f 76 7762 3829
f 7762 3807 3829
f 3807 7764 3828
f 7764 989 3828
f 3829 3807 7798
f 7798 3807 3828
f 3829 7798 994
f 7798 3828 994
f 989 7769 3831
f 7769 3812 3831
f 3812 7771 3830
f 7771 266 3830
f 3831 3812 7799
f 7799 3812 3830
f 3831 7799 993
f 7799 3830 993
f 994 3828 7800
f 7800 3828 3832
f 3828 989 7801
f 7801 989 3831
f 3832 3828 7801
f 7801 3831 3832
f 3832 3831 7802
f 7802 3831 993
f 994 7800 3834
f 7800 3832 3834
f 3832 7802 3833
f 7802 993 3833
f 3834 3832 7803
f 7803 3832 3833
f 3834 7803 267
f 7803 3833 267
f 266 7788 3836
f 7788 3824 3836
f 3824 7790 3835
f 7790 992 3835
f 3836 3824 7804
f 7804 3824 3835
f 3836 7804 995
f 7804 3835 995
f 992 7795 3837
f 7795 3827 3837
f 3827 7797 3453
f 7797 71 3453
f 3837 3827 7805
f 7805 3827 3453
f 3837 7805 902
f 7805 3453 902
f 995 3835 7806
f 7806 3835 3838
f 3835 992 7807
f 7807 992 3837
f 3838 3835 7807
f 7807 3837 3838
f 3838 3837 7808
f 7808 3837 902
f 995 7806 3839
f 7806 3838 3839
f 3838 7808 3458
f 7808 902 3458
f 3839 3838 7809
f 7809 3838 3458
f 3839 7809 245
f 7809 3458 245
f 267 3833 7810
f 7810 3833 3841
f 3833 993 7811
f 7811 993 3840
f 3841 3833 7811
f 7811 3840 3841
f 3841 3840 7812
f 7812 3840 996
f 993 3830 7813
f 7813 3830 3842
f 3830 266 7814
f 7814 266 3836
f 3842 3830 7814
f 7814 3836 3842
f 3842 3836 7815
f 7815 3836 995
f 996 3840 7816
f 7816 3843 996
f 3840 993 7813
f 7813 3842 3840
f 3843 7816 3842
f 7816 3840 3842
f 3843 3842 7815
f 7815 995 3843
f 996 3843 7817
f 7817 3843 3844
f 3843 995 7818
f 7818 995 3839
f 3844 3843 7818
f 7818 3839 3844
f 3844 3839 7819
f 7819 3839 245
f 267 7810 3846
f 7810 3841 3846
f 3841 7812 3845
f 7812 996 3845
f 3846 3841 7820
f 7820 3841 3845
f 3846 7820 997
f 7820 3845 997
f 996 7817 3847
f 7817 3844 3847
f 3844 7819 3470
f 7819 245 3470
f 3847 3844 7821
f 7821 3844 3470
f 3847 7821 905
f 7821 3470 905
f 997 3845 7822
f 7822 3845 3848
f 3845 996 7823
f 7823 996 3847
f 3848 3845 7823
f 7823 3847 3848
f 3848 3847 7824
f 7824 3847 905
f 997 7822 3849
f 7822 3848 3849
f 3848 7824 3473
f 7824 905 3473
f 3849 3848 7825
f 7825 3848 3473
f 3849 7825 5
f 7825 3473 5
f 9 3475 7826
f 7826 3851 9
f 3475 907 7827
f 7827 3850 3475
f 3851 7826 3850
f 7826 3475 3850
f 3851 3850 7828
f 7828 999 3851
f 907 3480 7829
f 7829 3853 907
f 3480 247 7830
f 7830 3852 3480
f 3853 7829 3852
f 7829 3480 3852
f 3853 3852 7831
f 7831 998 3853
f 999 7828 3854
f 7828 3850 3854
f 3850 7827 3853
f 7827 907 3853
f 3854 3850 7832
f 7832 3850 3853
f 3854 7832 998
f 7832 3853 998
f 999 3854 7833
f 7833 3856 999
f 3854 998 7834
f 7834 3855 3854
f 3856 7833 3855
f 7833 3854 3855
f 3856 3855 7835
f 7835 269 3856
f 247 3494 7836
f 7836 3858 247
f 3494 912 7837
f 7837 3857 3494
f 3858 7836 3857
f 7836 3494 3857
f 3858 3857 7838
f 7838 1001 3858
f 912 3499 7839
f 7839 3860 912
f 3499 73 7840
f 7840 3859 3499
f 3860 7839 3859
f 7839 3499 3859
f 3860 3859 7841
f 7841 1000 3860
f 1001 7838 3861
f 7838 3857 3861
f 3857 7837 3860
f 7837 912 3860
f 3861 3857 7842
f 7842 3857 3860
f 3861 7842 1000
f 7842 3860 1000
f 1001 3861 7843
f 7843 3863 1001
f 3861 1000 7844
f 7844 3862 3861
f 3863 7843 3862
f 7843 3861 3862
f 3863 3862 7845
f 7845 268 3863
f 269 7835 3865
f 7835 3855 3865
f 3855 7834 3864
f 7834 998 3864
f 3865 3855 7846
f 7846 3855 3864
f 3865 7846 1002
f 7846 3864 1002
f 998 7831 3866
f 7831 3852 3866
f 3852 7830 3858
f 7830 247 3858
f 3866 3852 7847
f 7847 3852 3858
f 3866 7847 1001
f 7847 3858 1001
f 1002 3864 7848
f 7848 3864 3867
f 3864 998 7849
f 7849 998 3866
f 3867 3864 7849
f 7849 3866 3867
f 3867 3866 7850
f 7850 3866 1001
f 1002 7848 3868
f 7848 3867 3868
f 3867 7850 3863
f 7850 1001 3863
f 3868 3867 7851
f 7851 3867 3863
f 3868 7851 268
f 7851 3863 268
f 269 3865 7852
f 7852 3870 269
f 3865 1002 7853
f 7853 3869 3865
f 3870 7852 3869
f 7852 3865 3869
f 3870 3869 7854
f 7854 1004 3870
f 1002 3868 7855
f 7855 3872 1002
f 3868 268 7856
f 7856 3871 3868
f 3872 7855 3871
f 7855 3868 3871
f 3872 3871 7857
f 7857 1003 3872
f 1004 7854 3873
f 7854 3869 3873
f 3869 7853 3872
f 7853 1002 3872
f 3873 3869 7858
f 7858 3869 3872
f 3873 7858 1003
f 7858 3872 1003
f 1004 3873 7859
f 7859 3875 1004
f 3873 1003 7860
f 7860 3874 3873
f 3875 7859 3874
f 7859 3873 3874
f 3875 3874 7861
f 7861 78 3875
f 73 3549 7862
f 7862 3877 73
f 3549 926 7863
f 7863 3876 3549
f 3877 7862 3876
f 7862 3549 3876
f 3877 3876 7864
f 7864 1006 3877
f 926 3554 7865
f 7865 3879 926
f 3554 252 7866
f 7866 3878 3554
f 3879 7865 3878
f 7865 3554 3878
f 3879 3878 7867
f 7867 1005 3879
f 1006 7864 3880
f 7864 3876 3880
f 3876 7863 3879
f 7863 926 3879
f 3880 3876 7868
f 7868 3876 3879
f 3880 7868 1005
f 7868 3879 1005
f 1006 3880 7869
f 7869 3882 1006
f 3880 1005 7870
f 7870 3881 3880
f 3882 7869 3881
f 7869 3880 3881
f 3882 3881 7871
f 7871 271 3882
f 252 3568 7872
f 7872 3884 252
f 3568 931 7873
f 7873 3883 3568
f 3884 7872 3883
f 7872 3568 3883
f 3884 3883 7874
f 7874 1008 3884
f 931 3573 7875
f 7875 3886 931
f 3573 24 7876
f 7876 3885 3573
f 3886 7875 3885
f 7875 3573 3885
f 3886 3885 7877
f 7877 1007 3886
f 1008 7874 3887
f 7874 3883 3887
f 3883 7873 3886
f 7873 931 3886
f 3887 3883 7878
f 7878 3883 3886
f 3887 7878 1007
f 7878 3886 1007
f 1008 3887 7879
f 7879 3889 1008
f 3887 1007 7880
f 7880 3888 3887
f 3889 7879 3888
f 7879 3887 3888
f 3889 3888 7881
f 7881 270 3889
f 271 7871 3891
f 7871 3881 3891
f 3881 7870 3890
f 7870 1005 3890
f 3891 3881 7882
f 7882 3881 3890
f 3891 7882 1009
f 7882 3890 1009
f 1005 7867 3892
f 7867 3878 3892
f 3878 7866 3884
f 7866 252 3884
f 3892 3878 7883
f 7883 3878 3884
f 3892 7883 1008
f 7883 3884 1008
f 1009 3890 7884
f 7884 3890 3893
f 3890 1005 7885
f 7885 1005 3892
f 3893 3890 7885
f 7885 3892 3893
f 3893 3892 7886
f 7886 3892 1008
f 1009 7884 3894
f 7884 3893 3894
f 3893 7886 3889
f 7886 1008 3889
f 3894 3893 7887
f 7887 3893 3889
f 3894 7887 270
f 7887 3889 270
f 271 3891 7888
f 7888 3896 271
f 3891 1009 7889
f 7889 3895 3891
f 3896 7888 3895
f 7888 3891 3895
f 3896 3895 7890
f 7890 1011 3896
f 1009 3894 7891
f 7891 3898 1009
f 3894 270 7892
f 7892 3897 3894
f 3898 7891 3897
f 7891 3894 3897
f 3898 3897 7893
f 7893 1010 3898
f 1011 7890 3899
f 7890 3895 3899
f 3895 7889 3898
f 7889 1009 3898
f 3899 3895 7894
f 7894 3895 3898
f 3899 7894 1010
f 7894 3898 1010
f 1011 3899 7895
f 7895 3901 1011
f 3899 1010 7896
f 7896 3900 3899
f 3901 7895 3900
f 7895 3899 3900
f 3901 3900 7897
f 7897 77 3901
f 78 7861 3903
f 7861 3874 3903
f 3874 7860 3902
f 7860 1003 3902
f 3903 3874 7898
f 7898 3874 3902
f 3903 7898 1013
f 7898 3902 1013
f 1003 7857 3905
f 7857 3871 3905
f 3871 7856 3904
f 7856 268 3904
f 3905 3871 7899
f 7899 3871 3904
f 3905 7899 1012
f 7899 3904 1012
f 1013 3902 7900
f 7900 3902 3906
f 3902 1003 7901
f 7901 1003 3905
f 3906 3902 7901
f 7901 3905 3906
f 3906 3905 7902
f 7902 3905 1012
f 1013 7900 3908
f 7900 3906 3908
f 3906 7902 3907
f 7902 1012 3907
f 3908 3906 7903
f 7903 3906 3907
f 3908 7903 272
f 7903 3907 272
f 268 7845 3910
f 7845 3862 3910
f 3862 7844 3909
f 7844 1000 3909
f 3910 3862 7904
f 7904 3862 3909
f 3910 7904 1014
f 7904 3909 1014
f 1000 7841 3911
f 7841 3859 3911
f 3859 7840 3877
f 7840 73 3877
f 3911 3859 7905
f 7905 3859 3877
f 3911 7905 1006
f 7905 3877 1006
f 1014 3909 7906
f 7906 3909 3912
f 3909 1000 7907
f 7907 1000 3911
f 3912 3909 7907
f 7907 3911 3912
f 3912 3911 7908
f 7908 3911 1006
f 1014 7906 3913
f 7906 3912 3913
f 3912 7908 3882
f 7908 1006 3882
f 3913 3912 7909
f 7909 3912 3882
f 3913 7909 271
f 7909 3882 271
f 272 3907 7910
f 7910 3907 3915
f 3907 1012 7911
f 7911 1012 3914
f 3915 3907 7911
f 7911 3914 3915
f 3915 3914 7912
f 7912 3914 1015
f 1012 3904 7913
f 7913 3904 3916
f 3904 268 7914
f 7914 268 3910
f 3916 3904 7914
f 7914 3910 3916
f 3916 3910 7915
f 7915 3910 1014
f 1015 3914 7916
f 7916 3917 1015
f 3914 1012 7913
f 7913 3916 3914
f 3917 7916 3916
f 7916 3914 3916
f 3917 3916 7915
f 7915 1014 3917
f 1015 3917 7917
f 7917 3917 3918
f 3917 1014 7918
f 7918 1014 3913
f 3918 3917 7918
f 7918 3913 3918
f 3918 3913 7919
f 7919 3913 271
f 272 7910 3920
f 7910 3915 3920
f 3915 7912 3919
f 7912 1015 3919
f 3920 3915 7920
f 7920 3915 3919
f 3920 7920 1016
f 7920 3919 1016
f 1015 7917 3921
f 7917 3918 3921
f 3918 7919 3896
f 7919 271 3896
f 3921 3918 7921
f 7921 3918 3896
f 3921 7921 1011
f 7921 3896 1011
f 1016 3919 7922
f 7922 3919 3922
f 3919 1015 7923
f 7923 1015 3921
f 3922 3919 7923
f 7923 3921 3922
f 3922 3921 7924
f 7924 3921 1011
f 1016 7922 3923
f 7922 3922 3923
f 3922 7924 3901
f 7924 1011 3901
f 3923 3922 7925
f 7925 3922 3901
f 3923 7925 77
f 7925 3901 77
f 78 3903 7926
f 7926 3925 78
f 3903 1013 7927
f 7927 3924 3903
f 3925 7926 3924
f 7926 3903 3924
f 3925 3924 7928
f 7928 1018 3925
f 1013 3908 7929
f 7929 3927 1013
f 3908 272 7930
f 7930 3926 3908
f 3927 7929 3926
f 7929 3908 3926
f 3927 3926 7931
f 7931 1017 3927
f 1018 7928 3928
f 7928 3924 3928
f 3924 7927 3927
f 7927 1013 3927
f 3928 3924 7932
f 7932 3924 3927
f 3928 7932 1017
f 7932 3927 1017
f 1018 3928 7933
f 7933 3930 1018
f 3928 1017 7934
f 7934 3929 3928
f 3930 7933 3929
f 7933 3928 3929
f 3930 3929 7935
f 7935 274 3930
f 272 3920 7936
f 7936 3932 272
f 3920 1016 7937
f 7937 3931 3920
f 3932 7936 3931
f 7936 3920 3931
f 3932 3931 7938
f 7938 1020 3932
f 1016 3923 7939
f 7939 3934 1016
f 3923 77 7940
f 7940 3933 3923
f 3934 7939 3933
f 7939 3923 3933
f 3934 3933 7941
f 7941 1019 3934
f 1020 7938 3935
f 7938 3931 3935
f 3931 7937 3934
f 7937 1016 3934
f 3935 3931 7942
f 7942 3931 3934
f 3935 7942 1019
f 7942 3934 1019
f 1020 3935 7943
f 7943 3937 1020
f 3935 1019 7944
f 7944 3936 3935
f 3937 7943 3936
f 7943 3935 3936
f 3937 3936 7945
f 7945 273 3937
f 274 7935 3939
f 7935 3929 3939
f 3929 7934 3938
f 7934 1017 3938
f 3939 3929 7946
f 7946 3929 3938
f 3939 7946 1021
f 7946 3938 1021
f 1017 7931 3940
f 7931 3926 3940
f 3926 7930 3932
f 7930 272 3932
f 3940 3926 7947
f 7947 3926 3932
f 3940 7947 1020
f 7947 3932 1020
f 1021 3938 7948
f 7948 3938 3941
f 3938 1017 7949
f 7949 1017 3940
f 3941 3938 7949
f 7949 3940 3941
f 3941 3940 7950
f 7950 3940 1020
f 1021 7948 3942
f 7948 3941 3942
f 3941 7950 3937
f 7950 1020 3937
f 3942 3941 7951
f 7951 3941 3937
f 3942 7951 273
f 7951 3937 273
f 274 3939 7952
f 7952 3944 274
f 3939 1021 7953
f 7953 3943 3939
f 3944 7952 3943
f 7952 3939 3943
f 3944 3943 7954
f 7954 1023 3944
f 1021 3942 7955
f 7955 3946 1021
f 3942 273 7956
f 7956 3945 3942
f 3946 7955 3945
f 7955 3942 3945
f 3946 3945 7957
f 7957 1022 3946
f 1023 7954 3947
f 7954 3943 3947
f 3943 7953 3946
f 7953 1021 3946
f 3947 3943 7958
f 7958 3943 3946
f 3947 7958 1022
f 7958 3946 1022
f 1023 3947 7959
f 7959 3949 1023
f 3947 1022 7960
f 7960 3948 3947
f 3949 7959 3948
f 7959 3947 3948
f 3949 3948 7961
f 7961 25 3949
f 24 3759 7962
f 7962 3951 24
f 3759 977 7963
f 7963 3950 3759
f 3951 7962 3950
f 7962 3759 3950
f 3951 3950 7964
f 7964 1025 3951
f 977 3764 7965
f 7965 3953 977
f 3764 264 7966
f 7966 3952 3764
f 3953 7965 3952
f 7965 3764 3952
f 3953 3952 7967
f 7967 1024 3953
f 1025 7964 3954
f 7964 3950 3954
f 3950 7963 3953
f 7963 977 3953
f 3954 3950 7968
f 7968 3950 3953
f 3954 7968 1024
f 7968 3953 1024
f 1025 3954 7969
f 7969 3956 1025
f 3954 1024 7970
f 7970 3955 3954
f 3956 7969 3955
f 7969 3954 3955
f 3956 3955 7971
f 7971 276 3956
f 264 3778 7972
f 7972 3958 264
f 3778 982 7973
f 7973 3957 3778
f 3958 7972 3957
f 7972 3778 3957
f 3958 3957 7974
f 7974 1027 3958
f 982 3783 7975
f 7975 3960 982
f 3783 76 7976
f 7976 3959 3783
f 3960 7975 3959
f 7975 3783 3959
f 3960 3959 7977
f 7977 1026 3960
f 1027 7974 3961
f 7974 3957 3961
f 3957 7973 3960
f 7973 982 3960
f 3961 3957 7978
f 7978 3957 3960
f 3961 7978 1026
f 7978 3960 1026
f 1027 3961 7979
f 7979 3963 1027
f 3961 1026 7980
f 7980 3962 3961
f 3963 7979 3962
f 7979 3961 3962
f 3963 3962 7981
f 7981 275 3963
f 276 7971 3965
f 7971 3955 3965
f 3955 7970 3964
f 7970 1024 3964
f 3965 3955 7982
f 7982 3955 3964
f 3965 7982 1028
f 7982 3964 1028
f 1024 7967 3966
f 7967 3952 3966
f 3952 7966 3958
f 7966 264 3958
f 3966 3952 7983
f 7983 3952 3958
f 3966 7983 1027
f 7983 3958 1027
f 1028 3964 7984
f 7984 3964 3967
f 3964 1024 7985
f 7985 1024 3966
f 3967 3964 7985
f 7985 3966 3967
f 3967 3966 7986
f 7986 3966 1027
f 1028 7984 3968
f 7984 3967 3968
f 3967 7986 3963
f 7986 1027 3963
f 3968 3967 7987
f 7987 3967 3963
f 3968 7987 275
f 7987 3963 275
f 276 3965 7988
f 7988 3970 276
f 3965 1028 7989
f 7989 3969 3965
f 3970 7988 3969
f 7988 3965 3969
f 3970 3969 7990
f 7990 1030 3970
f 1028 3968 7991
f 7991 3972 1028
f 3968 275 7992
f 7992 3971 3968
f 3972 7991 3971
f 7991 3968 3971
f 3972 3971 7993
f 7993 1029 3972
f 1030 7990 3973
f 7990 3969 3973
f 3969 7989 3972
f 7989 1028 3972
f 3973 3969 7994
f 7994 3969 3972
f 3973 7994 1029
f 7994 3972 1029
f 1030 3973 7995
f 7995 3975 1030
f 3973 1029 7996
f 7996 3974 3973
f 3975 7995 3974
f 7995 3973 3974
f 3975 3974 7997
f 7997 79 3975
f 76 3829 7998
f 7998 3977 76
f 3829 994 7999
f 7999 3976 3829
f 3977 7998 3976
f 7998 3829 3976
f 3977 3976 8000
f 8000 1032 3977
f 994 3834 8001
f 8001 3979 994
f 3834 267 8002
f 8002 3978 3834
f 3979 8001 3978
f 8001 3834 3978
f 3979 3978 8003
f 8003 1031 3979
f 1032 8000 3980
f 8000 3976 3980
f 3976 7999 3979
f 7999 994 3979
f 3980 3976 8004
f 8004 3976 3979
f 3980 8004 1031
f 8004 3979 1031
f 1032 3980 8005
f 8005 3982 1032
f 3980 1031 8006
f 8006 3981 3980
f 3982 8005 3981
f 8005 3980 3981
f 3982 3981 8007
f 8007 277 3982
f 267 3846 8008
f 8008 3984 267
f 3846 997 8009
f 8009 3983 3846
f 3984 8008 3983
f 8008 3846 3983
f 3984 3983 8010
f 8010 1033 3984
f 997 3849 8011
f 8011 3985 997
f 3849 5 4412
f 4412 1240 3849
f 3985 8011 1240
f 8011 3849 1240
f 3985 1240 4411
f 4411 332 3985
f 1033 8010 3986
f 8010 3983 3986
f 3983 8009 3985
f 8009 997 3985
f 3986 3983 8012
f 8012 3983 3985
f 3986 8012 332
f 8012 3985 332
f 1033 3986 8013
f 8013 3987 1033
f 3986 332 4409
f 4409 1237 3986
f 3987 8013 1237
f 8013 3986 1237
f 3987 1237 4408
f 4408 94 3987
f 277 8007 3989
f 8007 3981 3989
f 3981 8006 3988
f 8006 1031 3988
f 3989 3981 8014
f 8014 3981 3988
f 3989 8014 1034
f 8014 3988 1034
f 1031 8003 3990
f 8003 3978 3990
f 3978 8002 3984
f 8002 267 3984
f 3990 3978 8015
f 8015 3978 3984
f 3990 8015 1033
f 8015 3984 1033
f 1034 3988 8016
f 8016 3988 3991
f 3988 1031 8017
f 8017 1031 3990
f 3991 3988 8017
f 8017 3990 3991
f 3991 3990 8018
f 8018 3990 1033
f 1034 8016 3992
f 8016 3991 3992
f 3991 8018 3987
f 8018 1033 3987
f 3992 3991 8019
f 8019 3991 3987
f 3992 8019 94
f 8019 3987 94
f 277 3989 8020
f 8020 3994 277
f 3989 1034 8021
f 8021 3993 3989
f 3994 8020 3993
f 8020 3989 3993
f 3994 3993 8022
f 8022 1035 3994
f 1034 3992 8023
f 8023 3995 1034
f 3992 94 4402
f 4402 1231 3992
f 3995 8023 1231
f 8023 3992 1231
f 3995 1231 4401
f 4401 329 3995
f 1035 8022 3996
f 8022 3993 3996
f 3993 8021 3995
f 8021 1034 3995
f 3996 3993 8024
f 8024 3993 3995
f 3996 8024 329
f 8024 3995 329
f 1035 3996 8025
f 8025 3997 1035
f 3996 329 4399
f 4399 1228 3996
f 3997 8025 1228
f 8025 3996 1228
f 3997 1228 4398
f 4398 29 3997
f 79 7997 3999
f 7997 3974 3999
f 3974 7996 3998
f 7996 1029 3998
f 3999 3974 8026
f 8026 3974 3998
f 3999 8026 1037
f 8026 3998 1037
f 1029 7993 4001
f 7993 3971 4001
f 3971 7992 4000
f 7992 275 4000
f 4001 3971 8027
f 8027 3971 4000
f 4001 8027 1036
f 8027 4000 1036
f 1037 3998 8028
f 8028 3998 4002
f 3998 1029 8029
f 8029 1029 4001
f 4002 3998 8029
f 8029 4001 4002
f 4002 4001 8030
f 8030 4001 1036
f 1037 8028 4004
f 8028 4002 4004
f 4002 8030 4003
f 8030 1036 4003
f 4004 4002 8031
f 8031 4002 4003
f 4004 8031 278
f 8031 4003 278
f 275 7981 4006
f 7981 3962 4006
f 3962 7980 4005
f 7980 1026 4005
f 4006 3962 8032
f 8032 3962 4005
f 4006 8032 1038
f 8032 4005 1038
f 1026 7977 4007
f 7977 3959 4007
f 3959 7976 3977
f 7976 76 3977
f 4007 3959 8033
f 8033 3959 3977
f 4007 8033 1032
f 8033 3977 1032
f 1038 4005 8034
f 8034 4005 4008
f 4005 1026 8035
f 8035 1026 4007
f 4008 4005 8035
f 8035 4007 4008
f 4008 4007 8036
f 8036 4007 1032
f 1038 8034 4009
f 8034 4008 4009
f 4008 8036 3982
f 8036 1032 3982
f 4009 4008 8037
f 8037 4008 3982
f 4009 8037 277
f 8037 3982 277
f 278 4003 8038
f 8038 4003 4011
f 4003 1036 8039
f 8039 1036 4010
f 4011 4003 8039
f 8039 4010 4011
f 4011 4010 8040
f 8040 4010 1039
f 1036 4000 8041
f 8041 4000 4012
f 4000 275 8042
f 8042 275 4006
f 4012 4000 8042
f 8042 4006 4012
f 4012 4006 8043
f 8043 4006 1038
f 1039 4010 8044
f 8044 4013 1039
f 4010 1036 8041
f 8041 4012 4010
f 4013 8044 4012
f 8044 4010 4012
f 4013 4012 8043
f 8043 1038 4013
f 1039 4013 8045
f 8045 4013 4014
f 4013 1038 8046
f 8046 1038 4009
f 4014 4013 8046
f 8046 4009 4014
f 4014 4009 8047
f 8047 4009 277
f 278 8038 4016
f 8038 4011 4016
f 4011 8040 4015
f 8040 1039 4015
f 4016 4011 8048
f 8048 4011 4015
f 4016 8048 1040
f 8048 4015 1040
f 1039 8045 4017
f 8045 4014 4017
f 4014 8047 3994
f 8047 277 3994
f 4017 4014 8049
f 8049 4014 3994
f 4017 8049 1035
f 8049 3994 1035
f 1040 4015 8050
f 8050 4015 4018
f 4015 1039 8051
f 8051 1039 4017
f 4018 4015 8051
f 8051 4017 4018
f 4018 4017 8052
f 8052 4017 1035
f 1040 8050 4019
f 8050 4018 4019
f 4018 8052 3997
f 8052 1035 3997
f 4019 4018 8053
f 8053 4018 3997
f 4019 8053 29
f 8053 3997 29
f 79 3999 8054
f 8054 4021 79
f 3999 1037 8055
f 8055 4020 3999
f 4021 8054 4020
f 8054 3999 4020
f 4021 4020 8056
f 8056 1042 4021
f 1037 4004 8057
f 8057 4023 1037
f 4004 278 8058
f 8058 4022 4004
f 4023 8057 4022
f 8057 4004 4022
f 4023 4022 8059
f 8059 1041 4023
f 1042 8056 4024
f 8056 4020 4024
f 4020 8055 4023
f 8055 1037 4023
f 4024 4020 8060
f 8060 4020 4023
f 4024 8060 1041
f 8060 4023 1041
f 1042 4024 8061
f 8061 4026 1042
f 4024 1041 8062
f 8062 4025 4024
f 4026 8061 4025
f 8061 4024 4025
f 4026 4025 8063
f 8063 279 4026
f 278 4016 8064
f 8064 4028 278
f 4016 1040 8065
f 8065 4027 4016
f 4028 8064 4027
f 8064 4016 4027
f 4028 4027 8066
f 8066 1043 4028
f 1040 4019 8067
f 8067 4029 1040
f 4019 29 4376
f 4376 1210 4019
f 4029 8067 1210
f 8067 4019 1210
f 4029 1210 4375
f 4375 323 4029
f 1043 8066 4030
f 8066 4027 4030
f 4027 8065 4029
f 8065 1040 4029
f 4030 4027 8068
f 8068 4027 4029
f 4030 8068 323
f 8068 4029 323
f 1043 4030 8069
f 8069 4031 1043
f 4030 323 4373
f 4373 1207 4030
f 4031 8069 1207
f 8069 4030 1207
f 4031 1207 4372
f 4372 91 4031
f 279 8063 4033
f 8063 4025 4033
f 4025 8062 4032
f 8062 1041 4032
f 4033 4025 8070
f 8070 4025 4032
f 4033 8070 1044
f 8070 4032 1044
f 1041 8059 4034
f 8059 4022 4034
f 4022 8058 4028
f 8058 278 4028
f 4034 4022 8071
f 8071 4022 4028
f 4034 8071 1043
f 8071 4028 1043
f 1044 4032 8072
f 8072 4032 4035
f 4032 1041 8073
f 8073 1041 4034
f 4035 4032 8073
f 8073 4034 4035
f 4035 4034 8074
f 8074 4034 1043
f 1044 8072 4036
f 8072 4035 4036
f 4035 8074 4031
f 8074 1043 4031
f 4036 4035 8075
f 8075 4035 4031
f 4036 8075 91
f 8075 4031 91
f 279 4033 8076
f 8076 4038 279
f 4033 1044 8077
f 8077 4037 4033
f 4038 8076 4037
f 8076 4033 4037
f 4038 4037 8078
f 8078 1045 4038
f 1044 4036 8079
f 8079 4039 1044
f 4036 91 4366
f 4366 1201 4036
f 4039 8079 1201
f 8079 4036 1201
f 4039 1201 4365
f 4365 320 4039
f 1045 8078 4040
f 8078 4037 4040
f 4037 8077 4039
f 8077 1044 4039
f 4040 4037 8080
f 8080 4037 4039
f 4040 8080 320
f 8080 4039 320
f 1045 4040 8081
f 8081 4041 1045
f 4040 320 4363
f 4363 1198 4040
f 4041 8081 1198
f 8081 4040 1198
f 4041 1198 4362
f 4362 10 4041
f 25 7961 4043
f 7961 3948 4043
f 3948 7960 4042
f 7960 1022 4042
f 4043 3948 8082
f 8082 3948 4042
f 4043 8082 1047
f 8082 4042 1047
f 1022 7957 4045
f 7957 3945 4045
f 3945 7956 4044
f 7956 273 4044
f 4045 3945 8083
f 8083 3945 4044
f 4045 8083 1046
f 8083 4044 1046
f 1047 4042 8084
f 8084 4042 4046
f 4042 1022 8085
f 8085 1022 4045
f 4046 4042 8085
f 8085 4045 4046
f 4046 4045 8086
f 8086 4045 1046
f 1047 8084 4048
f 8084 4046 4048
f 4046 8086 4047
f 8086 1046 4047
f 4048 4046 8087
f 8087 4046 4047
f 4048 8087 281
f 8087 4047 281
f 273 7945 4050
f 7945 3936 4050
f 3936 7944 4049
f 7944 1019 4049
f 4050 3936 8088
f 8088 3936 4049
f 4050 8088 1049
f 8088 4049 1049
f 1019 7941 4052
f 7941 3933 4052
f 3933 7940 4051
f 7940 77 4051
f 4052 3933 8089
f 8089 3933 4051
f 4052 8089 1048
f 8089 4051 1048
f 1049 4049 8090
f 8090 4049 4053
f 4049 1019 8091
f 8091 1019 4052
f 4053 4049 8091
f 8091 4052 4053
f 4053 4052 8092
f 8092 4052 1048
f 1049 8090 4055
f 8090 4053 4055
f 4053 8092 4054
f 8092 1048 4054
f 4055 4053 8093
f 8093 4053 4054
f 4055 8093 280
f 8093 4054 280
f 281 4047 8094
f 8094 4047 4057
f 4047 1046 8095
f 8095 1046 4056
f 4057 4047 8095
f 8095 4056 4057
f 4057 4056 8096
f 8096 4056 1050
f 1046 4044 8097
f 8097 4044 4058
f 4044 273 8098
f 8098 273 4050
f 4058 4044 8098
f 8098 4050 4058
f 4058 4050 8099
f 8099 4050 1049
f 1050 4056 8100
f 8100 4059 1050
f 4056 1046 8097
f 8097 4058 4056
f 4059 8100 4058
f 8100 4056 4058
f 4059 4058 8099
f 8099 1049 4059
f 1050 4059 8101
f 8101 4059 4060
f 4059 1049 8102
f 8102 1049 4055
f 4060 4059 8102
f 8102 4055 4060
f 4060 4055 8103
f 8103 4055 280
f 281 8094 4062
f 8094 4057 4062
f 4057 8096 4061
f 8096 1050 4061
f 4062 4057 8104
f 8104 4057 4061
f 4062 8104 1052
f 8104 4061 1052
f 1050 8101 4064
f 8101 4060 4064
f 4060 8103 4063
f 8103 280 4063
f 4064 4060 8105
f 8105 4060 4063
f 4064 8105 1051
f 8105 4063 1051
f 1052 4061 8106
f 8106 4061 4065
f 4061 1050 8107
f 8107 1050 4064
f 4065 4061 8107
f 8107 4064 4065
f 4065 4064 8108
f 8108 4064 1051
f 1052 8106 4067
f 8106 4065 4067
f 4065 8108 4066
f 8108 1051 4066
f 4067 4065 8109
f 8109 4065 4066
f 4067 8109 80
f 8109 4066 80
f 77 7897 4069
f 7897 3900 4069
f 3900 7896 4068
f 7896 1010 4068
f 4069 3900 8110
f 8110 3900 4068
f 4069 8110 1054
f 8110 4068 1054
f 1010 7893 4071
f 7893 3897 4071
f 3897 7892 4070
f 7892 270 4070
f 4071 3897 8111
f 8111 3897 4070
f 4071 8111 1053
f 8111 4070 1053
f 1054 4068 8112
f 8112 4068 4072
f 4068 1010 8113
f 8113 1010 4071
f 4072 4068 8113
f 8113 4071 4072
f 4072 4071 8114
f 8114 4071 1053
f 1054 8112 4074
f 8112 4072 4074
f 4072 8114 4073
f 8114 1053 4073
f 4074 4072 8115
f 8115 4072 4073
f 4074 8115 282
f 8115 4073 282
f 270 7881 4076
f 7881 3888 4076
f 3888 7880 4075
f 7880 1007 4075
f 4076 3888 8116
f 8116 3888 4075
f 4076 8116 1055
f 8116 4075 1055
f 1007 7877 4077
f 7877 3885 4077
f 3885 7876 3951
f 7876 24 3951
f 4077 3885 8117
f 8117 3885 3951
f 4077 8117 1025
f 8117 3951 1025
f 1055 4075 8118
f 8118 4075 4078
f 4075 1007 8119
f 8119 1007 4077
f 4078 4075 8119
f 8119 4077 4078
f 4078 4077 8120
f 8120 4077 1025
f 1055 8118 4079
f 8118 4078 4079
f 4078 8120 3956
f 8120 1025 3956
f 4079 4078 8121
f 8121 4078 3956
f 4079 8121 276
f 8121 3956 276
f 282 4073 8122
f 8122 4073 4081
f 4073 1053 8123
f 8123 1053 4080
f 4081 4073 8123
f 8123 4080 4081
f 4081 4080 8124
f 8124 4080 1056
f 1053 4070 8125
f 8125 4070 4082
f 4070 270 8126
f 8126 270 4076
f 4082 4070 8126
f 8126 4076 4082
f 4082 4076 8127
f 8127 4076 1055
f 1056 4080 8128
f 8128 4083 1056
f 4080 1053 8125
f 8125 4082 4080
f 4083 8128 4082
f 8128 4080 4082
f 4083 4082 8127
f 8127 1055 4083
f 1056 4083 8129
f 8129 4083 4084
f 4083 1055 8130
f 8130 1055 4079
f 4084 4083 8130
f 8130 4079 4084
f 4084 4079 8131
f 8131 4079 276
f 282 8122 4086
f 8122 4081 4086
f 4081 8124 4085
f 8124 1056 4085
f 4086 4081 8132
f 8132 4081 4085
f 4086 8132 1057
f 8132 4085 1057
f 1056 8129 4087
f 8129 4084 4087
f 4084 8131 3970
f 8131 276 3970
f 4087 4084 8133
f 8133 4084 3970
f 4087 8133 1030
f 8133 3970 1030
f 1057 4085 8134
f 8134 4085 4088
f 4085 1056 8135
f 8135 1056 4087
f 4088 4085 8135
f 8135 4087 4088
f 4088 4087 8136
f 8136 4087 1030
f 1057 8134 4089
f 8134 4088 4089
f 4088 8136 3975
f 8136 1030 3975
f 4089 4088 8137
f 8137 4088 3975
f 4089 8137 79
f 8137 3975 79
f 80 4066 8138
f 8138 4066 4091
f 4066 1051 8139
f 8139 1051 4090
f 4091 4066 8139
f 8139 4090 4091
f 4091 4090 8140
f 8140 4090 1059
f 1051 4063 8141
f 8141 4063 4093
f 4063 280 8142
f 8142 280 4092
f 4093 4063 8142
f 8142 4092 4093
f 4093 4092 8143
f 8143 4092 1058
f 1059 4090 8144
f 8144 4094 1059
f 4090 1051 8141
f 8141 4093 4090
f 4094 8144 4093
f 8144 4090 4093
f 4094 4093 8143
f 8143 1058 4094
f 1059 4094 8145
f 8145 4094 4096
f 4094 1058 8146
f 8146 1058 4095
f 4096 4094 8146
f 8146 4095 4096
f 4096 4095 8147
f 8147 4095 283
f 280 4054 8148
f 8148 4054 4098
f 4054 1048 8149
f 8149 1048 4097
f 4098 4054 8149
f 8149 4097 4098
f 4098 4097 8150
f 8150 4097 1060
f 1048 4051 8151
f 8151 4051 4099
f 4051 77 8152
f 8152 77 4069
f 4099 4051 8152
f 8152 4069 4099
f 4099 4069 8153
f 8153 4069 1054
f 1060 4097 8154
f 8154 4100 1060
f 4097 1048 8151
f 8151 4099 4097
f 4100 8154 4099
f 8154 4097 4099
f 4100 4099 8153
f 8153 1054 4100
f 1060 4100 8155
f 8155 4100 4101
f 4100 1054 8156
f 8156 1054 4074
f 4101 4100 8156
f 8156 4074 4101
f 4101 4074 8157
f 8157 4074 282
f 283 4095 8158
f 8158 4103 283
f 4095 1058 8159
f 8159 4102 4095
f 4103 8158 4102
f 8158 4095 4102
f 4103 4102 8160
f 8160 1061 4103
f 1058 4092 8161
f 8161 4104 1058
f 4092 280 8148
f 8148 4098 4092
f 4104 8161 4098
f 8161 4092 4098
f 4104 4098 8150
f 8150 1060 4104
f 1061 8160 4105
f 8160 4102 4105
f 4102 8159 4104
f 8159 1058 4104
f 4105 4102 8162
f 8162 4102 4104
f 4105 8162 1060
f 8162 4104 1060
f 1061 4105 8163
f 8163 4106 1061
f 4105 1060 8155
f 8155 4101 4105
f 4106 8163 4101
f 8163 4105 4101
f 4106 4101 8157
f 8157 282 4106
f 283 4103 8164
f 8164 4103 4108
f 4103 1061 8165
f 8165 1061 4107
f 4108 4103 8165
f 8165 4107 4108
f 4108 4107 8166
f 8166 4107 1062
f 1061 4106 8167
f 8167 4106 4109
f 4106 282 8168
f 8168 282 4086
f 4109 4106 8168
f 8168 4086 4109
f 4109 4086 8169
f 8169 4086 1057
f 1062 4107 8170
f 8170 4110 1062
f 4107 1061 8167
f 8167 4109 4107
f 4110 8170 4109
f 8170 4107 4109
f 4110 4109 8169
f 8169 1057 4110
f 1062 4110 8171
f 8171 4110 4111
f 4110 1057 8172
f 8172 1057 4089
f 4111 4110 8172
f 8172 4089 4111
f 4111 4089 8173
f 8173 4089 79
f 80 8138 4113
f 8138 4091 4113
f 4091 8140 4112
f 8140 1059 4112
f 4113 4091 8174
f 8174 4091 4112
f 4113 8174 1064
f 8174 4112 1064
f 1059 8145 4115
f 8145 4096 4115
f 4096 8147 4114
f 8147 283 4114
f 4115 4096 8175
f 8175 4096 4114
f 4115 8175 1063
f 8175 4114 1063
f 1064 4112 8176
f 8176 4112 4116
f 4112 1059 8177
f 8177 1059 4115
f 4116 4112 8177
f 8177 4115 4116
f 4116 4115 8178
f 8178 4115 1063
f 1064 8176 4118
f 8176 4116 4118
f 4116 8178 4117
f 8178 1063 4117
f 4118 4116 8179
f 8179 4116 4117
f 4118 8179 284
f 8179 4117 284
f 283 8164 4120
f 8164 4108 4120
f 4108 8166 4119
f 8166 1062 4119
f 4120 4108 8180
f 8180 4108 4119
f 4120 8180 1065
f 8180 4119 1065
f 1062 8171 4121
f 8171 4111 4121
f 4111 8173 4021
f 8173 79 4021
f 4121 4111 8181
f 8181 4111 4021
f 4121 8181 1042
f 8181 4021 1042
f 1065 4119 8182
f 8182 4119 4122
f 4119 1062 8183
f 8183 1062 4121
f 4122 4119 8183
f 8183 4121 4122
f 4122 4121 8184
f 8184 4121 1042
f 1065 8182 4123
f 8182 4122 4123
f 4122 8184 4026
f 8184 1042 4026
f 4123 4122 8185
f 8185 4122 4026
f 4123 8185 279
f 8185 4026 279
f 284 4117 8186
f 8186 4117 4125
f 4117 1063 8187
f 8187 1063 4124
f 4125 4117 8187
f 8187 4124 4125
f 4125 4124 8188
f 8188 4124 1066
f 1063 4114 8189
f 8189 4114 4126
f 4114 283 8190
f 8190 283 4120
f 4126 4114 8190
f 8190 4120 4126
f 4126 4120 8191
f 8191 4120 1065
f 1066 4124 8192
f 8192 4127 1066
f 4124 1063 8189
f 8189 4126 4124
f 4127 8192 4126
f 8192 4124 4126
f 4127 4126 8191
f 8191 1065 4127
f 1066 4127 8193
f 8193 4127 4128
f 4127 1065 8194
f 8194 1065 4123
f 4128 4127 8194
f 8194 4123 4128
f 4128 4123 8195
f 8195 4123 279
f 284 8186 4130
f 8186 4125 4130
f 4125 8188 4129
f 8188 1066 4129
f 4130 4125 8196
f 8196 4125 4129
f 4130 8196 1067
f 8196 4129 1067
f 1066 8193 4131
f 8193 4128 4131
f 4128 8195 4038
f 8195 279 4038
f 4131 4128 8197
f 8197 4128 4038
f 4131 8197 1045
f 8197 4038 1045
f 1067 4129 8198
f 8198 4129 4132
f 4129 1066 8199
f 8199 1066 4131
f 4132 4129 8199
f 8199 4131 4132
f 4132 4131 8200
f 8200 4131 1045
f 1067 8198 4133
f 8198 4132 4133
f 4132 8200 4041
f 8200 1045 4041
f 4133 4132 8201
f 8201 4132 4041
f 4133 8201 10
f 8201 4041 10
f 25 4043 8202
f 8202 4135 25
f 4043 1047 8203
f 8203 4134 4043
f 4135 8202 4134
f 8202 4043 4134
f 4135 4134 8204
f 8204 1069 4135
f 1047 4048 8205
f 8205 4137 1047
f 4048 281 8206
f 8206 4136 4048
f 4137 8205 4136
f 8205 4048 4136
f 4137 4136 8207
f 8207 1068 4137
f 1069 8204 4138
f 8204 4134 4138
f 4134 8203 4137
f 8203 1047 4137
f 4138 4134 8208
f 8208 4134 4137
f 4138 8208 1068
f 8208 4137 1068
f 1069 4138 8209
f 8209 4140 1069
f 4138 1068 8210
f 8210 4139 4138
f 4140 8209 4139
f 8209 4138 4139
f 4140 4139 8211
f 8211 286 4140
f 281 4062 8212
f 8212 4142 281
f 4062 1052 8213
f 8213 4141 4062
f 4142 8212 4141
f 8212 4062 4141
f 4142 4141 8214
f 8214 1071 4142
f 1052 4067 8215
f 8215 4144 1052
f 4067 80 8216
f 8216 4143 4067
f 4144 8215 4143
f 8215 4067 4143
f 4144 4143 8217
f 8217 1070 4144
f 1071 8214 4145
f 8214 4141 4145
f 4141 8213 4144
f 8213 1052 4144
f 4145 4141 8218
f 8218 4141 4144
f 4145 8218 1070
f 8218 4144 1070
f 1071 4145 8219
f 8219 4147 1071
f 4145 1070 8220
f 8220 4146 4145
f 4147 8219 4146
f 8219 4145 4146
f 4147 4146 8221
f 8221 285 4147
f 286 8211 4149
f 8211 4139 4149
f 4139 8210 4148
f 8210 1068 4148
f 4149 4139 8222
f 8222 4139 4148
f 4149 8222 1072
f 8222 4148 1072
f 1068 8207 4150
f 8207 4136 4150
f 4136 8206 4142
f 8206 281 4142
f 4150 4136 8223
f 8223 4136 4142
f 4150 8223 1071
f 8223 4142 1071
f 1072 4148 8224
f 8224 4148 4151
f 4148 1068 8225
f 8225 1068 4150
f 4151 4148 8225
f 8225 4150 4151
f 4151 4150 8226
f 8226 4150 1071
f 1072 8224 4152
f 8224 4151 4152
f 4151 8226 4147
f 8226 1071 4147
f 4152 4151 8227
f 8227 4151 4147
f 4152 8227 285
f 8227 4147 285
f 286 4149 8228
f 8228 4154 286
f 4149 1072 8229
f 8229 4153 4149
f 4154 8228 4153
f 8228 4149 4153
f 4154 4153 8230
f 8230 1074 4154
f 1072 4152 8231
f 8231 4156 1072
f 4152 285 8232
f 8232 4155 4152
f 4156 8231 4155
f 8231 4152 4155
f 4156 4155 8233
f 8233 1073 4156
f 1074 8230 4157
f 8230 4153 4157
f 4153 8229 4156
f 8229 1072 4156
f 4157 4153 8234
f 8234 4153 4156
f 4157 8234 1073
f 8234 4156 1073
f 1074 4157 8235
f 8235 4159 1074
f 4157 1073 8236
f 8236 4158 4157
f 4159 8235 4158
f 8235 4157 4158
f 4159 4158 8237
f 8237 81 4159
f 80 4113 8238
f 8238 4161 80
f 4113 1064 8239
f 8239 4160 4113
f 4161 8238 4160
f 8238 4113 4160
f 4161 4160 8240
f 8240 1076 4161
f 1064 4118 8241
f 8241 4163 1064
f 4118 284 8242
f 8242 4162 4118
f 4163 8241 4162
f 8241 4118 4162
f 4163 4162 8243
f 8243 1075 4163
f 1076 8240 4164
f 8240 4160 4164
f 4160 8239 4163
f 8239 1064 4163
f 4164 4160 8244
f 8244 4160 4163
f 4164 8244 1075
f 8244 4163 1075
f 1076 4164 8245
f 8245 4166 1076
f 4164 1075 8246
f 8246 4165 4164
f 4166 8245 4165
f 8245 4164 4165
f 4166 4165 8247
f 8247 287 4166
f 284 4130 8248
f 8248 4168 284
f 4130 1067 8249
f 8249 4167 4130
f 4168 8248 4167
f 8248 4130 4167
f 4168 4167 8250
f 8250 1077 4168
f 1067 4133 8251
f 8251 4169 1067
f 4133 10 4276
f 4276 1132 4133
f 4169 8251 1132
f 8251 4133 1132
f 4169 1132 4275
f 4275 302 4169
f 1077 8250 4170
f 8250 4167 4170
f 4167 8249 4169
f 8249 1067 4169
f 4170 4167 8252
f 8252 4167 4169
f 4170 8252 302
f 8252 4169 302
f 1077 4170 8253
f 8253 4171 1077
f 4170 302 4273
f 4273 1129 4170
f 4171 8253 1129
f 8253 4170 1129
f 4171 1129 4272
f 4272 85 4171
f 287 8247 4173
f 8247 4165 4173
f 4165 8246 4172
f 8246 1075 4172
f 4173 4165 8254
f 8254 4165 4172
f 4173 8254 1078
f 8254 4172 1078
f 1075 8243 4174
f 8243 4162 4174
f 4162 8242 4168
f 8242 284 4168
f 4174 4162 8255
f 8255 4162 4168
f 4174 8255 1077
f 8255 4168 1077
f 1078 4172 8256
f 8256 4172 4175
f 4172 1075 8257
f 8257 1075 4174
f 4175 4172 8257
f 8257 4174 4175
f 4175 4174 8258
f 8258 4174 1077
f 1078 8256 4176
f 8256 4175 4176
f 4175 8258 4171
f 8258 1077 4171
f 4176 4175 8259
f 8259 4175 4171
f 4176 8259 85
f 8259 4171 85
f 287 4173 8260
f 8260 4178 287
f 4173 1078 8261
f 8261 4177 4173
f 4178 8260 4177
f 8260 4173 4177
f 4178 4177 8262
f 8262 1079 4178
f 1078 4176 8263
f 8263 4179 1078
f 4176 85 4266
f 4266 1123 4176
f 4179 8263 1123
f 8263 4176 1123
f 4179 1123 4265
f 4265 299 4179
f 1079 8262 4180
f 8262 4177 4180
f 4177 8261 4179
f 8261 1078 4179
f 4180 4177 8264
f 8264 4177 4179
f 4180 8264 299
f 8264 4179 299
f 1079 4180 8265
f 8265 4181 1079
f 4180 299 4263
f 4263 1120 4180
f 4181 8265 1120
f 8265 4180 1120
f 4181 1120 4262
f 4262 26 4181
f 81 8237 4183
f 8237 4158 4183
f 4158 8236 4182
f 8236 1073 4182
f 4183 4158 8266
f 8266 4158 4182
f 4183 8266 1081
f 8266 4182 1081
f 1073 8233 4185
f 8233 4155 4185
f 4155 8232 4184
f 8232 285 4184
f 4185 4155 8267
f 8267 4155 4184
f 4185 8267 1080
f 8267 4184 1080
f 1081 4182 8268
f 8268 4182 4186
f 4182 1073 8269
f 8269 1073 4185
f 4186 4182 8269
f 8269 4185 4186
f 4186 4185 8270
f 8270 4185 1080
f 1081 8268 4188
f 8268 4186 4188
f 4186 8270 4187
f 8270 1080 4187
f 4188 4186 8271
f 8271 4186 4187
f 4188 8271 288
f 8271 4187 288
f 285 8221 4190
f 8221 4146 4190
f 4146 8220 4189
f 8220 1070 4189
f 4190 4146 8272
f 8272 4146 4189
f 4190 8272 1082
f 8272 4189 1082
f 1070 8217 4191
f 8217 4143 4191
f 4143 8216 4161
f 8216 80 4161
f 4191 4143 8273
f 8273 4143 4161
f 4191 8273 1076
f 8273 4161 1076
f 1082 4189 8274
f 8274 4189 4192
f 4189 1070 8275
f 8275 1070 4191
f 4192 4189 8275
f 8275 4191 4192
f 4192 4191 8276
f 8276 4191 1076
f 1082 8274 4193
f 8274 4192 4193
f 4192 8276 4166
f 8276 1076 4166
f 4193 4192 8277
f 8277 4192 4166
f 4193 8277 287
f 8277 4166 287
f 288 4187 8278
f 8278 4187 4195
f 4187 1080 8279
f 8279 1080 4194
f 4195 4187 8279
f 8279 4194 4195
f 4195 4194 8280
f 8280 4194 1083
f 1080 4184 8281
f 8281 4184 4196
f 4184 285 8282
f 8282 285 4190
f 4196 4184 8282
f 8282 4190 4196
f 4196 4190 8283
f 8283 4190 1082
f 1083 4194 8284
f 8284 4197 1083
f 4194 1080 8281
f 8281 4196 4194
f 4197 8284 4196
f 8284 4194 4196
f 4197 4196 8283
f 8283 1082 4197
f 1083 4197 8285
f 8285 4197 4198
f 4197 1082 8286
f 8286 1082 4193
f 4198 4197 8286
f 8286 4193 4198
f 4198 4193 8287
f 8287 4193 287
f 288 8278 4200
f 8278 4195 4200
f 4195 8280 4199
f 8280 1083 4199
f 4200 4195 8288
f 8288 4195 4199
f 4200 8288 1084
f 8288 4199 1084
f 1083 8285 4201
f 8285 4198 4201
f 4198 8287 4178
f 8287 287 4178
f 4201 4198 8289
f 8289 4198 4178
f 4201 8289 1079
f 8289 4178 1079
f 1084 4199 8290
f 8290 4199 4202
f 4199 1083 8291
f 8291 1083 4201
f 4202 4199 8291
f 8291 4201 4202
f 4202 4201 8292
f 8292 4201 1079
f 1084 8290 4203
f 8290 4202 4203
f 4202 8292 4181
f 8292 1079 4181
f 4203 4202 8293
f 8293 4202 4181
f 4203 8293 26
f 8293 4181 26
f 81 4183 8294
f 8294 4205 81
f 4183 1081 8295
f 8295 4204 4183
f 4205 8294 4204
f 8294 4183 4204
f 4205 4204 8296
f 8296 1086 4205
f 1081 4188 8297
f 8297 4207 1081
f 4188 288 8298
f 8298 4206 4188
f 4207 8297 4206
f 8297 4188 4206
f 4207 4206 8299
f 8299 1085 4207
f 1086 8296 4208
f 8296 4204 4208
f 4204 8295 4207
f 8295 1081 4207
f 4208 4204 8300
f 8300 4204 4207
f 4208 8300 1085
f 8300 4207 1085
f 1086 4208 8301
f 8301 4210 1086
f 4208 1085 8302
f 8302 4209 4208
f 4210 8301 4209
f 8301 4208 4209
f 4210 4209 8303
f 8303 289 4210
f 288 4200 8304
f 8304 4212 288
f 4200 1084 8305
f 8305 4211 4200
f 4212 8304 4211
f 8304 4200 4211
f 4212 4211 8306
f 8306 1087 4212
f 1084 4203 8307
f 8307 4213 1084
f 4203 26 4240
f 4240 1102 4203
f 4213 8307 1102
f 8307 4203 1102
f 4213 1102 4239
f 4239 293 4213
f 1087 8306 4214
f 8306 4211 4214
f 4211 8305 4213
f 8305 1084 4213
f 4214 4211 8308
f 8308 4211 4213
f 4214 8308 293
f 8308 4213 293
f 1087 4214 8309
f 8309 4215 1087
f 4214 293 4237
f 4237 1099 4214
f 4215 8309 1099
f 8309 4214 1099
f 4215 1099 4236
f 4236 82 4215
f 289 8303 4217
f 8303 4209 4217
f 4209 8302 4216
f 8302 1085 4216
f 4217 4209 8310
f 8310 4209 4216
f 4217 8310 1088
f 8310 4216 1088
f 1085 8299 4218
f 8299 4206 4218
f 4206 8298 4212
f 8298 288 4212
f 4218 4206 8311
f 8311 4206 4212
f 4218 8311 1087
f 8311 4212 1087
f 1088 4216 8312
f 8312 4216 4219
f 4216 1085 8313
f 8313 1085 4218
f 4219 4216 8313
f 8313 4218 4219
f 4219 4218 8314
f 8314 4218 1087
f 1088 8312 4220
f 8312 4219 4220
f 4219 8314 4215
f 8314 1087 4215
f 4220 4219 8315
f 8315 4219 4215
f 4220 8315 82
f 8315 4215 82
f 289 4217 8316
f 8316 4222 289
f 4217 1088 8317
f 8317 4221 4217
f 4222 8316 4221
f 8316 4217 4221
f 4222 4221 8318
f 8318 1089 4222
f 1088 4220 8319
f 8319 4223 1088
f 4220 82 4230
f 4230 1093 4220
f 4223 8319 1093
f 8319 4220 1093
f 4223 1093 4229
f 4229 290 4223
f 1089 8318 4224
f 8318 4221 4224
f 4221 8317 4223
f 8317 1088 4223
f 4224 4221 8320
f 8320 4221 4223
f 4224 8320 290
f 8320 4223 290
f 1089 4224 8321
f 8321 4225 1089
f 4224 290 4227
f 4227 1090 4224
f 4225 8321 1090
f 8321 4224 1090
f 4225 1090 4226
f 4226 3 4225
